"Node_ID","Node_type","Canonical_name","Synonyms","Description","Degree","Number_of_studies","Number_of_relation_types"
"CAR000001","TherapeuticCargo","AAV-Sirt3",,"A therapeutic molecule, protein, nucleic acid, vesicle, ion, organelle, or other bioactive payload carried by a material platform.",1,1,1
"CAR000002","TherapeuticCargo","ABT263",,"A therapeutic molecule, protein, nucleic acid, vesicle, ion, organelle, or other bioactive payload carried by a material platform.",2,1,2
"CAR000003","TherapeuticCargo","Retinoic acid (RA)",,"A therapeutic molecule, protein, nucleic acid, vesicle, ion, organelle, or other bioactive payload carried by a material platform.",1,1,1
"CAR000004","TherapeuticCargo","AICAR",,"A therapeutic molecule, protein, nucleic acid, vesicle, ion, organelle, or other bioactive payload carried by a material platform.",2,1,2
"CAR000005","TherapeuticCargo","Allicin",,"A therapeutic molecule, protein, nucleic acid, vesicle, ion, organelle, or other bioactive payload carried by a material platform.",1,1,1
"CAR000006","TherapeuticCargo","Astaxanthin",,"A therapeutic molecule, protein, nucleic acid, vesicle, ion, organelle, or other bioactive payload carried by a material platform.",1,1,1
"CAR000007","TherapeuticCargo","BAI1",,"A therapeutic molecule, protein, nucleic acid, vesicle, ion, organelle, or other bioactive payload carried by a material platform.",1,1,1
"CAR000008","TherapeuticCargo","BAK",,"A therapeutic molecule, protein, nucleic acid, vesicle, ion, organelle, or other bioactive payload carried by a material platform.",1,1,1
"CAR000009","TherapeuticCargo","BFV",,"A therapeutic molecule, protein, nucleic acid, vesicle, ion, organelle, or other bioactive payload carried by a material platform.",1,1,1
"CAR000010","TherapeuticCargo","BMP-2",,"A therapeutic molecule, protein, nucleic acid, vesicle, ion, organelle, or other bioactive payload carried by a material platform.",2,1,2
"CAR000011","TherapeuticCargo","Calcium ions (Ca2+)",,"A therapeutic molecule, protein, nucleic acid, vesicle, ion, organelle, or other bioactive payload carried by a material platform.",1,1,1
"CAR000012","TherapeuticCargo","Car and MTP-131",,"A therapeutic molecule, protein, nucleic acid, vesicle, ion, organelle, or other bioactive payload carried by a material platform.",2,1,2
"CAR000013","TherapeuticCargo","Cobalt ions (Co2+)",,"A therapeutic molecule, protein, nucleic acid, vesicle, ion, organelle, or other bioactive payload carried by a material platform.",1,1,1
"CAR000014","TherapeuticCargo","Cordycepin",,"A therapeutic molecule, protein, nucleic acid, vesicle, ion, organelle, or other bioactive payload carried by a material platform.",3,2,2
"CAR000015","TherapeuticCargo","Curcumin",,"A therapeutic molecule, protein, nucleic acid, vesicle, ion, organelle, or other bioactive payload carried by a material platform.",3,3,2
"CAR000016","TherapeuticCargo","CXCL12",,"A therapeutic molecule, protein, nucleic acid, vesicle, ion, organelle, or other bioactive payload carried by a material platform.",2,1,2
"CAR000017","TherapeuticCargo","Dasatinib",,"A therapeutic molecule, protein, nucleic acid, vesicle, ion, organelle, or other bioactive payload carried by a material platform.",1,1,1
"CAR000018","TherapeuticCargo","EVs",,"A therapeutic molecule, protein, nucleic acid, vesicle, ion, organelle, or other bioactive payload carried by a material platform.",2,1,2
"CAR000019","TherapeuticCargo","EXO-si-STING",,"A therapeutic molecule, protein, nucleic acid, vesicle, ion, organelle, or other bioactive payload carried by a material platform.",2,1,2
"CAR000020","TherapeuticCargo","Exosomes","exos; exosome; exosomes","A therapeutic molecule, protein, nucleic acid, vesicle, ion, organelle, or other bioactive payload carried by a material platform.",8,5,2
"CAR000023","TherapeuticCargo","Fe3O4 nanoparticles",,"A therapeutic molecule, protein, nucleic acid, vesicle, ion, organelle, or other bioactive payload carried by a material platform.",1,1,1
"CAR000024","TherapeuticCargo","FGF-4",,"A therapeutic molecule, protein, nucleic acid, vesicle, ion, organelle, or other bioactive payload carried by a material platform.",1,1,1
"CAR000025","TherapeuticCargo","FGF18 mRNA",,"A therapeutic molecule, protein, nucleic acid, vesicle, ion, organelle, or other bioactive payload carried by a material platform.",1,1,1
"CAR000026","TherapeuticCargo","fisetin",,"A therapeutic molecule, protein, nucleic acid, vesicle, ion, organelle, or other bioactive payload carried by a material platform.",4,2,2
"CAR000027","TherapeuticCargo","Fmito",,"A therapeutic molecule, protein, nucleic acid, vesicle, ion, organelle, or other bioactive payload carried by a material platform.",2,1,2
"CAR000028","TherapeuticCargo","Ginsenoside Rg1",,"A therapeutic molecule, protein, nucleic acid, vesicle, ion, organelle, or other bioactive payload carried by a material platform.",2,1,2
"CAR000029","TherapeuticCargo","Hairyvein agrimony-derived nanovesicles (HA-NVs)",,"A therapeutic molecule, protein, nucleic acid, vesicle, ion, organelle, or other bioactive payload carried by a material platform.",2,1,2
"CAR000030","TherapeuticCargo","Honey",,"A therapeutic molecule, protein, nucleic acid, vesicle, ion, organelle, or other bioactive payload carried by a material platform.",3,2,2
"CAR000031","TherapeuticCargo","Hydrogen sulfide (H2S)",,"A therapeutic molecule, protein, nucleic acid, vesicle, ion, organelle, or other bioactive payload carried by a material platform.",2,1,2
"CAR000032","TherapeuticCargo","IFN-γ-stimulated ECM",,"A therapeutic molecule, protein, nucleic acid, vesicle, ion, organelle, or other bioactive payload carried by a material platform.",1,1,1
"CAR000033","TherapeuticCargo","IGF-1",,"A therapeutic molecule, protein, nucleic acid, vesicle, ion, organelle, or other bioactive payload carried by a material platform.",1,1,1
"CAR000034","TherapeuticCargo","Iron ions",,"A therapeutic molecule, protein, nucleic acid, vesicle, ion, organelle, or other bioactive payload carried by a material platform.",2,2,1
"CAR000035","TherapeuticCargo","isoliquiritigenin",,"A therapeutic molecule, protein, nucleic acid, vesicle, ion, organelle, or other bioactive payload carried by a material platform.",1,1,1
"CAR000036","TherapeuticCargo","Licochalcone A",,"A therapeutic molecule, protein, nucleic acid, vesicle, ion, organelle, or other bioactive payload carried by a material platform.",2,1,2
"CAR000037","TherapeuticCargo","Ligustroflavone",,"A therapeutic molecule, protein, nucleic acid, vesicle, ion, organelle, or other bioactive payload carried by a material platform.",2,1,2
"CAR000038","TherapeuticCargo","Magnesium ions (Mg2+)",,"A therapeutic molecule, protein, nucleic acid, vesicle, ion, organelle, or other bioactive payload carried by a material platform.",1,1,1
"CAR000039","TherapeuticCargo","Melatonin",,"A therapeutic molecule, protein, nucleic acid, vesicle, ion, organelle, or other bioactive payload carried by a material platform.",2,1,2
"CAR000040","TherapeuticCargo","metformin",,"A therapeutic molecule, protein, nucleic acid, vesicle, ion, organelle, or other bioactive payload carried by a material platform.",6,5,2
"CAR000041","TherapeuticCargo","miR-140-5p",,"A therapeutic molecule, protein, nucleic acid, vesicle, ion, organelle, or other bioactive payload carried by a material platform.",1,1,1
"CAR000042","TherapeuticCargo","mitochondria",,"A therapeutic molecule, protein, nucleic acid, vesicle, ion, organelle, or other bioactive payload carried by a material platform.",1,1,1
"CAR000043","TherapeuticCargo","Nanozyme",,"A therapeutic molecule, protein, nucleic acid, vesicle, ion, organelle, or other bioactive payload carried by a material platform.",2,1,2
"CAR000044","TherapeuticCargo","NP-MSCs",,"A therapeutic molecule, protein, nucleic acid, vesicle, ion, organelle, or other bioactive payload carried by a material platform.",1,1,1
"CAR000045","TherapeuticCargo","OSK reprogramming proteins",,"A therapeutic molecule, protein, nucleic acid, vesicle, ion, organelle, or other bioactive payload carried by a material platform.",1,1,1
"CAR000046","TherapeuticCargo","P16-siRNA",,"A therapeutic molecule, protein, nucleic acid, vesicle, ion, organelle, or other bioactive payload carried by a material platform.",2,1,2
"CAR000047","TherapeuticCargo","p16INK4a siRNA",,"A therapeutic molecule, protein, nucleic acid, vesicle, ion, organelle, or other bioactive payload carried by a material platform.",2,1,2
"CAR000049","TherapeuticCargo","Procyanidin C1",,"A therapeutic molecule, protein, nucleic acid, vesicle, ion, organelle, or other bioactive payload carried by a material platform.",1,1,1
"CAR000050","TherapeuticCargo","quercetin",,"A therapeutic molecule, protein, nucleic acid, vesicle, ion, organelle, or other bioactive payload carried by a material platform.",15,8,2
"CAR000051","TherapeuticCargo","quercetin and Quercetin greigite nanozymes (G-NZ)",,"A therapeutic molecule, protein, nucleic acid, vesicle, ion, organelle, or other bioactive payload carried by a material platform.",2,1,2
"CAR000052","TherapeuticCargo","quercetin-primed senomorphic small extracellular vesicles",,"A therapeutic molecule, protein, nucleic acid, vesicle, ion, organelle, or other bioactive payload carried by a material platform.",1,1,1
"CAR000053","TherapeuticCargo","rapamycin",,"A therapeutic molecule, protein, nucleic acid, vesicle, ion, organelle, or other bioactive payload carried by a material platform.",7,4,2
"CAR000054","TherapeuticCargo","resveratrol",,"A therapeutic molecule, protein, nucleic acid, vesicle, ion, organelle, or other bioactive payload carried by a material platform.",3,2,2
"CAR000055","TherapeuticCargo","rhBMP-2 and Rapa",,"A therapeutic molecule, protein, nucleic acid, vesicle, ion, organelle, or other bioactive payload carried by a material platform.",2,1,2
"CAR000056","TherapeuticCargo","Silibinin",,"A therapeutic molecule, protein, nucleic acid, vesicle, ion, organelle, or other bioactive payload carried by a material platform.",1,1,1
"CAR000057","TherapeuticCargo","SMSCs",,"A therapeutic molecule, protein, nucleic acid, vesicle, ion, organelle, or other bioactive payload carried by a material platform.",1,1,1
"CAR000058","TherapeuticCargo","Spatholobi Caulis",,"A therapeutic molecule, protein, nucleic acid, vesicle, ion, organelle, or other bioactive payload carried by a material platform.",2,1,2
"CAR000059","TherapeuticCargo","stem cells",,"A therapeutic molecule, protein, nucleic acid, vesicle, ion, organelle, or other bioactive payload carried by a material platform.",1,1,1
"CAR000060","TherapeuticCargo","tannic acid",,"A therapeutic molecule, protein, nucleic acid, vesicle, ion, organelle, or other bioactive payload carried by a material platform.",4,2,2
"CAR000061","TherapeuticCargo","TGF-β3",,"A therapeutic molecule, protein, nucleic acid, vesicle, ion, organelle, or other bioactive payload carried by a material platform.",1,1,1
"CAR000062","TherapeuticCargo","TIMP-3",,"A therapeutic molecule, protein, nucleic acid, vesicle, ion, organelle, or other bioactive payload carried by a material platform.",2,1,2
"CAR000063","TherapeuticCargo","TPA-TCNQ",,"A therapeutic molecule, protein, nucleic acid, vesicle, ion, organelle, or other bioactive payload carried by a material platform.",1,1,1
"CAR000064","TherapeuticCargo","TPG",,"A therapeutic molecule, protein, nucleic acid, vesicle, ion, organelle, or other bioactive payload carried by a material platform.",2,1,2
"CAR000065","TherapeuticCargo","VGX-1027",,"A therapeutic molecule, protein, nucleic acid, vesicle, ion, organelle, or other bioactive payload carried by a material platform.",2,1,2
"CEL000001","TargetCell","Cardiomyocytes/cardiac progenitors",,"A cell type directly acted upon, treated, or targeted by a material platform in the source study.",2,2,1
"CEL000002","TargetCell","Chondrocytes/cartilage progenitors",,"A cell type directly acted upon, treated, or targeted by a material platform in the source study.",30,30,1
"CEL000003","TargetCell","Endothelial/vascular cells",,"A cell type directly acted upon, treated, or targeted by a material platform in the source study.",26,26,1
"CEL000004","TargetCell","Fibroblasts/keratinocytes/skin cells",,"A cell type directly acted upon, treated, or targeted by a material platform in the source study.",22,22,1
"CEL000005","TargetCell","Hepatic cells",,"A cell type directly acted upon, treated, or targeted by a material platform in the source study.",1,1,1
"CEL000007","TargetCell","Macrophages/innate immune cells",,"A cell type directly acted upon, treated, or targeted by a material platform in the source study.",33,33,1
"CEL000008","TargetCell","Mesenchymal stem/stromal cells",,"A cell type directly acted upon, treated, or targeted by a material platform in the source study.",100,100,1
"CEL000009","TargetCell","Neural stem cells/neurons/glia",,"A cell type directly acted upon, treated, or targeted by a material platform in the source study.",2,2,1
"CEL000010","TargetCell","Nucleus pulposus/annulus fibrosus cells",,"A cell type directly acted upon, treated, or targeted by a material platform in the source study.",26,26,1
"CEL000011","TargetCell","Osteoblasts/osteocytes/osteoclasts",,"A cell type directly acted upon, treated, or targeted by a material platform in the source study.",11,11,1
"CEL000012","TargetCell","Periodontal/dental stem cells",,"A cell type directly acted upon, treated, or targeted by a material platform in the source study.",5,5,1
"CEL000013","TargetCell","Senescent cells",,"A cell type directly acted upon, treated, or targeted by a material platform in the source study.",48,48,1
"CEL000014","TargetCell","Senescent human articular chondrocytes",,"A cell type directly acted upon, treated, or targeted by a material platform in the source study.",1,1,1
"CEL000015","TargetCell","Skeletal-muscle/satellite cells",,"A cell type directly acted upon, treated, or targeted by a material platform in the source study.",2,2,1
"CEL000016","TargetCell","Tenocytes/tendon progenitors",,"A cell type directly acted upon, treated, or targeted by a material platform in the source study.",3,3,1
"CEL000017","TargetCell","Vascular endothelial cells (HUVECs)",,"A cell type directly acted upon, treated, or targeted by a material platform in the source study.",1,1,1
"COM000001","MaterialComposition","ABT-263",,"A chemical, biological, polymeric, inorganic, or structural constituent of a material platform.",1,1,1
"COM000002","MaterialComposition","alginate",,"A chemical, biological, polymeric, inorganic, or structural constituent of a material platform.",2,2,1
"COM000003","MaterialComposition","α-arbutin",,"A chemical, biological, polymeric, inorganic, or structural constituent of a material platform.",1,1,1
"COM000004","MaterialComposition","Aminated hollow mesoporous Prussian Blue nanozyme",,"A chemical, biological, polymeric, inorganic, or structural constituent of a material platform.",1,1,1
"COM000005","MaterialComposition","aminated mesoporous silica nanoparticles",,"A chemical, biological, polymeric, inorganic, or structural constituent of a material platform.",1,1,1
"COM000006","MaterialComposition","approximately 40% HA",,"A chemical, biological, polymeric, inorganic, or structural constituent of a material platform.",1,1,1
"COM000007","MaterialComposition","astaxanthin",,"A chemical, biological, polymeric, inorganic, or structural constituent of a material platform.",1,1,1
"COM000008","MaterialComposition","BAI1-loaded mesoporous silica nanoparticles",,"A chemical, biological, polymeric, inorganic, or structural constituent of a material platform.",1,1,1
"COM000009","MaterialComposition","Bletilla striata polysaccharide",,"A chemical, biological, polymeric, inorganic, or structural constituent of a material platform.",1,1,1
"COM000010","MaterialComposition","borax",,"A chemical, biological, polymeric, inorganic, or structural constituent of a material platform.",1,1,1
"COM000011","MaterialComposition","boric acid-functionalized GelMA hydrogels",,"A chemical, biological, polymeric, inorganic, or structural constituent of a material platform.",1,1,1
"COM000012","MaterialComposition","C60(OH)n-based nanoparticles co-encapsulating Car",,"A chemical, biological, polymeric, inorganic, or structural constituent of a material platform.",1,1,1
"COM000013","MaterialComposition","Calcium alginate",,"A chemical, biological, polymeric, inorganic, or structural constituent of a material platform.",1,1,1
"COM000014","MaterialComposition","CAP-EXO-si-STING",,"A chemical, biological, polymeric, inorganic, or structural constituent of a material platform.",1,1,1
"COM000015","MaterialComposition","Carboxymethyl chitosan",,"A chemical, biological, polymeric, inorganic, or structural constituent of a material platform.",1,1,1
"COM000016","MaterialComposition","Ce–tannic-acid@BSA nanoparticles",,"A chemical, biological, polymeric, inorganic, or structural constituent of a material platform.",1,1,1
"COM000017","MaterialComposition","cerium oxide nanoparticles",,"A chemical, biological, polymeric, inorganic, or structural constituent of a material platform.",2,2,1
"COM000018","MaterialComposition","Chitosan",,"A chemical, biological, polymeric, inorganic, or structural constituent of a material platform.",4,4,1
"COM000019","MaterialComposition","cholesterol",,"A chemical, biological, polymeric, inorganic, or structural constituent of a material platform.",1,1,1
"COM000020","MaterialComposition","chondroitin-sulfate-methacrylate hydrogel",,"A chemical, biological, polymeric, inorganic, or structural constituent of a material platform.",1,1,1
"COM000021","MaterialComposition","CK2.1",,"A chemical, biological, polymeric, inorganic, or structural constituent of a material platform.",1,1,1
"COM000022","MaterialComposition","collagen",,"A chemical, biological, polymeric, inorganic, or structural constituent of a material platform.",2,2,1
"COM000023","MaterialComposition","collagen scaffold",,"A chemical, biological, polymeric, inorganic, or structural constituent of a material platform.",1,1,1
"COM000024","MaterialComposition","α-Ketoglutarate (αKG)",,"A chemical, biological, polymeric, inorganic, or structural constituent of a material platform.",1,1,1
"COM000025","MaterialComposition","Curcumin",,"A chemical, biological, polymeric, inorganic, or structural constituent of a material platform.",1,1,1
"COM000026","MaterialComposition","CXCL12",,"A chemical, biological, polymeric, inorganic, or structural constituent of a material platform.",1,1,1
"COM000027","MaterialComposition","CXCR4-surface-engineered macrophages",,"A chemical, biological, polymeric, inorganic, or structural constituent of a material platform.",1,1,1
"COM000028","MaterialComposition","Decellularized adipose tissue",,"A chemical, biological, polymeric, inorganic, or structural constituent of a material platform.",1,1,1
"COM000029","MaterialComposition","dental-pulp mesenchymal stem cells",,"A chemical, biological, polymeric, inorganic, or structural constituent of a material platform.",1,1,1
"COM000030","MaterialComposition","DSPE-PEG2000",,"A chemical, biological, polymeric, inorganic, or structural constituent of a material platform.",1,1,1
"COM000031","MaterialComposition","DSPE-TK-PEG2000",,"A chemical, biological, polymeric, inorganic, or structural constituent of a material platform.",1,1,1
"COM000032","MaterialComposition","Dual-engineered extracellular vesicles",,"A chemical, biological, polymeric, inorganic, or structural constituent of a material platform.",1,1,1
"COM000033","MaterialComposition","dual-network hydrogel",,"A chemical, biological, polymeric, inorganic, or structural constituent of a material platform.",1,1,1
"COM000034","MaterialComposition","Engineered extracellular vesicles",,"A chemical, biological, polymeric, inorganic, or structural constituent of a material platform.",1,1,1
"COM000035","MaterialComposition","EVs from SOX9-overexpressing human BMSCs (SBEVs)",,"A chemical, biological, polymeric, inorganic, or structural constituent of a material platform.",1,1,1
"COM000036","MaterialComposition","Extracellular-matrix scaffold",,"A chemical, biological, polymeric, inorganic, or structural constituent of a material platform.",1,1,1
"COM000037","MaterialComposition","Fe3O4 nanoparticles",,"A chemical, biological, polymeric, inorganic, or structural constituent of a material platform.",2,2,1
"COM000038","MaterialComposition","FGF-4",,"A chemical, biological, polymeric, inorganic, or structural constituent of a material platform.",1,1,1
"COM000039","MaterialComposition","FGF18 mRNA",,"A chemical, biological, polymeric, inorganic, or structural constituent of a material platform.",1,1,1
"COM000040","MaterialComposition","fisetin",,"A chemical, biological, polymeric, inorganic, or structural constituent of a material platform.",1,1,1
"COM000041","MaterialComposition","galactose",,"A chemical, biological, polymeric, inorganic, or structural constituent of a material platform.",1,1,1
"COM000042","MaterialComposition","Gastrodia elata polysaccharide",,"A chemical, biological, polymeric, inorganic, or structural constituent of a material platform.",1,1,1
"COM000043","MaterialComposition","gelatin",,"A chemical, biological, polymeric, inorganic, or structural constituent of a material platform.",5,5,1
"COM000044","MaterialComposition","gelatin methacryloyl (GelMA)",,"A chemical, biological, polymeric, inorganic, or structural constituent of a material platform.",2,2,1
"COM000045","MaterialComposition","Gelatin microcarriers",,"A chemical, biological, polymeric, inorganic, or structural constituent of a material platform.",1,1,1
"COM000046","MaterialComposition","GelMA",,"A chemical, biological, polymeric, inorganic, or structural constituent of a material platform.",5,5,1
"COM000047","MaterialComposition","GelMA hydrogel",,"A chemical, biological, polymeric, inorganic, or structural constituent of a material platform.",2,2,1
"COM000048","MaterialComposition","ginsenoside Rg1",,"A chemical, biological, polymeric, inorganic, or structural constituent of a material platform.",1,1,1
"COM000049","MaterialComposition","glucose oxidase",,"A chemical, biological, polymeric, inorganic, or structural constituent of a material platform.",1,1,1
"COM000050","MaterialComposition","Glucose-responsive hydrogel matrix",,"A chemical, biological, polymeric, inorganic, or structural constituent of a material platform.",1,1,1
"COM000051","MaterialComposition","GPQ hydrogel",,"A chemical, biological, polymeric, inorganic, or structural constituent of a material platform.",1,1,1
"COM000052","MaterialComposition","Graphene oxide (GO)",,"A chemical, biological, polymeric, inorganic, or structural constituent of a material platform.",1,1,1
"COM000053","MaterialComposition","greigite nanozyme",,"A chemical, biological, polymeric, inorganic, or structural constituent of a material platform.",1,1,1
"COM000054","MaterialComposition","HA-ADH-PBA",,"A chemical, biological, polymeric, inorganic, or structural constituent of a material platform.",1,1,1
"COM000055","MaterialComposition","HA-PBA",,"A chemical, biological, polymeric, inorganic, or structural constituent of a material platform.",1,1,1
"COM000056","MaterialComposition","HA/PLL-Glu/TPA middle layer loaded with urolithin B",,"A chemical, biological, polymeric, inorganic, or structural constituent of a material platform.",1,1,1
"COM000057","MaterialComposition","HA-SH",,"A chemical, biological, polymeric, inorganic, or structural constituent of a material platform.",1,1,1
"COM000058","MaterialComposition","HABP-PEG-COLBP peptide",,"A chemical, biological, polymeric, inorganic, or structural constituent of a material platform.",1,1,1
"COM000059","MaterialComposition","HBPD",,"A chemical, biological, polymeric, inorganic, or structural constituent of a material platform.",1,1,1
"COM000060","MaterialComposition","n-Butylphthalide (NBP)",,"A chemical, biological, polymeric, inorganic, or structural constituent of a material platform.",1,1,1
"COM000061","MaterialComposition","Honey",,"A chemical, biological, polymeric, inorganic, or structural constituent of a material platform.",1,1,1
"COM000062","MaterialComposition","hTERT mRNA",,"A chemical, biological, polymeric, inorganic, or structural constituent of a material platform.",1,1,1
"COM000063","MaterialComposition","human umbilical-cord mesenchymal stromal cells",,"A chemical, biological, polymeric, inorganic, or structural constituent of a material platform.",1,1,1
"COM000064","MaterialComposition","HxMoO3",,"A chemical, biological, polymeric, inorganic, or structural constituent of a material platform.",1,1,1
"COM000065","MaterialComposition","Hyaluronic acid",,"A chemical, biological, polymeric, inorganic, or structural constituent of a material platform.",1,1,1
"COM000066","MaterialComposition","Aldehyde- and methacrylate-modified hyaluronic acid (AHAMA)",,"A chemical, biological, polymeric, inorganic, or structural constituent of a material platform.",1,1,1
"COM000067","MaterialComposition","hydrogel coating",,"A chemical, biological, polymeric, inorganic, or structural constituent of a material platform.",1,1,1
"COM000068","MaterialComposition","Glycerol monostearate (TG-18)",,"A chemical, biological, polymeric, inorganic, or structural constituent of a material platform.",1,1,1
"COM000069","MaterialComposition","hydrogel matrix",,"A chemical, biological, polymeric, inorganic, or structural constituent of a material platform.",3,3,1
"COM000070","MaterialComposition","hydrogel scaffold matrix",,"A chemical, biological, polymeric, inorganic, or structural constituent of a material platform.",1,1,1
"COM000071","MaterialComposition","IGF-1",,"A chemical, biological, polymeric, inorganic, or structural constituent of a material platform.",1,1,1
"COM000072","MaterialComposition","Inner PLL-Glu/TPA phenylboronate network",,"A chemical, biological, polymeric, inorganic, or structural constituent of a material platform.",1,1,1
"COM000073","MaterialComposition","isoliquiritigenin",,"A chemical, biological, polymeric, inorganic, or structural constituent of a material platform.",1,1,1
"COM000074","MaterialComposition","LINE1 antisense oligonucleotide",,"A chemical, biological, polymeric, inorganic, or structural constituent of a material platform.",1,1,1
"COM000075","MaterialComposition","linear sodium alginate",,"A chemical, biological, polymeric, inorganic, or structural constituent of a material platform.",1,1,1
"COM000076","MaterialComposition","lipid nanoparticles",,"A chemical, biological, polymeric, inorganic, or structural constituent of a material platform.",1,1,1
"COM000077","MaterialComposition","Lycium barbarum polysaccharide",,"A chemical, biological, polymeric, inorganic, or structural constituent of a material platform.",1,1,1
"COM000078","MaterialComposition","M2-macrophage-derived exosomes",,"A chemical, biological, polymeric, inorganic, or structural constituent of a material platform.",1,1,1
"COM000079","MaterialComposition","macrophage membrane",,"A chemical, biological, polymeric, inorganic, or structural constituent of a material platform.",1,1,1
"COM000080","MaterialComposition","magnetite nanoparticles",,"A chemical, biological, polymeric, inorganic, or structural constituent of a material platform.",1,1,1
"COM000081","MaterialComposition","manganese",,"A chemical, biological, polymeric, inorganic, or structural constituent of a material platform.",1,1,1
"COM000082","MaterialComposition","mesoporous Prussian Blue nanozyme",,"A chemical, biological, polymeric, inorganic, or structural constituent of a material platform.",1,1,1
"COM000083","MaterialComposition","mesoporous silica nanoparticles",,"A chemical, biological, polymeric, inorganic, or structural constituent of a material platform.",1,1,1
"COM000084","MaterialComposition","MET-MA carbon dots",,"A chemical, biological, polymeric, inorganic, or structural constituent of a material platform.",1,1,1
"COM000085","MaterialComposition","MET@MSNs",,"A chemical, biological, polymeric, inorganic, or structural constituent of a material platform.",1,1,1
"COM000086","MaterialComposition","metal-organic-framework coating",,"A chemical, biological, polymeric, inorganic, or structural constituent of a material platform.",1,1,1
"COM000087","MaterialComposition","metformin",,"A chemical, biological, polymeric, inorganic, or structural constituent of a material platform.",4,4,1
"COM000088","MaterialComposition","metformin hydrochloride",,"A chemical, biological, polymeric, inorganic, or structural constituent of a material platform.",1,1,1
"COM000089","MaterialComposition","Methacrylated silk fibroin",,"A chemical, biological, polymeric, inorganic, or structural constituent of a material platform.",1,1,1
"COM000091","MaterialComposition","microneedle patch",,"A chemical, biological, polymeric, inorganic, or structural constituent of a material platform.",1,1,1
"COM000092","MaterialComposition","mineralized collagen fiber bundles",,"A chemical, biological, polymeric, inorganic, or structural constituent of a material platform.",1,1,1
"COM000093","MaterialComposition","miR-197-3p",,"A chemical, biological, polymeric, inorganic, or structural constituent of a material platform.",1,1,1
"COM000094","MaterialComposition","miR-200",,"A chemical, biological, polymeric, inorganic, or structural constituent of a material platform.",1,1,1
"COM000095","MaterialComposition","miR-29-targeting antisense oligonucleotide",,"A chemical, biological, polymeric, inorganic, or structural constituent of a material platform.",1,1,1
"COM000096","MaterialComposition","MMZ",,"A chemical, biological, polymeric, inorganic, or structural constituent of a material platform.",1,1,1
"COM000097","MaterialComposition","Mn2+-6-hydroxykaempferol MPN nanoparticles",,"A chemical, biological, polymeric, inorganic, or structural constituent of a material platform.",1,1,1
"COM000098","MaterialComposition","Mn3O4 nanoparticles",,"A chemical, biological, polymeric, inorganic, or structural constituent of a material platform.",1,1,1
"COM000099","MaterialComposition","MnO₂ nanoenzymes",,"A chemical, biological, polymeric, inorganic, or structural constituent of a material platform.",1,1,1
"COM000100","MaterialComposition","Nano-hydroxyapatite",,"A chemical, biological, polymeric, inorganic, or structural constituent of a material platform.",1,1,1
"COM000101","MaterialComposition","nanofiber patch",,"A chemical, biological, polymeric, inorganic, or structural constituent of a material platform.",1,1,1
"COM000103","MaterialComposition","Nanoscale calcium hydride (Nano-CaH2)",,"A chemical, biological, polymeric, inorganic, or structural constituent of a material platform.",1,1,1
"COM000104","MaterialComposition","CuSn dual-atom-site nanozymes (CuSnDASNs)",,"A chemical, biological, polymeric, inorganic, or structural constituent of a material platform.",1,1,1
"COM000105","MaterialComposition","Carboxymethyl chitosan (CMCS)",,"A chemical, biological, polymeric, inorganic, or structural constituent of a material platform.",1,1,1
"COM000106","MaterialComposition","Oxidized dextran (Ox-Dex)",,"A chemical, biological, polymeric, inorganic, or structural constituent of a material platform.",1,1,1
"COM000107","MaterialComposition","Oxidized hyaluronic acid",,"A chemical, biological, polymeric, inorganic, or structural constituent of a material platform.",1,1,1
"COM000108","MaterialComposition","Oxidized sodium alginate (OSA)",,"A chemical, biological, polymeric, inorganic, or structural constituent of a material platform.",1,1,1
"COM000109","MaterialComposition","oxidized starch",,"A chemical, biological, polymeric, inorganic, or structural constituent of a material platform.",1,1,1
"COM000110","MaterialComposition","Oxidized starch (OST)",,"A chemical, biological, polymeric, inorganic, or structural constituent of a material platform.",1,1,1
"COM000111","MaterialComposition","P334 peptide",,"A chemical, biological, polymeric, inorganic, or structural constituent of a material platform.",1,1,1
"COM000112","MaterialComposition","Parathyroid-hormone-related peptide",,"A chemical, biological, polymeric, inorganic, or structural constituent of a material platform.",1,1,1
"COM000113","MaterialComposition","PCL",,"A chemical, biological, polymeric, inorganic, or structural constituent of a material platform.",1,1,1
"COM000114","MaterialComposition","PCL nanofibers",,"A chemical, biological, polymeric, inorganic, or structural constituent of a material platform.",1,1,1
"COM000115","MaterialComposition","PEG-HS",,"A chemical, biological, polymeric, inorganic, or structural constituent of a material platform.",1,1,1
"COM000116","MaterialComposition","PEGDA",,"A chemical, biological, polymeric, inorganic, or structural constituent of a material platform.",1,1,1
"COM000117","MaterialComposition","PEGS-NH2/poly(γ-glutamic acid) hydrogel",,"A chemical, biological, polymeric, inorganic, or structural constituent of a material platform.",1,1,1
"COM000118","MaterialComposition","pericyte membrane",,"A chemical, biological, polymeric, inorganic, or structural constituent of a material platform.",1,1,1
"COM000119","MaterialComposition","pH-responsive therapeutic cargo",,"A chemical, biological, polymeric, inorganic, or structural constituent of a material platform.",1,1,1
"COM000120","MaterialComposition","PHCF-Gel hydrogel network",,"A chemical, biological, polymeric, inorganic, or structural constituent of a material platform.",1,1,1
"COM000121","MaterialComposition","Phosphatidylserine-modified lipid nanoparticles",,"A chemical, biological, polymeric, inorganic, or structural constituent of a material platform.",1,1,1
"COM000122","MaterialComposition","phospholipid/PEOz",,"A chemical, biological, polymeric, inorganic, or structural constituent of a material platform.",1,1,1
"COM000123","MaterialComposition","photothermal hydrogel matrix",,"A chemical, biological, polymeric, inorganic, or structural constituent of a material platform.",1,1,1
"COM000124","MaterialComposition","platelet-rich plasma",,"A chemical, biological, polymeric, inorganic, or structural constituent of a material platform.",1,1,1
"COM000125","MaterialComposition","PLGA",,"A chemical, biological, polymeric, inorganic, or structural constituent of a material platform.",5,5,1
"COM000126","MaterialComposition","PLGA microspheres",,"A chemical, biological, polymeric, inorganic, or structural constituent of a material platform.",1,1,1
"COM000127","MaterialComposition","PLGA microspheres containing miR-24 mimics",,"A chemical, biological, polymeric, inorganic, or structural constituent of a material platform.",1,1,1
"COM000128","MaterialComposition","Poloxamer 407",,"A chemical, biological, polymeric, inorganic, or structural constituent of a material platform.",1,1,1
"COM000129","MaterialComposition","poly(acrylic acid) (PAA)",,"A chemical, biological, polymeric, inorganic, or structural constituent of a material platform.",1,1,1
"COM000130","MaterialComposition","Polyacrylamide",,"A chemical, biological, polymeric, inorganic, or structural constituent of a material platform.",2,2,1
"COM000131","MaterialComposition","polydopamine coating",,"A chemical, biological, polymeric, inorganic, or structural constituent of a material platform.",1,1,1
"COM000132","MaterialComposition","polylactide",,"A chemical, biological, polymeric, inorganic, or structural constituent of a material platform.",1,1,1
"COM000133","MaterialComposition","polyphenol-armored nanoparticle carrier",,"A chemical, biological, polymeric, inorganic, or structural constituent of a material platform.",1,1,1
"COM000134","MaterialComposition","Polyurethane",,"A chemical, biological, polymeric, inorganic, or structural constituent of a material platform.",1,1,1
"COM000135","MaterialComposition","polyvinyl alcohol",,"A chemical, biological, polymeric, inorganic, or structural constituent of a material platform.",1,1,1
"COM000136","MaterialComposition","porcine liver-derived decellularized extracellular matrix (dECM)",,"A chemical, biological, polymeric, inorganic, or structural constituent of a material platform.",1,1,1
"COM000137","MaterialComposition","Quercetin",,"A chemical, biological, polymeric, inorganic, or structural constituent of a material platform.",3,3,1
"COM000138","MaterialComposition","Procyanidin C1",,"A chemical, biological, polymeric, inorganic, or structural constituent of a material platform.",1,1,1
"COM000139","MaterialComposition","Prussian Blue nanozyme",,"A chemical, biological, polymeric, inorganic, or structural constituent of a material platform.",1,1,1
"COM000140","MaterialComposition","PVA/Alg-PBA hydrogel with dynamic PBA-diol bonds",,"A chemical, biological, polymeric, inorganic, or structural constituent of a material platform.",1,1,1
"COM000141","MaterialComposition","Quaternized chitosan hydrogel",,"A chemical, biological, polymeric, inorganic, or structural constituent of a material platform.",1,1,1
"COM000142","MaterialComposition","Quaternized chitosan (QCS)",,"A chemical, biological, polymeric, inorganic, or structural constituent of a material platform.",1,1,1
"COM000144","MaterialComposition","quercetin-primed senomorphic small extracellular vesicles (SmsEV)",,"A chemical, biological, polymeric, inorganic, or structural constituent of a material platform.",1,1,1
"COM000145","MaterialComposition","Recombinant human collagen XVII fragment",,"A chemical, biological, polymeric, inorganic, or structural constituent of a material platform.",1,1,1
"COM000146","MaterialComposition","recombinant YAP1",,"A chemical, biological, polymeric, inorganic, or structural constituent of a material platform.",1,1,1
"COM000149","MaterialComposition","resveratrol",,"A chemical, biological, polymeric, inorganic, or structural constituent of a material platform.",1,1,1
"COM000150","MaterialComposition","saMAT2A-loaded lipid nanoparticles",,"A chemical, biological, polymeric, inorganic, or structural constituent of a material platform.",1,1,1
"COM000151","MaterialComposition","Collagen–chondroitin sulfate",,"A chemical, biological, polymeric, inorganic, or structural constituent of a material platform.",1,1,1
"COM000152","MaterialComposition","Schiff-base HA-ADH/HA-ALD hydrogel",,"A chemical, biological, polymeric, inorganic, or structural constituent of a material platform.",1,1,1
"COM000153","MaterialComposition","selectin-binding-peptide-engineered extracellular vesicles",,"A chemical, biological, polymeric, inorganic, or structural constituent of a material platform.",1,1,1
"COM000154","MaterialComposition","selenium nanoparticles",,"A chemical, biological, polymeric, inorganic, or structural constituent of a material platform.",1,1,1
"COM000155","MaterialComposition","senolytic cargo",,"A chemical, biological, polymeric, inorganic, or structural constituent of a material platform.",1,1,1
"COM000156","MaterialComposition","Zeolitic imidazolate framework-8 (ZIF-8)",,"A chemical, biological, polymeric, inorganic, or structural constituent of a material platform.",1,1,1
"COM000157","MaterialComposition","silk fibroin",,"A chemical, biological, polymeric, inorganic, or structural constituent of a material platform.",1,1,1
"COM000158","MaterialComposition","silk-fibroin peptide",,"A chemical, biological, polymeric, inorganic, or structural constituent of a material platform.",1,1,1
"COM000159","MaterialComposition","small extracellular vesicles",,"A chemical, biological, polymeric, inorganic, or structural constituent of a material platform.",1,1,1
"COM000160","MaterialComposition","RADA self-assembling peptide (Ac-(RADA)4-CONH2)",,"A chemical, biological, polymeric, inorganic, or structural constituent of a material platform.",1,1,1
"COM000161","MaterialComposition","SOX5 mRNA",,"A chemical, biological, polymeric, inorganic, or structural constituent of a material platform.",1,1,1
"COM000162","MaterialComposition","SOX9 mRNA",,"A chemical, biological, polymeric, inorganic, or structural constituent of a material platform.",1,1,1
"COM000163","MaterialComposition","SRT1720",,"A chemical, biological, polymeric, inorganic, or structural constituent of a material platform.",1,1,1
"COM000164","MaterialComposition","stem-cell-homing hydrogel",,"A chemical, biological, polymeric, inorganic, or structural constituent of a material platform.",1,1,1
"COM000165","MaterialComposition","stem-cell organoids",,"A chemical, biological, polymeric, inorganic, or structural constituent of a material platform.",1,1,1
"COM000166","MaterialComposition","strontium",,"A chemical, biological, polymeric, inorganic, or structural constituent of a material platform.",1,1,1
"COM000167","MaterialComposition","Strontium silicate",,"A chemical, biological, polymeric, inorganic, or structural constituent of a material platform.",1,1,1
"COM000168","MaterialComposition","supramolecular peptide",,"A chemical, biological, polymeric, inorganic, or structural constituent of a material platform.",1,1,1
"COM000169","MaterialComposition","tannic acid",,"A chemical, biological, polymeric, inorganic, or structural constituent of a material platform.",4,4,1
"COM000170","MaterialComposition","Tanshinone IIA",,"A chemical, biological, polymeric, inorganic, or structural constituent of a material platform.",1,1,1
"COM000171","MaterialComposition","β-tricalcium phosphate (β-TCP)/MnTCP ceramic components",,"A chemical, biological, polymeric, inorganic, or structural constituent of a material platform.",1,1,1
"COM000172","MaterialComposition","temperature-sensitive hydrogel",,"A chemical, biological, polymeric, inorganic, or structural constituent of a material platform.",1,1,1
"COM000173","MaterialComposition","Tetrahedral DNA nanocage",,"A chemical, biological, polymeric, inorganic, or structural constituent of a material platform.",1,1,1
"COM000174","MaterialComposition","TGF-β3",,"A chemical, biological, polymeric, inorganic, or structural constituent of a material platform.",1,1,1
"COM000175","MaterialComposition","Calcium silicide nanoparticles (CSN)",,"A chemical, biological, polymeric, inorganic, or structural constituent of a material platform.",1,1,1
"COM000176","MaterialComposition","TiO2",,"A chemical, biological, polymeric, inorganic, or structural constituent of a material platform.",1,1,1
"COM000177","MaterialComposition","α-lipoic acid hydrogel (αLA-Gel)",,"A chemical, biological, polymeric, inorganic, or structural constituent of a material platform.",1,1,1
"COM000178","MaterialComposition","Titanium",,"A chemical, biological, polymeric, inorganic, or structural constituent of a material platform.",1,1,1
"COM000179","MaterialComposition","Titanium implant",,"A chemical, biological, polymeric, inorganic, or structural constituent of a material platform.",2,2,1
"COM000180","MaterialComposition","TPA-TCNQ-loaded nanoparticles",,"A chemical, biological, polymeric, inorganic, or structural constituent of a material platform.",1,1,1
"COM000181","MaterialComposition","TPG",,"A chemical, biological, polymeric, inorganic, or structural constituent of a material platform.",1,1,1
"COM000182","MaterialComposition","TUB1 peptide",,"A chemical, biological, polymeric, inorganic, or structural constituent of a material platform.",1,1,1
"COM000183","MaterialComposition","Zn@MOF nanozyme",,"A chemical, biological, polymeric, inorganic, or structural constituent of a material platform.",1,1,1
"COM000184","MaterialComposition","ZSM-5",,"A chemical, biological, polymeric, inorganic, or structural constituent of a material platform.",1,1,1
"COM000185","MaterialComposition","Poly(ethylene glycol) diacrylate (PEGDA)",,"A chemical, biological, polymeric, inorganic, or structural constituent of a material platform.",1,1,1
"DES000001","DesignMode","Biomimetic decellularized-ECM hydrogel organoid with extracellular-vesicle and cell delivery",,"A stable design classification describing how a material platform is engineered to operate.",1,1,1
"DES000002","DesignMode","Biomimetic ECM/cell construct",,"A stable design classification describing how a material platform is engineered to operate.",7,7,1
"DES000003","DesignMode","Ceramic/bioceramic",,"A stable design classification describing how a material platform is engineered to operate.",2,2,1
"DES000004","DesignMode","Coating/surface",,"A stable design classification describing how a material platform is engineered to operate.",12,12,1
"DES000005","DesignMode","Fiber/membrane",,"A stable design classification describing how a material platform is engineered to operate.",8,8,1
"DES000006","DesignMode","Hydrogel",,"A stable design classification describing how a material platform is engineered to operate.",105,105,1
"DES000007","DesignMode","Implant/device",,"A stable design classification describing how a material platform is engineered to operate.",1,1,1
"DES000008","DesignMode","Ion-releasing silicate bioceramic",,"A stable design classification describing how a material platform is engineered to operate.",1,1,1
"DES000009","DesignMode","Liposome/micelle",,"A stable design classification describing how a material platform is engineered to operate.",1,1,1
"DES000010","DesignMode","Living cell-based bone-targeted mitochondrial-delivery biohybrid with MnO2 nanozyme protection",,"A stable design classification describing how a material platform is engineered to operate.",1,1,1
"DES000011","DesignMode","Microneedle",,"A stable design classification describing how a material platform is engineered to operate.",6,6,1
"DES000012","DesignMode","Nanoparticle/nanoplatform",,"A stable design classification describing how a material platform is engineered to operate.",36,36,1
"DES000013","DesignMode","Patch/dressing",,"A stable design classification describing how a material platform is engineered to operate.",4,4,1
"DES000014","DesignMode","ROS-cleavable multilayer drug-delivery hydrogel",,"A stable design classification describing how a material platform is engineered to operate.",1,1,1
"DES000015","DesignMode","Scaffold",,"A stable design classification describing how a material platform is engineered to operate.",36,36,1
"FAB000001","FabricationStrategy","3D printing/bioprinting",,"A manufacturing, processing, assembly, crosslinking, or surface-engineering method used to fabricate a material platform.",16,16,1
"FAB000002","FabricationStrategy","Biomaterial implantation as an in vivo bioreactor with BMP-2 loading",,"A manufacturing, processing, assembly, crosslinking, or surface-engineering method used to fabricate a material platform.",1,1,1
"FAB000003","FabricationStrategy","Biomineralization",,"A manufacturing, processing, assembly, crosslinking, or surface-engineering method used to fabricate a material platform.",2,2,1
"FAB000004","FabricationStrategy","BMP-2 electrostatic adsorption",,"A manufacturing, processing, assembly, crosslinking, or surface-engineering method used to fabricate a material platform.",1,1,1
"FAB000005","FabricationStrategy","Click-chemistry crosslinking",,"A manufacturing, processing, assembly, crosslinking, or surface-engineering method used to fabricate a material platform.",1,1,1
"FAB000006","FabricationStrategy","Co-assembly of cargo with DSPE-TK-PEG2000 and DSPE-PEG2000 into nanomicelles",,"A manufacturing, processing, assembly, crosslinking, or surface-engineering method used to fabricate a material platform.",1,1,1
"FAB000007","FabricationStrategy","Coordination synthesis of a tetranuclear manganese complex with the TPDP ligand",,"A manufacturing, processing, assembly, crosslinking, or surface-engineering method used to fabricate a material platform.",1,1,1
"FAB000008","FabricationStrategy","Decellularization and ECM processing",,"A manufacturing, processing, assembly, crosslinking, or surface-engineering method used to fabricate a material platform.",9,9,1
"FAB000009","FabricationStrategy","droplet-microfluidic cell encapsulation",,"A manufacturing, processing, assembly, crosslinking, or surface-engineering method used to fabricate a material platform.",1,1,1
"FAB000010","FabricationStrategy","DSPE-PEG2000-FA post-insertion",,"A manufacturing, processing, assembly, crosslinking, or surface-engineering method used to fabricate a material platform.",1,1,1
"FAB000011","FabricationStrategy","Dynamic covalent crosslinking",,"A manufacturing, processing, assembly, crosslinking, or surface-engineering method used to fabricate a material platform.",1,1,1
"FAB000012","FabricationStrategy","Electrospinning",,"A manufacturing, processing, assembly, crosslinking, or surface-engineering method used to fabricate a material platform.",7,7,1
"FAB000013","FabricationStrategy","Emulsion fabrication",,"A manufacturing, processing, assembly, crosslinking, or surface-engineering method used to fabricate a material platform.",6,6,1
"FAB000014","FabricationStrategy","Enzymatic crosslinking",,"A manufacturing, processing, assembly, crosslinking, or surface-engineering method used to fabricate a material platform.",1,1,1
"FAB000015","FabricationStrategy","Extrusion",,"A manufacturing, processing, assembly, crosslinking, or surface-engineering method used to fabricate a material platform.",5,5,1
"FAB000016","FabricationStrategy","FDM 3D printing",,"A manufacturing, processing, assembly, crosslinking, or surface-engineering method used to fabricate a material platform.",1,1,1
"FAB000017","FabricationStrategy","Freeze-drying/lyophilization",,"A manufacturing, processing, assembly, crosslinking, or surface-engineering method used to fabricate a material platform.",3,3,1
"FAB000018","FabricationStrategy","HA-ADH and HA-ALD synthesis",,"A manufacturing, processing, assembly, crosslinking, or surface-engineering method used to fabricate a material platform.",1,1,1
"FAB000019","FabricationStrategy","Hydrothermal synthesis",,"A manufacturing, processing, assembly, crosslinking, or surface-engineering method used to fabricate a material platform.",7,7,1
"FAB000020","FabricationStrategy","incorporation into a PVA/Alg-PBA dynamically crosslinked hydrogel",,"A manufacturing, processing, assembly, crosslinking, or surface-engineering method used to fabricate a material platform.",1,1,1
"FAB000021","FabricationStrategy","Mesoporous-silica loading followed by composite-hydrogel gelation",,"A manufacturing, processing, assembly, crosslinking, or surface-engineering method used to fabricate a material platform.",1,1,1
"FAB000022","FabricationStrategy","Microfluidic fabrication",,"A manufacturing, processing, assembly, crosslinking, or surface-engineering method used to fabricate a material platform.",8,8,1
"FAB000023","FabricationStrategy","Electroporation loading of LINE1-targeting ASO into SBP-EVs",,"A manufacturing, processing, assembly, crosslinking, or surface-engineering method used to fabricate a material platform.",1,1,1
"FAB000024","FabricationStrategy","One-pot synthesis",,"A manufacturing, processing, assembly, crosslinking, or surface-engineering method used to fabricate a material platform.",4,4,1
"FAB000025","FabricationStrategy","outer PLL/acrylamide/LAP photocuring at 405 nm",,"A manufacturing, processing, assembly, crosslinking, or surface-engineering method used to fabricate a material platform.",1,1,1
"FAB000026","FabricationStrategy","PHCF-Gel preparation",,"A manufacturing, processing, assembly, crosslinking, or surface-engineering method used to fabricate a material platform.",1,1,1
"FAB000027","FabricationStrategy","Photocrosslinking",,"A manufacturing, processing, assembly, crosslinking, or surface-engineering method used to fabricate a material platform.",9,9,1
"FAB000028","FabricationStrategy","Photocrosslinking and therapeutic-cargo loading",,"A manufacturing, processing, assembly, crosslinking, or surface-engineering method used to fabricate a material platform.",1,1,1
"FAB000029","FabricationStrategy","Photocrosslinking of StG hydrogels with controlled surface elasticity",,"A manufacturing, processing, assembly, crosslinking, or surface-engineering method used to fabricate a material platform.",1,1,1
"FAB000030","FabricationStrategy","polypyrrole functionalization",,"A manufacturing, processing, assembly, crosslinking, or surface-engineering method used to fabricate a material platform.",1,1,1
"FAB000031","FabricationStrategy","Quercetin loading into a temperature-sensitive hydrogel at 4 °C",,"A manufacturing, processing, assembly, crosslinking, or surface-engineering method used to fabricate a material platform.",1,1,1
"FAB000032","FabricationStrategy","RAFT polymerization",,"A manufacturing, processing, assembly, crosslinking, or surface-engineering method used to fabricate a material platform.",1,1,1
"FAB000033","FabricationStrategy","RAFT polymerization of P(DMA-b-MPC)",,"A manufacturing, processing, assembly, crosslinking, or surface-engineering method used to fabricate a material platform.",1,1,1
"FAB000034","FabricationStrategy","Schiff-base/hydrazone crosslinking",,"A manufacturing, processing, assembly, crosslinking, or surface-engineering method used to fabricate a material platform.",6,6,1
"FAB000035","FabricationStrategy","Self-assembly",,"A manufacturing, processing, assembly, crosslinking, or surface-engineering method used to fabricate a material platform.",17,17,1
"FAB000036","FabricationStrategy","serial extrusion",,"A manufacturing, processing, assembly, crosslinking, or surface-engineering method used to fabricate a material platform.",1,1,1
"FAB000037","FabricationStrategy","Sol–gel synthesis",,"A manufacturing, processing, assembly, crosslinking, or surface-engineering method used to fabricate a material platform.",1,1,1
"FAB000038","FabricationStrategy","Strontium-silicate incorporation and 3D printing",,"A manufacturing, processing, assembly, crosslinking, or surface-engineering method used to fabricate a material platform.",1,1,1
"FAB000039","FabricationStrategy","Surface coating",,"A manufacturing, processing, assembly, crosslinking, or surface-engineering method used to fabricate a material platform.",28,28,1
"FAB000040","FabricationStrategy","Template molding/replication",,"A manufacturing, processing, assembly, crosslinking, or surface-engineering method used to fabricate a material platform.",1,1,1
"FAB000041","FabricationStrategy","Thermosensitive-polymer synthesis, hydrogel gelation and extracellular-vesicle loading",,"A manufacturing, processing, assembly, crosslinking, or surface-engineering method used to fabricate a material platform.",1,1,1
"FAB000042","FabricationStrategy","Thin-film hydration",,"A manufacturing, processing, assembly, crosslinking, or surface-engineering method used to fabricate a material platform.",6,6,1
"FAB000043","FabricationStrategy","TPA and PLL-Glu synthesis",,"A manufacturing, processing, assembly, crosslinking, or surface-engineering method used to fabricate a material platform.",1,1,1
"FAB000044","FabricationStrategy","ZIF-8/CeO2/GOx cascade-nanozyme assembly and GelMA encapsulation",,"A manufacturing, processing, assembly, crosslinking, or surface-engineering method used to fabricate a material platform.",1,1,1
"MAT000001","MaterialPlatform","3D-printed PCL/nHA/SA/COL loaded with M2 macrophage-derived exosomes",,"An engineered material, formulation, carrier, or biomaterial system investigated in a SenescenceBioKG study.",11,1,8
"MAT000002","MaterialPlatform","3D-printed titanium scaffolds coated with a multifunctional photothermal-responsive hydrogel",,"An engineered material, formulation, carrier, or biomaterial system investigated in a SenescenceBioKG study.",12,1,7
"MAT000003","MaterialPlatform","A-Lipo/PAHM lesion-localized hydrogel microspheres",,"An engineered material, formulation, carrier, or biomaterial system investigated in a SenescenceBioKG study.",4,1,4
"MAT000004","MaterialPlatform","A20-CRISPRa injectable microspheres",,"An engineered material, formulation, carrier, or biomaterial system investigated in a SenescenceBioKG study.",7,1,5
"MAT000005","MaterialPlatform","AAV-loaded extracellular-vesicle biomimetic gene-delivery system",,"An engineered material, formulation, carrier, or biomaterial system investigated in a SenescenceBioKG study.",8,1,5
"MAT000006","MaterialPlatform","ABT-263-loaded asymmetric composite wound dressing",,"An engineered material, formulation, carrier, or biomaterial system investigated in a SenescenceBioKG study.",8,1,5
"MAT000007","MaterialPlatform","Active Magnesium Boride/Alginate Hydrogels",,"An engineered material, formulation, carrier, or biomaterial system investigated in a SenescenceBioKG study.",5,1,4
"MAT000008","MaterialPlatform","Adhesive injectable NRF2-modulating hydrogel microspheres",,"An engineered material, formulation, carrier, or biomaterial system investigated in a SenescenceBioKG study.",10,1,7
"MAT000009","MaterialPlatform","ADSC/acellular-dermal-matrix tissue-engineered membrane",,"An engineered material, formulation, carrier, or biomaterial system investigated in a SenescenceBioKG study.",4,1,3
"MAT000010","MaterialPlatform","Alginate–strontium/metformin-hydrochloride hydrogel beads",,"An engineered material, formulation, carrier, or biomaterial system investigated in a SenescenceBioKG study.",7,1,5
"MAT000011","MaterialPlatform","Aligned-topography soft hydrogel substrates",,"An engineered material, formulation, carrier, or biomaterial system investigated in a SenescenceBioKG study.",4,1,3
"MAT000012","MaterialPlatform","α-Arbutin-crosslinked chitosan/gelatin film",,"An engineered material, formulation, carrier, or biomaterial system investigated in a SenescenceBioKG study.",10,1,6
"MAT000013","MaterialPlatform","α-Klotho gene-activated scaffold",,"An engineered material, formulation, carrier, or biomaterial system investigated in a SenescenceBioKG study.",8,1,7
"MAT000014","MaterialPlatform","Antibody-functionalized copper-sulfate nanoparticles",,"An engineered material, formulation, carrier, or biomaterial system investigated in a SenescenceBioKG study.",6,1,4
"MAT000015","MaterialPlatform","Antioxidant Proline Carbon Dot-Composited Poly(L-methionine) Hydrogel",,"An engineered material, formulation, carrier, or biomaterial system investigated in a SenescenceBioKG study.",4,1,3
"MAT000016","MaterialPlatform","ASD all-in-one smart hydrogel dressing",,"An engineered material, formulation, carrier, or biomaterial system investigated in a SenescenceBioKG study.",16,1,8
"MAT000017","MaterialPlatform","Asp10SAC4A supramolecular senolytic nanoplatform",,"An engineered material, formulation, carrier, or biomaterial system investigated in a SenescenceBioKG study.",7,1,5
"MAT000018","MaterialPlatform","Astaxanthin-loaded bimetallic-MOF hydrogel scaffold",,"An engineered material, formulation, carrier, or biomaterial system investigated in a SenescenceBioKG study.",7,1,4
"MAT000019","MaterialPlatform","Autophagy-enhancing injectable hydrogel microspheres",,"An engineered material, formulation, carrier, or biomaterial system investigated in a SenescenceBioKG study.",7,1,5
"MAT000020","MaterialPlatform","Baghdadite Ceramics",,"An engineered material, formulation, carrier, or biomaterial system investigated in a SenescenceBioKG study.",8,1,6
"MAT000021","MaterialPlatform","BAI1-PSTB nanocomposite hydrogel",,"An engineered material, formulation, carrier, or biomaterial system investigated in a SenescenceBioKG study.",12,1,6
"MAT000022","MaterialPlatform","Bamboo-inspired hierarchical bone-repair scaffold",,"An engineered material, formulation, carrier, or biomaterial system investigated in a SenescenceBioKG study.",6,1,5
"MAT000023","MaterialPlatform","BFV-loaded engineered periosteum on a 3D-printed scaffold",,"An engineered material, formulation, carrier, or biomaterial system investigated in a SenescenceBioKG study.",7,1,5
"MAT000024","MaterialPlatform","BGSC-organoid (dCSEV hydrogel-based biomimetic gradient-structured cartilage organoid)",,"An engineered material, formulation, carrier, or biomaterial system investigated in a SenescenceBioKG study.",7,1,5
"MAT000025","MaterialPlatform","Bioelectrically reprogramming hydrogel",,"An engineered material, formulation, carrier, or biomaterial system investigated in a SenescenceBioKG study.",3,1,2
"MAT000026","MaterialPlatform","Bioinspired Microgel Assembly of Liver-Derived Decellularized Extracellular Matrix",,"An engineered material, formulation, carrier, or biomaterial system investigated in a SenescenceBioKG study.",9,1,5
"MAT000027","MaterialPlatform","Biomimetic hydrogel delivers engineered exosomes",,"An engineered material, formulation, carrier, or biomaterial system investigated in a SenescenceBioKG study.",6,1,4
"MAT000028","MaterialPlatform","BMP-2-loaded in vivo bioreactor scaffold system",,"An engineered material, formulation, carrier, or biomaterial system investigated in a SenescenceBioKG study.",3,1,2
"MAT000029","MaterialPlatform","BMSC-laden salidroside–collagen hybrid scaffold (BMSCs-SCOL)",,"An engineered material, formulation, carrier, or biomaterial system investigated in a SenescenceBioKG study.",6,1,5
"MAT000030","MaterialPlatform","Bone-targeted senolytic delivery system",,"An engineered material, formulation, carrier, or biomaterial system investigated in a SenescenceBioKG study.",7,1,5
"MAT000031","MaterialPlatform","CaH2-MN hierarchical calcium-hydride microneedle platform",,"An engineered material, formulation, carrier, or biomaterial system investigated in a SenescenceBioKG study.",6,1,4
"MAT000032","MaterialPlatform","Calcium-silicate ion-releasing biomaterial",,"An engineered material, formulation, carrier, or biomaterial system investigated in a SenescenceBioKG study.",5,1,4
"MAT000033","MaterialPlatform","CAP-CD56+CD271+ BMSC-exosome-loaded PVA/SA hydrogel",,"An engineered material, formulation, carrier, or biomaterial system investigated in a SenescenceBioKG study.",8,1,6
"MAT000034","MaterialPlatform","CaSi2 nanoparticle-coated mesoporous bioactive-glass scaffold",,"An engineered material, formulation, carrier, or biomaterial system investigated in a SenescenceBioKG study.",5,1,4
"MAT000035","MaterialPlatform","CCM@CS-HG hydrogel",,"An engineered material, formulation, carrier, or biomaterial system investigated in a SenescenceBioKG study.",14,1,10
"MAT000036","MaterialPlatform","Cell-deposited extracellular matrix",,"An engineered material, formulation, carrier, or biomaterial system investigated in a SenescenceBioKG study.",5,1,4
"MAT000037","MaterialPlatform","CeNP enzyme-mimic nanofiber-bundle scaffold",,"An engineered material, formulation, carrier, or biomaterial system investigated in a SenescenceBioKG study.",3,1,2
"MAT000038","MaterialPlatform","CeO2 nanozymes",,"An engineered material, formulation, carrier, or biomaterial system investigated in a SenescenceBioKG study.",6,1,4
"MAT000039","MaterialPlatform","CeO2@Tau-loaded GelMA microneedle patch",,"An engineered material, formulation, carrier, or biomaterial system investigated in a SenescenceBioKG study.",2,1,1
"MAT000040","MaterialPlatform","Cerium-oxide-nanoparticle-carrying hUCMSCs",,"An engineered material, formulation, carrier, or biomaterial system investigated in a SenescenceBioKG study.",7,1,5
"MAT000041","MaterialPlatform","Cerium oxide nanoparticles",,"An engineered material, formulation, carrier, or biomaterial system investigated in a SenescenceBioKG study.",3,1,2
"MAT000042","MaterialPlatform","Chemically modified culture surfaces",,"An engineered material, formulation, carrier, or biomaterial system investigated in a SenescenceBioKG study.",2,1,2
"MAT000043","MaterialPlatform","Chitosan-coated culture surfaces",,"An engineered material, formulation, carrier, or biomaterial system investigated in a SenescenceBioKG study.",7,2,4
"MAT000044","MaterialPlatform","Chondrocyte-targeting exosome sustained-release platform",,"An engineered material, formulation, carrier, or biomaterial system investigated in a SenescenceBioKG study.",5,1,3
"MAT000045","MaterialPlatform","CK2.1/Lac-Phe bilayer osteochondral scaffold",,"An engineered material, formulation, carrier, or biomaterial system investigated in a SenescenceBioKG study.",3,1,3
"MAT000046","MaterialPlatform","CM-MTBM (CXCR4-engineered macrophages loaded with nanozyme-functionalized mitochondria)",,"An engineered material, formulation, carrier, or biomaterial system investigated in a SenescenceBioKG study.",5,1,4
"MAT000047","MaterialPlatform","Collagen-coated polyacrylamide hydrogels",,"An engineered material, formulation, carrier, or biomaterial system investigated in a SenescenceBioKG study.",7,1,5
"MAT000048","MaterialPlatform","Cordycepin-Loaded Dental Pulp Stem Cell-Derived Exosomes",,"An engineered material, formulation, carrier, or biomaterial system investigated in a SenescenceBioKG study.",6,1,4
"MAT000049","MaterialPlatform","CTB nanoparticle-engineered MSC construct",,"An engineered material, formulation, carrier, or biomaterial system investigated in a SenescenceBioKG study.",6,1,4
"MAT000050","MaterialPlatform","Cu–Fe3O4 nanozyme",,"An engineered material, formulation, carrier, or biomaterial system investigated in a SenescenceBioKG study.",5,1,4
"MAT000051","MaterialPlatform","CUR@MSNs nanoplatform",,"An engineered material, formulation, carrier, or biomaterial system investigated in a SenescenceBioKG study.",4,1,4
"MAT000052","MaterialPlatform","Curcumin-loaded liposomes",,"An engineered material, formulation, carrier, or biomaterial system investigated in a SenescenceBioKG study.",3,1,3
"MAT000053","MaterialPlatform","Curcumin-loaded mesoporous-silica/PCL-gelatin electrospun nanofiber scaffold",,"An engineered material, formulation, carrier, or biomaterial system investigated in a SenescenceBioKG study.",6,1,4
"MAT000054","MaterialPlatform","Curcumin-loaded milk-sEV/platelet-membrane hybrid vesicles",,"An engineered material, formulation, carrier, or biomaterial system investigated in a SenescenceBioKG study.",6,1,4
"MAT000055","MaterialPlatform","Curcumin/ZSM-5 electrospun nanofibers",,"An engineered material, formulation, carrier, or biomaterial system investigated in a SenescenceBioKG study.",8,1,6
"MAT000056","MaterialPlatform","D-EV-loaded thermosensitive injectable hydrogel",,"An engineered material, formulation, carrier, or biomaterial system investigated in a SenescenceBioKG study.",8,1,6
"MAT000057","MaterialPlatform","DASEA Regenbio bioreactor–microcarrier culture system",,"An engineered material, formulation, carrier, or biomaterial system investigated in a SenescenceBioKG study.",6,1,3
"MAT000058","MaterialPlatform","DPMSC-loaded DAT–ALG hydrogel",,"An engineered material, formulation, carrier, or biomaterial system investigated in a SenescenceBioKG study.",7,1,4
"MAT000059","MaterialPlatform","DS@Lip-FA (folate-modified denosumab-loaded liposomes)",,"An engineered material, formulation, carrier, or biomaterial system investigated in a SenescenceBioKG study.",6,1,3
"MAT000060","MaterialPlatform","Dual-drug-encapsulated liposomal nanoparticles",,"An engineered material, formulation, carrier, or biomaterial system investigated in a SenescenceBioKG study.",5,1,3
"MAT000061","MaterialPlatform","Dual-engineered chondrocyte-targeted extracellular vesicles",,"An engineered material, formulation, carrier, or biomaterial system investigated in a SenescenceBioKG study.",7,1,4
"MAT000062","MaterialPlatform","EGCG@MAB hydrogel",,"An engineered material, formulation, carrier, or biomaterial system investigated in a SenescenceBioKG study.",14,1,8
"MAT000063","MaterialPlatform","Electrospun scaffold–bioreactor system",,"An engineered material, formulation, carrier, or biomaterial system investigated in a SenescenceBioKG study.",10,1,6
"MAT000064","MaterialPlatform","Electrostatically co-assembled extracellular-vesicle-infused hydrogel",,"An engineered material, formulation, carrier, or biomaterial system investigated in a SenescenceBioKG study.",6,1,5
"MAT000065","MaterialPlatform","EMHS HxMoO3-loaded bone-targeting lipid nanoparticles",,"An engineered material, formulation, carrier, or biomaterial system investigated in a SenescenceBioKG study.",12,1,8
"MAT000066","MaterialPlatform","Engineered anti-senescence tracheal graft",,"An engineered material, formulation, carrier, or biomaterial system investigated in a SenescenceBioKG study.",4,1,3
"MAT000067","MaterialPlatform","Engineered-extracellular-vesicle-loaded GelMA scaffold",,"An engineered material, formulation, carrier, or biomaterial system investigated in a SenescenceBioKG study.",6,1,3
"MAT000068","MaterialPlatform","Engineered extracellular vesicles",,"An engineered material, formulation, carrier, or biomaterial system investigated in a SenescenceBioKG study.",6,1,4
"MAT000069","MaterialPlatform","Enucleated-MSC-derived mitochondria-transfer microvesicles",,"An engineered material, formulation, carrier, or biomaterial system investigated in a SenescenceBioKG study.",7,1,5
"MAT000070","MaterialPlatform","ER-targeted CRT derivative material",,"An engineered material, formulation, carrier, or biomaterial system investigated in a SenescenceBioKG study.",4,1,3
"MAT000071","MaterialPlatform","EVsTβ4-loaded separable microneedle patch",,"An engineered material, formulation, carrier, or biomaterial system investigated in a SenescenceBioKG study.",3,1,2
"MAT000072","MaterialPlatform","Extracellular-vesicle-conjugated functional-matrix hydrogel",,"An engineered material, formulation, carrier, or biomaterial system investigated in a SenescenceBioKG study.",7,1,5
"MAT000073","MaterialPlatform","Extracellular vesicles without an engineered carrier",,"An engineered material, formulation, carrier, or biomaterial system investigated in a SenescenceBioKG study.",5,1,4
"MAT000074","MaterialPlatform","F@GP galactose-modified Fe3O4-loaded PLGA nanoparticles",,"An engineered material, formulation, carrier, or biomaterial system investigated in a SenescenceBioKG study.",12,1,7
"MAT000075","MaterialPlatform","FGF-4/IGF-1-loaded cationic thermosensitive polymer scaffold",,"An engineered material, formulation, carrier, or biomaterial system investigated in a SenescenceBioKG study.",11,1,7
"MAT000076","MaterialPlatform","Fibrin polymer matrix",,"An engineered material, formulation, carrier, or biomaterial system investigated in a SenescenceBioKG study.",3,1,2
"MAT000077","MaterialPlatform","Fibronectin/thermoresponsive-polymer scaffold",,"An engineered material, formulation, carrier, or biomaterial system investigated in a SenescenceBioKG study.",3,1,2
"MAT000078","MaterialPlatform","Fisetin-functionalized photoresponsive DNA nanocage",,"An engineered material, formulation, carrier, or biomaterial system investigated in a SenescenceBioKG study.",11,1,7
"MAT000079","MaterialPlatform","FMAG nanoplatform",,"An engineered material, formulation, carrier, or biomaterial system investigated in a SenescenceBioKG study.",10,1,8
"MAT000080","MaterialPlatform","Fmito@ACs hydrogel",,"An engineered material, formulation, carrier, or biomaterial system investigated in a SenescenceBioKG study.",7,1,6
"MAT000081","MaterialPlatform","FN9-10ELP extracellular-matrix-mimetic fusion protein",,"An engineered material, formulation, carrier, or biomaterial system investigated in a SenescenceBioKG study.",4,1,4
"MAT000082","MaterialPlatform","Functionalized 3D-printed Ti6Al4V cell-climbing-frame scaffold",,"An engineered material, formulation, carrier, or biomaterial system investigated in a SenescenceBioKG study.",4,1,3
"MAT000083","MaterialPlatform","G-P-M piezoelectric lubricating injectable hydrogel",,"An engineered material, formulation, carrier, or biomaterial system investigated in a SenescenceBioKG study.",5,1,4
"MAT000084","MaterialPlatform","Ganoderma-lucidum-polysaccharide nanocomposite",,"An engineered material, formulation, carrier, or biomaterial system investigated in a SenescenceBioKG study.",5,1,4
"MAT000085","MaterialPlatform","GBC@PNA sono-piezoelectric scaffold",,"An engineered material, formulation, carrier, or biomaterial system investigated in a SenescenceBioKG study.",7,1,5
"MAT000086","MaterialPlatform","GCA-NAb-loaded GelMA hydrogel",,"An engineered material, formulation, carrier, or biomaterial system investigated in a SenescenceBioKG study.",6,1,4
"MAT000087","MaterialPlatform","GEA/NGel senolysis-targeting bioenergetic nanoplatform",,"An engineered material, formulation, carrier, or biomaterial system investigated in a SenescenceBioKG study.",8,1,7
"MAT000088","MaterialPlatform","Gelatin-microcarrier-based MSC microtissues",,"An engineered material, formulation, carrier, or biomaterial system investigated in a SenescenceBioKG study.",9,1,7
"MAT000089","MaterialPlatform","GelMA/PNS/Alg@IGF-1 hydrogel",,"An engineered material, formulation, carrier, or biomaterial system investigated in a SenescenceBioKG study.",5,1,3
"MAT000090","MaterialPlatform","GG-5SS strontium-silicate hydrogel scaffold",,"An engineered material, formulation, carrier, or biomaterial system investigated in a SenescenceBioKG study.",10,1,6
"MAT000091","MaterialPlatform","GLRX3+ extracellular-vesicle redox-modulatory hydrogel",,"An engineered material, formulation, carrier, or biomaterial system investigated in a SenescenceBioKG study.",9,1,7
"MAT000092","MaterialPlatform","GM-Gel glycyrrhizic-acid-microsphere-loaded GEP/chitosan hydrogel",,"An engineered material, formulation, carrier, or biomaterial system investigated in a SenescenceBioKG study.",8,1,7
"MAT000093","MaterialPlatform","GMP-grade TDHLSP glass-microcarrier bioreactor system",,"An engineered material, formulation, carrier, or biomaterial system investigated in a SenescenceBioKG study.",3,1,2
"MAT000094","MaterialPlatform","GO/FeSe2 bio-heterojunction",,"An engineered material, formulation, carrier, or biomaterial system investigated in a SenescenceBioKG study.",6,1,5
"MAT000095","MaterialPlatform","GOQD-based multifunctional bioactive scaffold",,"An engineered material, formulation, carrier, or biomaterial system investigated in a SenescenceBioKG study.",6,1,4
"MAT000096","MaterialPlatform","GP@MgO asymmetric short-fiber aerogel",,"An engineered material, formulation, carrier, or biomaterial system investigated in a SenescenceBioKG study.",8,1,5
"MAT000097","MaterialPlatform","GPQ pH-responsive anti-senescence hydrogel",,"An engineered material, formulation, carrier, or biomaterial system investigated in a SenescenceBioKG study.",10,1,8
"MAT000098","MaterialPlatform","Hairyvein-agrimony-nanovesicle-loaded microneedles",,"An engineered material, formulation, carrier, or biomaterial system investigated in a SenescenceBioKG study.",10,1,6
"MAT000099","MaterialPlatform","Hardystonite (ZnCS; Ca2ZnSi2O7)",,"An engineered material, formulation, carrier, or biomaterial system investigated in a SenescenceBioKG study.",3,1,2
"MAT000100","MaterialPlatform","Heterojunction carbon nanotubes with photoimmobilized IGF-1",,"An engineered material, formulation, carrier, or biomaterial system investigated in a SenescenceBioKG study.",5,1,4
"MAT000101","MaterialPlatform","HG-QNT nanocomposite hydrogel",,"An engineered material, formulation, carrier, or biomaterial system investigated in a SenescenceBioKG study.",7,1,6
"MAT000102","MaterialPlatform","Hierarchically patterned porous honey/silk-fibroin scaffold",,"An engineered material, formulation, carrier, or biomaterial system investigated in a SenescenceBioKG study.",8,1,6
"MAT000103","MaterialPlatform","HIF1A@NNP nanoplatform",,"An engineered material, formulation, carrier, or biomaterial system investigated in a SenescenceBioKG study.",7,1,5
"MAT000104","MaterialPlatform","Honey-incorporated electrospun nanofiber membrane",,"An engineered material, formulation, carrier, or biomaterial system investigated in a SenescenceBioKG study.",7,1,6
"MAT000105","MaterialPlatform","HPQ@K superlubricative drug-delivery nanoparticles",,"An engineered material, formulation, carrier, or biomaterial system investigated in a SenescenceBioKG study.",10,1,7
"MAT000106","MaterialPlatform","HPTC ECM-mimetic injectable hydrogel",,"An engineered material, formulation, carrier, or biomaterial system investigated in a SenescenceBioKG study.",8,1,6
"MAT000107","MaterialPlatform","hTERT mRNA lipid nanoparticles",,"An engineered material, formulation, carrier, or biomaterial system investigated in a SenescenceBioKG study.",5,1,3
"MAT000108","MaterialPlatform","Human-chondrocyte/polymer-scaffold tissue-engineered construct",,"An engineered material, formulation, carrier, or biomaterial system investigated in a SenescenceBioKG study.",4,1,3
"MAT000109","MaterialPlatform","Human-iPSC-derived cell-engineered nanovesicles",,"An engineered material, formulation, carrier, or biomaterial system investigated in a SenescenceBioKG study.",4,1,4
"MAT000110","MaterialPlatform","Hydrocaffeic-acid–chitosan/EGTA hydrogel",,"An engineered material, formulation, carrier, or biomaterial system investigated in a SenescenceBioKG study.",4,1,3
"MAT000111","MaterialPlatform","Hydrogel-coated micro/nanostructured titanium implant",,"An engineered material, formulation, carrier, or biomaterial system investigated in a SenescenceBioKG study.",8,1,6
"MAT000112","MaterialPlatform","Hydrogel substrates for serially expanded MSCs",,"An engineered material, formulation, carrier, or biomaterial system investigated in a SenescenceBioKG study.",3,1,3
"MAT000113","MaterialPlatform","Hydrogen-generating injectable short-fiber hydrogel",,"An engineered material, formulation, carrier, or biomaterial system investigated in a SenescenceBioKG study.",8,1,5
"MAT000114","MaterialPlatform","HydroWrap hydrogen-sulfide-delivery hydrogel",,"An engineered material, formulation, carrier, or biomaterial system investigated in a SenescenceBioKG study.",10,1,9
"MAT000115","MaterialPlatform","Hypoxic-exosome-loaded PLGA microspheres",,"An engineered material, formulation, carrier, or biomaterial system investigated in a SenescenceBioKG study.",7,1,5
"MAT000116","MaterialPlatform","hZIF8/Mn-hCaO2 composite hydrogel",,"An engineered material, formulation, carrier, or biomaterial system investigated in a SenescenceBioKG study.",5,1,4
"MAT000117","MaterialPlatform","ICAM1-directed MnO2@ZIF8/Tanshinone-IIA nanoplatform",,"An engineered material, formulation, carrier, or biomaterial system investigated in a SenescenceBioKG study.",8,1,5
"MAT000118","MaterialPlatform","IHP@Yam engineered biomimetic intervertebral disc",,"An engineered material, formulation, carrier, or biomaterial system investigated in a SenescenceBioKG study.",7,1,4
"MAT000119","MaterialPlatform","IKKβ-siRNA-loaded gold nanoclusters",,"An engineered material, formulation, carrier, or biomaterial system investigated in a SenescenceBioKG study.",3,1,2
"MAT000120","MaterialPlatform","IL37OI@MS responsive hydrogel microspheres",,"An engineered material, formulation, carrier, or biomaterial system investigated in a SenescenceBioKG study.",8,1,5
"MAT000121","MaterialPlatform","Immunomodulating regenerating hydrogel",,"An engineered material, formulation, carrier, or biomaterial system investigated in a SenescenceBioKG study.",6,1,5
"MAT000122","MaterialPlatform","Inflammation-responsive biomimetic hybrid nanovesicles",,"An engineered material, formulation, carrier, or biomaterial system investigated in a SenescenceBioKG study.",8,1,4
"MAT000123","MaterialPlatform","Injectable anti-senescence short fibers",,"An engineered material, formulation, carrier, or biomaterial system investigated in a SenescenceBioKG study.",4,1,3
"MAT000124","MaterialPlatform","Injectable glycyrrhizic-acid hydrogel microspheres",,"An engineered material, formulation, carrier, or biomaterial system investigated in a SenescenceBioKG study.",8,1,5
"MAT000125","MaterialPlatform","Injectable microgels carrying engineered biomimetic nanoparticles",,"An engineered material, formulation, carrier, or biomaterial system investigated in a SenescenceBioKG study.",9,1,6
"MAT000126","MaterialPlatform","Iron–gold anti-senescence ion nanocarrier (AIN)",,"An engineered material, formulation, carrier, or biomaterial system investigated in a SenescenceBioKG study.",5,1,4
"MAT000127","MaterialPlatform","Iron oxide nanoparticles-driven mitochondrial renewal",,"An engineered material, formulation, carrier, or biomaterial system investigated in a SenescenceBioKG study.",7,1,4
"MAT000128","MaterialPlatform","Lesion-localized hydrogels functionalized with engineered extracellular matrix",,"An engineered material, formulation, carrier, or biomaterial system investigated in a SenescenceBioKG study.",8,1,6
"MAT000129","MaterialPlatform","LINE1-ASO-loaded selectin-binding-peptide-engineered extracellular vesicles",,"An engineered material, formulation, carrier, or biomaterial system investigated in a SenescenceBioKG study.",8,1,5
"MAT000130","MaterialPlatform","Lipid-coated NMN-loaded amorphous-calcium-carbonate nanoparticles",,"An engineered material, formulation, carrier, or biomaterial system investigated in a SenescenceBioKG study.",2,1,1
"MAT000131","MaterialPlatform","Locally activated TGF-β3/MgSi immunoregulatory nanofiber patch",,"An engineered material, formulation, carrier, or biomaterial system investigated in a SenescenceBioKG study.",11,1,7
"MAT000132","MaterialPlatform","LPS-releasing gelatin sponges with catechin/senolytic treatment",,"An engineered material, formulation, carrier, or biomaterial system investigated in a SenescenceBioKG study.",4,1,3
"MAT000133","MaterialPlatform","LT-NPs nanoplatform",,"An engineered material, formulation, carrier, or biomaterial system investigated in a SenescenceBioKG study.",13,1,8
"MAT000134","MaterialPlatform","Lubricated hydrogel with STING-inhibiting EXOs",,"An engineered material, formulation, carrier, or biomaterial system investigated in a SenescenceBioKG study.",14,1,8
"MAT000135","MaterialPlatform","Lycium barbarum-derived carbon dots",,"An engineered material, formulation, carrier, or biomaterial system investigated in a SenescenceBioKG study.",7,1,6
"MAT000136","MaterialPlatform","Magnesium-containing bioceramics stimulate exosomal miR-196a-5p secretion",,"An engineered material, formulation, carrier, or biomaterial system investigated in a SenescenceBioKG study.",6,1,5
"MAT000137","MaterialPlatform","Magnetic-nanoparticle-coated fibroblast/ADSC constructs",,"An engineered material, formulation, carrier, or biomaterial system investigated in a SenescenceBioKG study.",6,1,4
"MAT000138","MaterialPlatform","MCTM metformin-loaded CMCS/tannic-acid/manganese hydrogel",,"An engineered material, formulation, carrier, or biomaterial system investigated in a SenescenceBioKG study.",10,1,6
"MAT000139","MaterialPlatform","Metformin-loaded HA/gelatin electrospun nanofibers",,"An engineered material, formulation, carrier, or biomaterial system investigated in a SenescenceBioKG study.",8,1,5
"MAT000140","MaterialPlatform","Metformin-loaded mesoporous silica nanoparticles",,"An engineered material, formulation, carrier, or biomaterial system investigated in a SenescenceBioKG study.",5,1,4
"MAT000141","MaterialPlatform","Metformin-releasing polydopamine-coated TiO2-nanotube titanium implant",,"An engineered material, formulation, carrier, or biomaterial system investigated in a SenescenceBioKG study.",8,1,4
"MAT000142","MaterialPlatform","MG@IFN-γ-ECM cartilage-anchoring microgels",,"An engineered material, formulation, carrier, or biomaterial system investigated in a SenescenceBioKG study.",11,1,6
"MAT000143","MaterialPlatform","Microcarrier–bioreactor culture system",,"An engineered material, formulation, carrier, or biomaterial system investigated in a SenescenceBioKG study.",4,1,3
"MAT000144","MaterialPlatform","MicroSphere and MicroRod anisotropic GelMA microgels",,"An engineered material, formulation, carrier, or biomaterial system investigated in a SenescenceBioKG study.",5,1,3
"MAT000145","MaterialPlatform","Microtopographic polymer substrates",,"An engineered material, formulation, carrier, or biomaterial system investigated in a SenescenceBioKG study.",3,1,3
"MAT000146","MaterialPlatform","miR-146a-5p-engineered exosomes",,"An engineered material, formulation, carrier, or biomaterial system investigated in a SenescenceBioKG study.",5,1,3
"MAT000147","MaterialPlatform","miR-17-5p-engineered-sEV/GelMA hydrogel",,"An engineered material, formulation, carrier, or biomaterial system investigated in a SenescenceBioKG study.",5,1,5
"MAT000148","MaterialPlatform","miR-200/young-ECM bioscaffold",,"An engineered material, formulation, carrier, or biomaterial system investigated in a SenescenceBioKG study.",6,1,5
"MAT000149","MaterialPlatform","miR-200b-3p-loaded Poloxamer-407 hydrogel",,"An engineered material, formulation, carrier, or biomaterial system investigated in a SenescenceBioKG study.",4,1,4
"MAT000150","MaterialPlatform","miR-29b-5p-loaded stem-cell-homing hydrogel",,"An engineered material, formulation, carrier, or biomaterial system investigated in a SenescenceBioKG study.",7,1,6
"MAT000151","MaterialPlatform","miR-542-3p neonatal-muscle-EV-loaded microneedle patch",,"An engineered material, formulation, carrier, or biomaterial system investigated in a SenescenceBioKG study.",5,1,4
"MAT000152","MaterialPlatform","miR/PBNP@Gel nanozyme-reinforced miR-197-3p delivery hydrogel",,"An engineered material, formulation, carrier, or biomaterial system investigated in a SenescenceBioKG study.",6,1,3
"MAT000153","MaterialPlatform","Mitochondria-targeted MET-MA carbon dots",,"An engineered material, formulation, carrier, or biomaterial system investigated in a SenescenceBioKG study.",8,1,5
"MAT000154","MaterialPlatform","Mitochondrial-metabolism/efferocytosis-modulating microcarriers",,"An engineered material, formulation, carrier, or biomaterial system investigated in a SenescenceBioKG study.",8,1,6
"MAT000155","MaterialPlatform","MM@MS@ABT macrophage-membrane-coated magnetic nanospheres",,"An engineered material, formulation, carrier, or biomaterial system investigated in a SenescenceBioKG study.",10,1,5
"MAT000156","MaterialPlatform","MMZ@Si–P53 hydrogel",,"An engineered material, formulation, carrier, or biomaterial system investigated in a SenescenceBioKG study.",9,1,7
"MAT000157","MaterialPlatform","Mn3O4-nanoparticle photothermal hydrogel",,"An engineered material, formulation, carrier, or biomaterial system investigated in a SenescenceBioKG study.",8,1,5
"MAT000158","MaterialPlatform","Mn4 tetranuclear manganese nanocluster",,"An engineered material, formulation, carrier, or biomaterial system investigated in a SenescenceBioKG study.",4,1,3
"MAT000159","MaterialPlatform","MOF-nanozyme-armored cryogel",,"An engineered material, formulation, carrier, or biomaterial system investigated in a SenescenceBioKG study.",5,1,4
"MAT000160","MaterialPlatform","Molybdenum disulfide nanoparticles",,"An engineered material, formulation, carrier, or biomaterial system investigated in a SenescenceBioKG study.",3,1,2
"MAT000161","MaterialPlatform","MOTS-c-modified functional self-assembly peptide hydrogels",,"An engineered material, formulation, carrier, or biomaterial system investigated in a SenescenceBioKG study.",10,1,7
"MAT000162","MaterialPlatform","MPN/BMP@HA hydrogel",,"An engineered material, formulation, carrier, or biomaterial system investigated in a SenescenceBioKG study.",9,1,6
"MAT000163","MaterialPlatform","MRRH@UB multilayer ROS-responsive hydrogel",,"An engineered material, formulation, carrier, or biomaterial system investigated in a SenescenceBioKG study.",10,1,7
"MAT000164","MaterialPlatform","MSC-educated tendon (METn) construct",,"An engineered material, formulation, carrier, or biomaterial system investigated in a SenescenceBioKG study.",3,1,3
"MAT000165","MaterialPlatform","MSN@SIRT3/PEGS genetically engineered hydrogel",,"An engineered material, formulation, carrier, or biomaterial system investigated in a SenescenceBioKG study.",6,1,4
"MAT000166","MaterialPlatform","MSOH hydrogel",,"An engineered material, formulation, carrier, or biomaterial system investigated in a SenescenceBioKG study.",10,1,6
"MAT000167","MaterialPlatform","MTBG melatonin-loaded bioactive-glass microspheres",,"An engineered material, formulation, carrier, or biomaterial system investigated in a SenescenceBioKG study.",5,1,4
"MAT000168","MaterialPlatform","Multifunctional pH-responsive microneedles",,"An engineered material, formulation, carrier, or biomaterial system investigated in a SenescenceBioKG study.",8,1,6
"MAT000169","MaterialPlatform","Multimodal ROS-logic-gated therapeutic platform",,"An engineered material, formulation, carrier, or biomaterial system investigated in a SenescenceBioKG study.",10,1,8
"MAT000170","MaterialPlatform","N/S@M@P NAD+/SBI nanocomposite hydrogel",,"An engineered material, formulation, carrier, or biomaterial system investigated in a SenescenceBioKG study.",7,1,5
"MAT000171","MaterialPlatform","NADH-oxidase nanozyme",,"An engineered material, formulation, carrier, or biomaterial system investigated in a SenescenceBioKG study.",7,1,5
"MAT000172","MaterialPlatform","Nanocatalytic MOF-coated titanium implant",,"An engineered material, formulation, carrier, or biomaterial system investigated in a SenescenceBioKG study.",10,1,7
"MAT000173","MaterialPlatform","Nanoceria-infused PCL nanofibrous scaffold",,"An engineered material, formulation, carrier, or biomaterial system investigated in a SenescenceBioKG study.",7,1,6
"MAT000174","MaterialPlatform","Nanotube-topography substrate",,"An engineered material, formulation, carrier, or biomaterial system investigated in a SenescenceBioKG study.",3,1,2
"MAT000175","MaterialPlatform","Nanozyme-Integrated 3D-Printed Gradient Scaffold",,"An engineered material, formulation, carrier, or biomaterial system investigated in a SenescenceBioKG study.",6,1,5
"MAT000176","MaterialPlatform","NE:TUB1-MNP magnetic nanoemulsion",,"An engineered material, formulation, carrier, or biomaterial system investigated in a SenescenceBioKG study.",7,1,5
"MAT000177","MaterialPlatform","NH@K nanozyme-reinforced hydrogel",,"An engineered material, formulation, carrier, or biomaterial system investigated in a SenescenceBioKG study.",8,1,5
"MAT000178","MaterialPlatform","nHA/chitosan/PLGA bone-matrix-simulating scaffold",,"An engineered material, formulation, carrier, or biomaterial system investigated in a SenescenceBioKG study.",7,1,4
"MAT000179","MaterialPlatform","Nonsenescent-MSC-retaining hydrogel system",,"An engineered material, formulation, carrier, or biomaterial system investigated in a SenescenceBioKG study.",3,1,3
"MAT000180","MaterialPlatform","OGPQ/G-NZ quercetin–greigite nanozyme hydrogel",,"An engineered material, formulation, carrier, or biomaterial system investigated in a SenescenceBioKG study.",14,1,9
"MAT000181","MaterialPlatform","OI-EV-loaded mesoporous bioactive-glass scaffold",,"An engineered material, formulation, carrier, or biomaterial system investigated in a SenescenceBioKG study.",3,1,2
"MAT000182","MaterialPlatform","Orbital hybridization-mediated nanozymes",,"An engineered material, formulation, carrier, or biomaterial system investigated in a SenescenceBioKG study.",9,1,6
"MAT000183","MaterialPlatform","OSK-protein-delivery and inflammatory-niche-remodeling platform",,"An engineered material, formulation, carrier, or biomaterial system investigated in a SenescenceBioKG study.",9,1,7
"MAT000184","MaterialPlatform","P16-siRNA-incorporated organoid hydrogel/3D-bioprinted scaffold",,"An engineered material, formulation, carrier, or biomaterial system investigated in a SenescenceBioKG study.",8,1,5
"MAT000185","MaterialPlatform","p16INK4a-siRNA nanoparticles",,"An engineered material, formulation, carrier, or biomaterial system investigated in a SenescenceBioKG study.",7,1,5
"MAT000186","MaterialPlatform","PAA–EDA-grafted porous PEEK scaffold",,"An engineered material, formulation, carrier, or biomaterial system investigated in a SenescenceBioKG study.",8,1,7
"MAT000187","MaterialPlatform","PAAm–IGF-1/TNF-α biomaterial",,"An engineered material, formulation, carrier, or biomaterial system investigated in a SenescenceBioKG study.",2,1,2
"MAT000188","MaterialPlatform","PARP1@PLS-PT100 targeted nanospheres",,"An engineered material, formulation, carrier, or biomaterial system investigated in a SenescenceBioKG study.",4,1,2
"MAT000189","MaterialPlatform","PAS/ICG-Cu@ZOL phototherapeutic hydrogel dressing",,"An engineered material, formulation, carrier, or biomaterial system investigated in a SenescenceBioKG study.",6,1,4
"MAT000190","MaterialPlatform","PAZ hydrogel containing CZpz-MOF artificial antioxidase",,"An engineered material, formulation, carrier, or biomaterial system investigated in a SenescenceBioKG study.",5,1,4
"MAT000191","MaterialPlatform","PCC1/PHCF-Gel senolytic hydrogel",,"An engineered material, formulation, carrier, or biomaterial system investigated in a SenescenceBioKG study.",10,1,7
"MAT000192","MaterialPlatform","PCL/gelatin nanofibers containing TiO2 nanoparticles and MET@MSNs",,"An engineered material, formulation, carrier, or biomaterial system investigated in a SenescenceBioKG study.",7,1,6
"MAT000193","MaterialPlatform","PDA@RES NIR-responsive core–shell nanoplatform",,"An engineered material, formulation, carrier, or biomaterial system investigated in a SenescenceBioKG study.",8,1,6
"MAT000194","MaterialPlatform","PEG-HS/TiO2 nanocomposite",,"An engineered material, formulation, carrier, or biomaterial system investigated in a SenescenceBioKG study.",9,1,5
"MAT000195","MaterialPlatform","Pericyte-membrane-coated saMAT2A lipid nanoparticles",,"An engineered material, formulation, carrier, or biomaterial system investigated in a SenescenceBioKG study.",8,1,5
"MAT000196","MaterialPlatform","Phenylboronic-acid-grafted hyaluronic-acid/TIMP-3 hydrogel",,"An engineered material, formulation, carrier, or biomaterial system investigated in a SenescenceBioKG study.",11,1,6
"MAT000197","MaterialPlatform","Phosphatidylserine liposomes (PSLs) used with carbonate-apatite granules",,"An engineered material, formulation, carrier, or biomaterial system investigated in a SenescenceBioKG study.",3,1,2
"MAT000198","MaterialPlatform","Plasmid-DNA/Tanshinone-IIA stem-cell-homing hydrogel",,"An engineered material, formulation, carrier, or biomaterial system investigated in a SenescenceBioKG study.",7,1,5
"MAT000199","MaterialPlatform","Polyacrylamide/alginate viscoelastic hydrogel",,"An engineered material, formulation, carrier, or biomaterial system investigated in a SenescenceBioKG study.",6,1,5
"MAT000200","MaterialPlatform","Polyphenol-armored miR-140-5p nanogene-loaded bioadhesive hydrogel",,"An engineered material, formulation, carrier, or biomaterial system investigated in a SenescenceBioKG study.",10,1,7
"MAT000201","MaterialPlatform","Porcine small-intestinal-submucosa extracellular-matrix scaffold",,"An engineered material, formulation, carrier, or biomaterial system investigated in a SenescenceBioKG study.",4,1,3
"MAT000202","MaterialPlatform","PPCG allicin-based biolubricating nanoplatform",,"An engineered material, formulation, carrier, or biomaterial system investigated in a SenescenceBioKG study.",4,1,3
"MAT000203","MaterialPlatform","Pro-regenerative cardiac-progenitor-secretome nanoparticles",,"An engineered material, formulation, carrier, or biomaterial system investigated in a SenescenceBioKG study.",9,1,4
"MAT000204","MaterialPlatform","Prussian-Blue-nanoparticle/ADSC composite treatment",,"An engineered material, formulation, carrier, or biomaterial system investigated in a SenescenceBioKG study.",4,1,3
"MAT000205","MaterialPlatform","Prussian Blue nanoparticles",,"An engineered material, formulation, carrier, or biomaterial system investigated in a SenescenceBioKG study.",5,1,4
"MAT000206","MaterialPlatform","Prussian-Blue-nanozyme gene-editing platform",,"An engineered material, formulation, carrier, or biomaterial system investigated in a SenescenceBioKG study.",3,1,2
"MAT000207","MaterialPlatform","PSeR multihierarchy ROS-regulated hydrogel",,"An engineered material, formulation, carrier, or biomaterial system investigated in a SenescenceBioKG study.",3,1,2
"MAT000208","MaterialPlatform","PtdSer-modified circRNA-LNP-engineered macrophages",,"An engineered material, formulation, carrier, or biomaterial system investigated in a SenescenceBioKG study.",7,1,5
"MAT000209","MaterialPlatform","PTHrP supramolecular-peptide-loaded dual-network hydrogel",,"An engineered material, formulation, carrier, or biomaterial system investigated in a SenescenceBioKG study.",9,1,6
"MAT000210","MaterialPlatform","PVA–gallic-acid supramolecular hydrogel",,"An engineered material, formulation, carrier, or biomaterial system investigated in a SenescenceBioKG study.",3,1,2
"MAT000211","MaterialPlatform","QCS-OST@Exos self-healing hydrogel",,"An engineered material, formulation, carrier, or biomaterial system investigated in a SenescenceBioKG study.",8,1,7
"MAT000212","MaterialPlatform","Quaternized-chitosan injectable self-healing hydrogel",,"An engineered material, formulation, carrier, or biomaterial system investigated in a SenescenceBioKG study.",6,1,5
"MAT000213","MaterialPlatform","Quercetin/HA-loaded TG-18 hydrogel",,"An engineered material, formulation, carrier, or biomaterial system investigated in a SenescenceBioKG study.",12,1,9
"MAT000214","MaterialPlatform","Quercetin-loaded aligned-nanowire hydrogel",,"An engineered material, formulation, carrier, or biomaterial system investigated in a SenescenceBioKG study.",10,1,7
"MAT000215","MaterialPlatform","Quercetin-loaded homogeneous PLGA microspheres",,"An engineered material, formulation, carrier, or biomaterial system investigated in a SenescenceBioKG study.",8,1,7
"MAT000216","MaterialPlatform","Quercetin-loaded nanoparticles",,"An engineered material, formulation, carrier, or biomaterial system investigated in a SenescenceBioKG study.",7,1,6
"MAT000217","MaterialPlatform","Quercetin-treated human-auricular-chondrocyte/GelMA construct",,"An engineered material, formulation, carrier, or biomaterial system investigated in a SenescenceBioKG study.",7,1,5
"MAT000218","MaterialPlatform","R-spondin1-loaded small extracellular vesicles",,"An engineered material, formulation, carrier, or biomaterial system investigated in a SenescenceBioKG study.",5,1,3
"MAT000219","MaterialPlatform","Rapamycin-PLGA microparticles",,"An engineered material, formulation, carrier, or biomaterial system investigated in a SenescenceBioKG study.",4,1,3
"MAT000220","MaterialPlatform","Recombinant humanized type III collagen (rhCol III)",,"An engineered material, formulation, carrier, or biomaterial system investigated in a SenescenceBioKG study.",4,1,2
"MAT000221","MaterialPlatform","Recombinant-Yap1-loaded platelet-derived exosomes",,"An engineered material, formulation, carrier, or biomaterial system investigated in a SenescenceBioKG study.",8,1,7
"MAT000222","MaterialPlatform","Released from ZrO2/SiO2 coating resveratrol",,"An engineered material, formulation, carrier, or biomaterial system investigated in a SenescenceBioKG study.",4,1,3
"MAT000223","MaterialPlatform","Remodeling adipocytes’ lipid metabolism with a polycation loaded enzyme-active framework",,"An engineered material, formulation, carrier, or biomaterial system investigated in a SenescenceBioKG study.",4,1,3
"MAT000224","MaterialPlatform","Res@Lipo@HMs hydrogel",,"An engineered material, formulation, carrier, or biomaterial system investigated in a SenescenceBioKG study.",8,1,6
"MAT000225","MaterialPlatform","Resveratrol-doped polyurethane–polylactide material",,"An engineered material, formulation, carrier, or biomaterial system investigated in a SenescenceBioKG study.",6,1,3
"MAT000226","MaterialPlatform","Retinoic-acid-loaded cartilage organoids",,"An engineered material, formulation, carrier, or biomaterial system investigated in a SenescenceBioKG study.",6,1,4
"MAT000227","MaterialPlatform","rhBMP-2/rapamycin co-treatment without an engineered carrier",,"An engineered material, formulation, carrier, or biomaterial system investigated in a SenescenceBioKG study.",7,1,6
"MAT000228","MaterialPlatform","rhCOL17-P334 conjugate",,"An engineered material, formulation, carrier, or biomaterial system investigated in a SenescenceBioKG study.",9,1,6
"MAT000229","MaterialPlatform","ROS-scavenging mesoporous MOF nanoparticles",,"An engineered material, formulation, carrier, or biomaterial system investigated in a SenescenceBioKG study.",5,1,3
"MAT000230","MaterialPlatform","Ruxolitinib-loaded hierarchically biomimetic nanostructural scaffold",,"An engineered material, formulation, carrier, or biomaterial system investigated in a SenescenceBioKG study.",5,1,3
"MAT000231","MaterialPlatform","Sandblasted/Acid-Etched Titanium Surface Modified with Calcium Phytate",,"An engineered material, formulation, carrier, or biomaterial system investigated in a SenescenceBioKG study.",5,1,4
"MAT000232","MaterialPlatform","Scaffold-free microtissues",,"An engineered material, formulation, carrier, or biomaterial system investigated in a SenescenceBioKG study.",5,1,4
"MAT000233","MaterialPlatform","Se/PRP-OGel hydrogel",,"An engineered material, formulation, carrier, or biomaterial system investigated in a SenescenceBioKG study.",10,1,7
"MAT000234","MaterialPlatform","Selenium-Containing Nano-Micelles",,"An engineered material, formulation, carrier, or biomaterial system investigated in a SenescenceBioKG study.",4,1,4
"MAT000235","MaterialPlatform","Self-healing hydrogels loaded with Spatholobi Caulis",,"An engineered material, formulation, carrier, or biomaterial system investigated in a SenescenceBioKG study.",11,1,9
"MAT000236","MaterialPlatform","Self-powered triboelectric-responsive EV-releasing microneedles",,"An engineered material, formulation, carrier, or biomaterial system investigated in a SenescenceBioKG study.",5,1,4
"MAT000237","MaterialPlatform","Senescence-targeted NAD+-dependent SIRT1-activating nanoplatform",,"An engineered material, formulation, carrier, or biomaterial system investigated in a SenescenceBioKG study.",7,1,5
"MAT000238","MaterialPlatform","senescent metabolism-modulating hierarchical scaffold",,"An engineered material, formulation, carrier, or biomaterial system investigated in a SenescenceBioKG study.",6,1,5
"MAT000239","MaterialPlatform","Senile-osteoporosis titanium implant",,"An engineered material, formulation, carrier, or biomaterial system investigated in a SenescenceBioKG study.",4,1,4
"MAT000240","MaterialPlatform","Senolytic intervention without an engineered carrier",,"An engineered material, formulation, carrier, or biomaterial system investigated in a SenescenceBioKG study.",5,1,4
"MAT000241","MaterialPlatform","Senolytic/proangiogenic smart hydrogel-coated implant",,"An engineered material, formulation, carrier, or biomaterial system investigated in a SenescenceBioKG study.",7,1,5
"MAT000242","MaterialPlatform","Senomorphic-conjugated scaffold",,"An engineered material, formulation, carrier, or biomaterial system investigated in a SenescenceBioKG study.",1,1,1
"MAT000243","MaterialPlatform","Senomorphic Small Extracellular Vesicles Delivered by a Tissue-Adhesive α-Lipoic-Acid Hydrogel",,"An engineered material, formulation, carrier, or biomaterial system investigated in a SenescenceBioKG study.",8,1,6
"MAT000244","MaterialPlatform","GelMA@ZIF-8/PGE microsphere–hydrogel platform",,"An engineered material, formulation, carrier, or biomaterial system investigated in a SenescenceBioKG study.",12,1,8
"MAT000245","MaterialPlatform","Silibinin/PLGA/collagen electrospun nanofibers",,"An engineered material, formulation, carrier, or biomaterial system investigated in a SenescenceBioKG study.",5,1,3
"MAT000246","MaterialPlatform","SIRT1-activated-MSC gelatin hydrogel",,"An engineered material, formulation, carrier, or biomaterial system investigated in a SenescenceBioKG study.",4,1,4
"MAT000247","MaterialPlatform","SM@ME exosome-loaded methacrylated-silk-fibroin hydrogel",,"An engineered material, formulation, carrier, or biomaterial system investigated in a SenescenceBioKG study.",8,1,6
"MAT000248","MaterialPlatform","Smart spatiotemporal drug-delivery hydrogels",,"An engineered material, formulation, carrier, or biomaterial system investigated in a SenescenceBioKG study.",12,1,8
"MAT000249","MaterialPlatform","SOX5/SOX9 mRNA lipid nanoparticles",,"An engineered material, formulation, carrier, or biomaterial system investigated in a SenescenceBioKG study.",6,1,4
"MAT000250","MaterialPlatform","SP@V–C–gel engineered-microalgae DNA hydrogel",,"An engineered material, formulation, carrier, or biomaterial system investigated in a SenescenceBioKG study.",7,1,5
"MAT000251","MaterialPlatform","SRT1720-loaded calcium-phosphate/magnesium-phosphate nanocarriers",,"An engineered material, formulation, carrier, or biomaterial system investigated in a SenescenceBioKG study.",6,1,5
"MAT000252","MaterialPlatform","Surface-elastic StG hydrogels",,"An engineered material, formulation, carrier, or biomaterial system investigated in a SenescenceBioKG study.",5,1,5
"MAT000253","MaterialPlatform","synFGF18 mRNA lipid nanoparticles",,"An engineered material, formulation, carrier, or biomaterial system investigated in a SenescenceBioKG study.",8,1,6
"MAT000254","MaterialPlatform","Synovium-targeting senolytic liposomes plus M2-macrophage exosomes",,"An engineered material, formulation, carrier, or biomaterial system investigated in a SenescenceBioKG study.",7,1,5
"MAT000255","MaterialPlatform","TA-PFC/PCK fiber scaffold",,"An engineered material, formulation, carrier, or biomaterial system investigated in a SenescenceBioKG study.",10,1,6
"MAT000256","MaterialPlatform","Tannic-acid-loaded calcium-alginate/silk-fibroin-peptide/Bletilla-polysaccharide microspheres",,"An engineered material, formulation, carrier, or biomaterial system investigated in a SenescenceBioKG study.",12,1,7
"MAT000257","MaterialPlatform","Taurine@PB hydrogel",,"An engineered material, formulation, carrier, or biomaterial system investigated in a SenescenceBioKG study.",6,1,4
"MAT000258","MaterialPlatform","TDN-miR-21-5p DNA tetrahedron nanocomplex",,"An engineered material, formulation, carrier, or biomaterial system investigated in a SenescenceBioKG study.",4,1,3
"MAT000259","MaterialPlatform","Tetrahedral framework nucleic acids",,"An engineered material, formulation, carrier, or biomaterial system investigated in a SenescenceBioKG study.",3,1,2
"MAT000260","MaterialPlatform","Three-Dimensional Bioprinted Scaffolds Loaded with Multifunctional Magnesium-Based Metal-Organic Frameworks",,"An engineered material, formulation, carrier, or biomaterial system investigated in a SenescenceBioKG study.",6,1,5
"MAT000261","MaterialPlatform","Three-dimensional hydrogel scaffolds",,"An engineered material, formulation, carrier, or biomaterial system investigated in a SenescenceBioKG study.",4,1,3
"MAT000262","MaterialPlatform","Three-dimensional self-assembling nanofiber matrix",,"An engineered material, formulation, carrier, or biomaterial system investigated in a SenescenceBioKG study.",4,1,4
"MAT000263","MaterialPlatform","Three-dimensional TECA hydrogel",,"An engineered material, formulation, carrier, or biomaterial system investigated in a SenescenceBioKG study.",4,1,3
"MAT000264","MaterialPlatform","Tonsil-derived mesenchymal stem cells incorporated in reactive oxygen species-releasing hydrogel",,"An engineered material, formulation, carrier, or biomaterial system investigated in a SenescenceBioKG study.",6,1,5
"MAT000265","MaterialPlatform","TPG@ChSMA mitochondrial-targeted hydrogel",,"An engineered material, formulation, carrier, or biomaterial system investigated in a SenescenceBioKG study.",10,1,7
"MAT000266","MaterialPlatform","TSH-Q quercetin-loaded temperature-sensitive hydrogel",,"An engineered material, formulation, carrier, or biomaterial system investigated in a SenescenceBioKG study.",12,1,8
"MAT000267","MaterialPlatform","TT@P-Gel hydrogel",,"An engineered material, formulation, carrier, or biomaterial system investigated in a SenescenceBioKG study.",8,1,7
"MAT000268","MaterialPlatform","Tunable-stiffness PDMS substrates",,"An engineered material, formulation, carrier, or biomaterial system investigated in a SenescenceBioKG study.",2,1,2
"MAT000269","MaterialPlatform","Ultra-small quercetin nanotherapeutics",,"An engineered material, formulation, carrier, or biomaterial system investigated in a SenescenceBioKG study.",7,1,4
"MAT000270","MaterialPlatform","V156K-rapa-rHDL nanoparticles",,"An engineered material, formulation, carrier, or biomaterial system investigated in a SenescenceBioKG study.",4,1,3
"MAT000271","MaterialPlatform","Vitamin-E-doped sol–gel silica coating",,"An engineered material, formulation, carrier, or biomaterial system investigated in a SenescenceBioKG study.",4,1,3
"MAT000272","MaterialPlatform","Voronoi-curvature scaffolds",,"An engineered material, formulation, carrier, or biomaterial system investigated in a SenescenceBioKG study.",6,1,5
"MAT000273","MaterialPlatform","YBEV-loaded GelMA hydrogel",,"An engineered material, formulation, carrier, or biomaterial system investigated in a SenescenceBioKG study.",7,1,6
"MAT000274","MaterialPlatform","YDC-Gel-Zn pseudo-mussel-foot-protein hydrogel adhesive",,"An engineered material, formulation, carrier, or biomaterial system investigated in a SenescenceBioKG study.",6,1,5
"MAT000275","MaterialPlatform","Young-cell-secretome-EV-loaded three-dimensional ECM scaffold",,"An engineered material, formulation, carrier, or biomaterial system investigated in a SenescenceBioKG study.",4,1,4
"MAT000276","MaterialPlatform","Young-donor extracellular-vesicle nanoparticles",,"An engineered material, formulation, carrier, or biomaterial system investigated in a SenescenceBioKG study.",2,1,1
"MAT000277","MaterialPlatform","(ZIF-8@CeO2)@GOx-loaded sprayable GelMA hydrogel",,"An engineered material, formulation, carrier, or biomaterial system investigated in a SenescenceBioKG study.",9,1,7
"MAT000278","MaterialPlatform","ZIF-8/resveratrol nanoformulation",,"An engineered material, formulation, carrier, or biomaterial system investigated in a SenescenceBioKG study.",11,1,6
"MAT000279","MaterialPlatform","ZIM1/hydrogel culture system",,"An engineered material, formulation, carrier, or biomaterial system investigated in a SenescenceBioKG study.",4,1,3
"MAT000280","MaterialPlatform","Zn@MOF-gel dual-polyphenol ECM-mimetic hydrogel",,"An engineered material, formulation, carrier, or biomaterial system investigated in a SenescenceBioKG study.",9,1,6
"MAT000281","MaterialPlatform","CeO2@HA-loaded photothermal Janus patch",,"An engineered material, formulation, carrier, or biomaterial system investigated in a SenescenceBioKG study.",1,1,1
"MEC000001","Mechanism","AMPK–mTOR–sirtuin signaling",,"A molecular target, pathway, or biological mechanism directly supported by the source study.",3,3,1
"MEC000002","Mechanism","Angiogenic/HIF–VEGF signaling",,"A molecular target, pathway, or biological mechanism directly supported by the source study.",6,6,1
"MEC000003","Mechanism","Apoptosis/cell-survival regulation",,"A molecular target, pathway, or biological mechanism directly supported by the source study.",4,4,1
"MEC000004","Mechanism","Autophagy/lysosomal homeostasis",,"A molecular target, pathway, or biological mechanism directly supported by the source study.",2,2,1
"MEC000005","Mechanism","βPIX–ITGB1–RAC1–NOX1 signaling",,"A molecular target, pathway, or biological mechanism directly supported by the source study.",1,1,1
"MEC000006","Mechanism","Mitochondrial transfer/metabolic restoration",,"A molecular target, pathway, or biological mechanism directly supported by the source study.",1,1,1
"MEC000007","Mechanism","DNA-damage/telomere repair",,"A molecular target, pathway, or biological mechanism directly supported by the source study.",1,1,1
"MEC000008","Mechanism","ECM remodeling/mechanical niche",,"A molecular target, pathway, or biological mechanism directly supported by the source study.",1,1,1
"MEC000009","Mechanism","Epigenetic/chromatin regulation",,"A molecular target, pathway, or biological mechanism directly supported by the source study.",1,1,1
"MEC000010","Mechanism","Ferroptosis/lipid peroxidation",,"A molecular target, pathway, or biological mechanism directly supported by the source study.",1,1,1
"MEC000011","Mechanism","Immune modulation/macrophage polarization",,"A molecular target, pathway, or biological mechanism directly supported by the source study.",3,3,1
"MEC000012","Mechanism","MAPK/p38/JNK/ERK signaling",,"A molecular target, pathway, or biological mechanism directly supported by the source study.",1,1,1
"MEC000013","Mechanism","Mitochondrial homeostasis/mitophagy",,"A molecular target, pathway, or biological mechanism directly supported by the source study.",13,13,1
"MEC000014","Mechanism","NF-κB",,"A molecular target, pathway, or biological mechanism directly supported by the source study.",1,1,1
"MEC000015","Mechanism","NF-κB/SASP/inflammatory signaling",,"A molecular target, pathway, or biological mechanism directly supported by the source study.",12,12,1
"MEC000016","Mechanism","p16/p21/p53–Rb cell-cycle arrest",,"A molecular target, pathway, or biological mechanism directly supported by the source study.",5,5,1
"MEC000017","Mechanism","Paracrine/EV-mediated signaling",,"A molecular target, pathway, or biological mechanism directly supported by the source study.",2,2,1
"MEC000018","Mechanism","M1-to-M2 macrophage polarization/osteoblast–osteoclast balance",,"A molecular target, pathway, or biological mechanism directly supported by the source study.",1,1,1
"MEC000019","Mechanism","ROS/oxidative-stress control",,"A molecular target, pathway, or biological mechanism directly supported by the source study.",23,23,1
"MEC000020","Mechanism","Senolytic cell clearance",,"A molecular target, pathway, or biological mechanism directly supported by the source study.",1,1,1
"MEC000021","Mechanism","TGF-β/Smad/fibrotic signaling",,"A molecular target, pathway, or biological mechanism directly supported by the source study.",2,2,1
"MEC000022","Mechanism","YAP/TAZ/mechanotransduction",,"A molecular target, pathway, or biological mechanism directly supported by the source study.",3,3,1
"REG000001","RegenerativeEndpoint","Bone regeneration/osteogenesis",,"A tissue-repair or regenerative endpoint directly reported in the source study.",42,42,1
"REG000002","RegenerativeEndpoint","Cardiac repair/function",,"A tissue-repair or regenerative endpoint directly reported in the source study.",2,2,1
"REG000003","RegenerativeEndpoint","Cartilage regeneration/chondroprotection",,"A tissue-repair or regenerative endpoint directly reported in the source study.",14,14,1
"REG000004","RegenerativeEndpoint","Diabetic wound closure, angiogenesis, collagen deposition and skin regeneration",,"A tissue-repair or regenerative endpoint directly reported in the source study.",1,1,1
"REG000005","RegenerativeEndpoint","Hepatic repair/function",,"A tissue-repair or regenerative endpoint directly reported in the source study.",2,2,1
"REG000006","RegenerativeEndpoint","Intervertebral-disc regeneration",,"A tissue-repair or regenerative endpoint directly reported in the source study.",8,8,1
"REG000007","RegenerativeEndpoint","Neural regeneration/function",,"A tissue-repair or regenerative endpoint directly reported in the source study.",3,3,1
"REG000008","RegenerativeEndpoint","Periodontal/oral-tissue regeneration",,"A tissue-repair or regenerative endpoint directly reported in the source study.",1,1,1
"REG000009","RegenerativeEndpoint","Stemness/proliferation/differentiation restoration",,"A tissue-repair or regenerative endpoint directly reported in the source study.",3,3,1
"REG000010","RegenerativeEndpoint","Tendon/ligament regeneration",,"A tissue-repair or regenerative endpoint directly reported in the source study.",2,2,1
"REG000011","RegenerativeEndpoint","Vascular regeneration/angiogenesis",,"A tissue-repair or regenerative endpoint directly reported in the source study.",1,1,1
"REG000012","RegenerativeEndpoint","Wound healing/skin regeneration",,"A tissue-repair or regenerative endpoint directly reported in the source study.",28,28,1
"STI000001","Stimulus","Glucose",,"An external or microenvironmental input evaluated for a direct material or engineered-function response.",1,1,1
"STI000002","Stimulus","Glutathione",,"An external or microenvironmental input evaluated for a direct material or engineered-function response.",1,1,1
"STI000003","Stimulus","Hypoxia",,"An external or microenvironmental input evaluated for a direct material or engineered-function response.",1,1,1
"STI000004","Stimulus","Light",,"An external or microenvironmental input evaluated for a direct material or engineered-function response.",1,1,1
"STI000005","Stimulus","Magnetic field",,"An external or microenvironmental input evaluated for a direct material or engineered-function response.",1,1,1
"STI000006","Stimulus","Mechanical force",,"An external or microenvironmental input evaluated for a direct material or engineered-function response.",7,7,1
"STI000007","Stimulus","Mechanical strain",,"An external or microenvironmental input evaluated for a direct material or engineered-function response.",2,2,1
"STI000008","Stimulus","ROS",,"Reactive oxygen species used as a material-response stimulus.",18,18,1
"STI000009","Stimulus","Temperature",,"An external or microenvironmental input evaluated for a direct material or engineered-function response.",1,1,1
"STI000010","Stimulus","Ultrasound",,"An external or microenvironmental input evaluated for a direct material or engineered-function response.",2,2,1
"STI000011","Stimulus","Acidic pH",,"An external or microenvironmental input evaluated for a direct material or engineered-function response.",22,22,1
"STI000012","Stimulus","Electrical stimulation",,"An external or microenvironmental input evaluated for a direct material or engineered-function response.",1,1,1
"STI000013","Stimulus","NIR light",,"An external or microenvironmental input evaluated for a direct material or engineered-function response.",3,3,1
"STI000014","Stimulus","Senescence-associated esterase/SASP-associated enzymatic milieu",,"An external or microenvironmental input evaluated for a direct material or engineered-function response.",1,1,1
"STI000015","Stimulus","Enzyme",,"An external or microenvironmental input evaluated for a direct material or engineered-function response.",1,1,1
"STI000016","Stimulus","β-galactosidase",,"An external or microenvironmental input evaluated for a direct material or engineered-function response.",1,1,1
"VAL000001","ValidationStage","Cell",,"Validation performed in an in vitro cell experiment.",280,280,1
"VAL000002","ValidationStage","Ex vivo",,"Validation performed using an isolated tissue, organ, or explant outside the living organism.",6,6,1
"VAL000003","ValidationStage","Human-derived",,"Validation using human-derived cells, tissues, or biological samples.",54,54,1
"VAL000004","ValidationStage","Organoid/chip",,"Validation performed in an organoid, organ-on-chip, tissue-chip, or microphysiological system.",6,6,1
"VAL000005","ValidationStage","Small Animal","Small animal","In vivo validation performed in a predefined small-animal model.",217,217,1
"VAL000006","ValidationStage","Large Animal",,"In vivo validation performed in a predefined large-animal model.",4,4,1
