"CQ_ID","Material","Relation_path","Target_entities","Record_ID","Evidence_ID"
"CQ01","MRRH@UB multilayer ROS-responsive hydrogel","MaterialPlatform -[RESPONDS_TO]-> Stimulus: ROS | MaterialPlatform -[TARGETS]-> TargetCell: Vascular endothelial cells (HUVECs) | MaterialPlatform -[PROMOTES]-> RegenerativeEndpoint: Diabetic wound closure, angiogenesis, collagen deposition and skin regeneration","Stimulus={ROS} | TargetCell={Vascular endothelial cells (HUVECs)} | RegenerativeEndpoint={Diabetic wound closure, angiogenesis, collagen deposition and skin regeneration}","FS0009","EV000020; EV000021; EV001715"
"CQ01","CCM@CS-HG hydrogel","MaterialPlatform -[RESPONDS_TO]-> Stimulus: Glucose; ROS | MaterialPlatform -[TARGETS]-> TargetCell: Fibroblasts/keratinocytes/skin cells | MaterialPlatform -[PROMOTES]-> RegenerativeEndpoint: Wound healing/skin regeneration","Stimulus={Glucose; ROS} | TargetCell={Fibroblasts/keratinocytes/skin cells} | RegenerativeEndpoint={Wound healing/skin regeneration}","FS0036","EV000084; EV000086; EV000087; EV000088"
"CQ01","YDC-Gel-Zn pseudo-mussel-foot-protein hydrogel adhesive","MaterialPlatform -[RESPONDS_TO]-> Stimulus: Acidic pH | MaterialPlatform -[TARGETS]-> TargetCell: Macrophages/innate immune cells | MaterialPlatform -[PROMOTES]-> RegenerativeEndpoint: Bone regeneration/osteogenesis","Stimulus={Acidic pH} | TargetCell={Macrophages/innate immune cells} | RegenerativeEndpoint={Bone regeneration/osteogenesis}","FS0112","EV000275; EV000276; EV001851"
"CQ01","Electrostatically co-assembled extracellular-vesicle-infused hydrogel","MaterialPlatform -[RESPONDS_TO]-> Stimulus: Mechanical force | MaterialPlatform -[TARGETS]-> TargetCell: Mesenchymal stem/stromal cells | MaterialPlatform -[PROMOTES]-> RegenerativeEndpoint: Bone regeneration/osteogenesis","Stimulus={Mechanical force} | TargetCell={Mesenchymal stem/stromal cells} | RegenerativeEndpoint={Bone regeneration/osteogenesis}","FS0135","EV000353; EV000355; EV001853"
"CQ01","HPQ@K superlubricative drug-delivery nanoparticles","MaterialPlatform -[RESPONDS_TO]-> Stimulus: Acidic pH; ROS | MaterialPlatform -[TARGETS]-> TargetCell: Chondrocytes/cartilage progenitors | MaterialPlatform -[PROMOTES]-> RegenerativeEndpoint: Cartilage regeneration/chondroprotection","Stimulus={Acidic pH; ROS} | TargetCell={Chondrocytes/cartilage progenitors} | RegenerativeEndpoint={Cartilage regeneration/chondroprotection}","FS0142","EV000366; EV000367; EV000368; EV001747"
"CQ01","Smart spatiotemporal drug-delivery hydrogels","MaterialPlatform -[RESPONDS_TO]-> Stimulus: Acidic pH; ROS | MaterialPlatform -[TARGETS]-> TargetCell: Endothelial/vascular cells; Mesenchymal stem/stromal cells | MaterialPlatform -[PROMOTES]-> RegenerativeEndpoint: Bone regeneration/osteogenesis","Stimulus={Acidic pH; ROS} | TargetCell={Endothelial/vascular cells; Mesenchymal stem/stromal cells} | RegenerativeEndpoint={Bone regeneration/osteogenesis}","FS0248","EV000645; EV000646; EV000647; EV001767; EV001863"
"CQ01","PTHrP supramolecular-peptide-loaded dual-network hydrogel","MaterialPlatform -[RESPONDS_TO]-> Stimulus: Mechanical force | MaterialPlatform -[TARGETS]-> TargetCell: Fibroblasts/keratinocytes/skin cells | MaterialPlatform -[PROMOTES]-> RegenerativeEndpoint: Wound healing/skin regeneration","Stimulus={Mechanical force} | TargetCell={Fibroblasts/keratinocytes/skin cells} | RegenerativeEndpoint={Wound healing/skin regeneration}","FS0270","EV000676; EV000678; EV001865"
"CQ01","MMZ@Si–P53 hydrogel","MaterialPlatform -[RESPONDS_TO]-> Stimulus: Acidic pH | MaterialPlatform -[TARGETS]-> TargetCell: Mesenchymal stem/stromal cells; Neural stem cells/neurons/glia | MaterialPlatform -[PROMOTES]-> RegenerativeEndpoint: Bone regeneration/osteogenesis","Stimulus={Acidic pH} | TargetCell={Mesenchymal stem/stromal cells; Neural stem cells/neurons/glia} | RegenerativeEndpoint={Bone regeneration/osteogenesis}","FS0296","EV000736; EV000737; EV000738; EV001773"
"CQ01","Multifunctional pH-responsive microneedles","MaterialPlatform -[RESPONDS_TO]-> Stimulus: Acidic pH | MaterialPlatform -[TARGETS]-> TargetCell: Periodontal/dental stem cells | MaterialPlatform -[PROMOTES]-> RegenerativeEndpoint: Bone regeneration/osteogenesis","Stimulus={Acidic pH} | TargetCell={Periodontal/dental stem cells} | RegenerativeEndpoint={Bone regeneration/osteogenesis}","FS0346","EV000868; EV000869; EV001783"
"CQ01","NADH-oxidase nanozyme","MaterialPlatform -[RESPONDS_TO]-> Stimulus: Acidic pH | MaterialPlatform -[TARGETS]-> TargetCell: Cardiomyocytes/cardiac progenitors; Mesenchymal stem/stromal cells | MaterialPlatform -[PROMOTES]-> RegenerativeEndpoint: Cardiac repair/function","Stimulus={Acidic pH} | TargetCell={Cardiomyocytes/cardiac progenitors; Mesenchymal stem/stromal cells} | RegenerativeEndpoint={Cardiac repair/function}","FS0356","EV000883; EV000884; EV000885; EV001786"
"CQ01","Multimodal ROS-logic-gated therapeutic platform","MaterialPlatform -[RESPONDS_TO]-> Stimulus: ROS | MaterialPlatform -[TARGETS]-> TargetCell: Senescent cells | MaterialPlatform -[PROMOTES]-> RegenerativeEndpoint: Bone regeneration/osteogenesis","Stimulus={ROS} | TargetCell={Senescent cells} | RegenerativeEndpoint={Bone regeneration/osteogenesis}","FS0400","EV001034; EV001036; EV001037"
"CQ01","PDA@RES NIR-responsive core–shell nanoplatform","MaterialPlatform -[RESPONDS_TO]-> Stimulus: Acidic pH; NIR light | MaterialPlatform -[TARGETS]-> TargetCell: Endothelial/vascular cells | MaterialPlatform -[PROMOTES]-> RegenerativeEndpoint: Wound healing/skin regeneration","Stimulus={Acidic pH; NIR light} | TargetCell={Endothelial/vascular cells} | RegenerativeEndpoint={Wound healing/skin regeneration}","FS0402","EV001044; EV001045; EV001795; EV001881"
"CQ01","GBC@PNA sono-piezoelectric scaffold","MaterialPlatform -[RESPONDS_TO]-> Stimulus: Ultrasound | MaterialPlatform -[TARGETS]-> TargetCell: Nucleus pulposus/annulus fibrosus cells | MaterialPlatform -[PROMOTES]-> RegenerativeEndpoint: Intervertebral-disc regeneration","Stimulus={Ultrasound} | TargetCell={Nucleus pulposus/annulus fibrosus cells} | RegenerativeEndpoint={Intervertebral-disc regeneration}","FS0454","EV001162; EV001163; EV001164"
"CQ01","HydroWrap hydrogen-sulfide-delivery hydrogel","MaterialPlatform -[RESPONDS_TO]-> Stimulus: NIR light | MaterialPlatform -[TARGETS]-> TargetCell: Macrophages/innate immune cells | MaterialPlatform -[PROMOTES]-> RegenerativeEndpoint: Bone regeneration/osteogenesis","Stimulus={NIR light} | TargetCell={Macrophages/innate immune cells} | RegenerativeEndpoint={Bone regeneration/osteogenesis}","FS0472","EV001224; EV001226; EV001811"
"CQ01","3D-printed titanium scaffolds coated with a multifunctional photothermal-responsive hydrogel","MaterialPlatform -[RESPONDS_TO]-> Stimulus: NIR light | MaterialPlatform -[TARGETS]-> TargetCell: Macrophages/innate immune cells; Mesenchymal stem/stromal cells | MaterialPlatform -[PROMOTES]-> RegenerativeEndpoint: Bone regeneration/osteogenesis","Stimulus={NIR light} | TargetCell={Macrophages/innate immune cells; Mesenchymal stem/stromal cells} | RegenerativeEndpoint={Bone regeneration/osteogenesis}","FS0487","EV001244; EV001245; EV001246; EV001813"
"CQ01","EGCG@MAB hydrogel","MaterialPlatform -[RESPONDS_TO]-> Stimulus: Acidic pH; ROS | MaterialPlatform -[TARGETS]-> TargetCell: Senescent cells | MaterialPlatform -[PROMOTES]-> RegenerativeEndpoint: Wound healing/skin regeneration","Stimulus={Acidic pH; ROS} | TargetCell={Senescent cells} | RegenerativeEndpoint={Wound healing/skin regeneration}","FS0490","EV001259; EV001260; EV001261; EV001814"
"CQ01","ZIF-8/resveratrol nanoformulation","MaterialPlatform -[RESPONDS_TO]-> Stimulus: Acidic pH | MaterialPlatform -[TARGETS]-> TargetCell: Endothelial/vascular cells; Macrophages/innate immune cells; Mesenchymal stem/stromal cells; Osteoblasts/osteocytes/osteoclasts; Senescent cells | MaterialPlatform -[PROMOTES]-> RegenerativeEndpoint: Bone regeneration/osteogenesis","Stimulus={Acidic pH} | TargetCell={Endothelial/vascular cells; Macrophages/innate immune cells; Mesenchymal stem/stromal cells; Osteoblasts/osteocytes/osteoclasts; Senescent cells} | RegenerativeEndpoint={Bone regeneration/osteogenesis}","FS0538","EV001333; EV001334; EV001335; EV001336; EV001337; EV001338; EV001817"
"CQ01","Quercetin/HA-loaded TG-18 hydrogel","MaterialPlatform -[RESPONDS_TO]-> Stimulus: Senescence-associated esterase/SASP-associated enzymatic milieu | MaterialPlatform -[TARGETS]-> TargetCell: Mesenchymal stem/stromal cells; Senescent cells | MaterialPlatform -[PROMOTES]-> RegenerativeEndpoint: Bone regeneration/osteogenesis","Stimulus={Senescence-associated esterase/SASP-associated enzymatic milieu} | TargetCell={Mesenchymal stem/stromal cells; Senescent cells} | RegenerativeEndpoint={Bone regeneration/osteogenesis}","FS0657","EV001441; EV001443; EV001444; EV001828"
"CQ01","QCS-OST@Exos self-healing hydrogel","MaterialPlatform -[RESPONDS_TO]-> Stimulus: Mechanical force | MaterialPlatform -[TARGETS]-> TargetCell: Nucleus pulposus/annulus fibrosus cells | MaterialPlatform -[PROMOTES]-> RegenerativeEndpoint: Intervertebral-disc regeneration","Stimulus={Mechanical force} | TargetCell={Nucleus pulposus/annulus fibrosus cells} | RegenerativeEndpoint={Intervertebral-disc regeneration}","FS0704","EV001471; EV001472; EV001473"
"CQ01","ASD all-in-one smart hydrogel dressing","MaterialPlatform -[RESPONDS_TO]-> Stimulus: Acidic pH | MaterialPlatform -[TARGETS]-> TargetCell: Mesenchymal stem/stromal cells | MaterialPlatform -[PROMOTES]-> RegenerativeEndpoint: Wound healing/skin regeneration","Stimulus={Acidic pH} | TargetCell={Mesenchymal stem/stromal cells} | RegenerativeEndpoint={Wound healing/skin regeneration}","FS0810","EV001563; EV001568; EV001836"
"CQ01","Nanocatalytic MOF-coated titanium implant","MaterialPlatform -[RESPONDS_TO]-> Stimulus: Acidic pH | MaterialPlatform -[TARGETS]-> TargetCell: Mesenchymal stem/stromal cells | MaterialPlatform -[PROMOTES]-> RegenerativeEndpoint: Bone regeneration/osteogenesis","Stimulus={Acidic pH} | TargetCell={Mesenchymal stem/stromal cells} | RegenerativeEndpoint={Bone regeneration/osteogenesis}","FS0834","EV001581; EV001582; EV001841"
"CQ01","GLRX3+ extracellular-vesicle redox-modulatory hydrogel","MaterialPlatform -[RESPONDS_TO]-> Stimulus: ROS | MaterialPlatform -[TARGETS]-> TargetCell: Mesenchymal stem/stromal cells; Nucleus pulposus/annulus fibrosus cells | MaterialPlatform -[PROMOTES]-> RegenerativeEndpoint: Intervertebral-disc regeneration","Stimulus={ROS} | TargetCell={Mesenchymal stem/stromal cells; Nucleus pulposus/annulus fibrosus cells} | RegenerativeEndpoint={Intervertebral-disc regeneration}","FS0913","EV001635; EV001636; EV001637; EV001904"
"CQ01","EMHS HxMoO3-loaded bone-targeting lipid nanoparticles","MaterialPlatform -[RESPONDS_TO]-> Stimulus: Acidic pH | MaterialPlatform -[TARGETS]-> TargetCell: Endothelial/vascular cells; Mesenchymal stem/stromal cells | MaterialPlatform -[PROMOTES]-> RegenerativeEndpoint: Bone regeneration/osteogenesis","Stimulus={Acidic pH} | TargetCell={Endothelial/vascular cells; Mesenchymal stem/stromal cells} | RegenerativeEndpoint={Bone regeneration/osteogenesis}","FS1052","EV001699; EV001700; EV001701; EV001844"
"CQ01","HPTC ECM-mimetic injectable hydrogel","MaterialPlatform -[RESPONDS_TO]-> Stimulus: Mechanical force | MaterialPlatform -[TARGETS]-> TargetCell: Nucleus pulposus/annulus fibrosus cells | MaterialPlatform -[PROMOTES]-> RegenerativeEndpoint: Intervertebral-disc regeneration","Stimulus={Mechanical force} | TargetCell={Nucleus pulposus/annulus fibrosus cells} | RegenerativeEndpoint={Intervertebral-disc regeneration}","FS1054","EV001708; EV001709; EV001906"
"CQ02","MPN/BMP@HA hydrogel","MaterialPlatform -[RESPONDS_TO]-> Stimulus: Acidic pH | MaterialPlatform -[RELEASES]-> TherapeuticCargo: BMP-2","Stimulus={Acidic pH} | TherapeuticCargo={BMP-2}","FS0020","EV000042; EV001719"
"CQ02","CCM@CS-HG hydrogel","MaterialPlatform -[RESPONDS_TO]-> Stimulus: Glucose; ROS | MaterialPlatform -[RELEASES]-> TherapeuticCargo: Car and MTP-131","Stimulus={Glucose; ROS} | TherapeuticCargo={Car and MTP-131}","FS0036","EV000085; EV000086; EV000087"
"CQ02","Asp10SAC4A supramolecular senolytic nanoplatform","MaterialPlatform -[RESPONDS_TO]-> Stimulus: Hypoxia | MaterialPlatform -[RELEASES]-> TherapeuticCargo: Dasatinib; quercetin","Stimulus={Hypoxia} | TherapeuticCargo={Dasatinib; quercetin}","FS0067","EV000163; EV000164; EV000165"
"CQ02","Locally activated TGF-β3/MgSi immunoregulatory nanofiber patch","MaterialPlatform -[RESPONDS_TO]-> Stimulus: Acidic pH | MaterialPlatform -[RELEASES]-> TherapeuticCargo: TGF-β3","Stimulus={Acidic pH} | TherapeuticCargo={TGF-β3}","FS0105","EV000251; EV001740"
"CQ02","OGPQ/G-NZ quercetin–greigite nanozyme hydrogel","MaterialPlatform -[RESPONDS_TO]-> Stimulus: Acidic pH; ROS | MaterialPlatform -[RELEASES]-> TherapeuticCargo: quercetin and Quercetin greigite nanozymes (G-NZ)","Stimulus={Acidic pH; ROS} | TherapeuticCargo={quercetin and Quercetin greigite nanozymes (G-NZ)}","FS0133","EV000337; EV001744; EV001745"
"CQ02","TT@P-Gel hydrogel","MaterialPlatform -[RESPONDS_TO]-> Stimulus: Ultrasound | MaterialPlatform -[RELEASES]-> TherapeuticCargo: tannic acid","Stimulus={Ultrasound} | TherapeuticCargo={tannic acid}","FS0147","EV000374; EV000375"
"CQ02","Fisetin-functionalized photoresponsive DNA nanocage","MaterialPlatform -[RESPONDS_TO]-> Stimulus: Light | MaterialPlatform -[RELEASES]-> TherapeuticCargo: fisetin","Stimulus={Light} | TherapeuticCargo={fisetin}","FS0223","EV000560; EV000561"
"CQ02","GPQ pH-responsive anti-senescence hydrogel","MaterialPlatform -[RESPONDS_TO]-> Stimulus: Acidic pH | MaterialPlatform -[RELEASES]-> TherapeuticCargo: quercetin","Stimulus={Acidic pH} | TherapeuticCargo={quercetin}","FS0232","EV000590; EV001763"
"CQ02","PCC1/PHCF-Gel senolytic hydrogel","MaterialPlatform -[RESPONDS_TO]-> Stimulus: ROS | MaterialPlatform -[RELEASES]-> TherapeuticCargo: Procyanidin C1","Stimulus={ROS} | TherapeuticCargo={Procyanidin C1}","FS0247","EV000636; EV000637"
"CQ02","FMAG nanoplatform","MaterialPlatform -[RESPONDS_TO]-> Stimulus: ROS | MaterialPlatform -[RELEASES]-> TherapeuticCargo: fisetin","Stimulus={ROS} | TherapeuticCargo={fisetin}","FS0399","EV001025; EV001791"
"CQ02","Multimodal ROS-logic-gated therapeutic platform","MaterialPlatform -[RESPONDS_TO]-> Stimulus: ROS | MaterialPlatform -[RELEASES]-> TherapeuticCargo: rapamycin","Stimulus={ROS} | TherapeuticCargo={rapamycin}","FS0400","EV001035; EV001036"
"CQ02","Self-healing hydrogels loaded with Spatholobi Caulis","MaterialPlatform -[RESPONDS_TO]-> Stimulus: Mechanical strain | MaterialPlatform -[RELEASES]-> TherapeuticCargo: Spatholobi Caulis","Stimulus={Mechanical strain} | TherapeuticCargo={Spatholobi Caulis}","FS0428","EV001088; EV001800"
"CQ02","LT-NPs nanoplatform","MaterialPlatform -[RESPONDS_TO]-> Stimulus: ROS | MaterialPlatform -[RELEASES]-> TherapeuticCargo: Licochalcone A","Stimulus={ROS} | TherapeuticCargo={Licochalcone A}","FS0462","EV001192; EV001193"
"CQ02","HydroWrap hydrogen-sulfide-delivery hydrogel","MaterialPlatform -[RESPONDS_TO]-> Stimulus: NIR light | MaterialPlatform -[RELEASES]-> TherapeuticCargo: Hydrogen sulfide (H2S)","Stimulus={NIR light} | TherapeuticCargo={Hydrogen sulfide (H2S)}","FS0472","EV001225; EV001811"
"CQ02","F@GP galactose-modified Fe3O4-loaded PLGA nanoparticles","MaterialPlatform -[RESPONDS_TO]-> Stimulus: Acidic pH; Magnetic field; β-galactosidase | MaterialPlatform -[RELEASES]-> TherapeuticCargo: Iron ions","Stimulus={Acidic pH; Magnetic field; β-galactosidase} | TherapeuticCargo={Iron ions}","FS0534","EV001318; EV001319; EV001890; EV001891"
"CQ02","Quercetin/HA-loaded TG-18 hydrogel","MaterialPlatform -[RESPONDS_TO]-> Stimulus: Senescence-associated esterase/SASP-associated enzymatic milieu | MaterialPlatform -[RELEASES]-> TherapeuticCargo: quercetin","Stimulus={Senescence-associated esterase/SASP-associated enzymatic milieu} | TherapeuticCargo={quercetin}","FS0657","EV001442; EV001828"
"CQ02","ASD all-in-one smart hydrogel dressing","MaterialPlatform -[RESPONDS_TO]-> Stimulus: Acidic pH | MaterialPlatform -[RELEASES]-> TherapeuticCargo: Cobalt ions (Co2+); CXCL12; Ginsenoside Rg1; Ligustroflavone","Stimulus={Acidic pH} | TherapeuticCargo={Cobalt ions (Co2+); CXCL12; Ginsenoside Rg1; Ligustroflavone}","FS0810","EV001564; EV001565; EV001566; EV001567; EV001836"
"CQ03","CCM@CS-HG hydrogel","MaterialPlatform -[RESPONDS_TO]-> Stimulus: Glucose; ROS | MaterialPlatform -[MODULATES]-> Mechanism: ROS/oxidative-stress control | MaterialPlatform -[PROMOTES]-> RegenerativeEndpoint: Wound healing/skin regeneration","Stimulus={Glucose; ROS} | Mechanism={ROS/oxidative-stress control} | RegenerativeEndpoint={Wound healing/skin regeneration}","FS0036","EV000083; EV000084; EV000086; EV000087"
"CQ03","HPQ@K superlubricative drug-delivery nanoparticles","MaterialPlatform -[RESPONDS_TO]-> Stimulus: Acidic pH; ROS | MaterialPlatform -[MODULATES]-> Mechanism: ROS/oxidative-stress control | MaterialPlatform -[PROMOTES]-> RegenerativeEndpoint: Cartilage regeneration/chondroprotection","Stimulus={Acidic pH; ROS} | Mechanism={ROS/oxidative-stress control} | RegenerativeEndpoint={Cartilage regeneration/chondroprotection}","FS0142","EV000365; EV000366; EV000367; EV001747"
"CQ03","Smart spatiotemporal drug-delivery hydrogels","MaterialPlatform -[RESPONDS_TO]-> Stimulus: Acidic pH; ROS | MaterialPlatform -[MODULATES]-> Mechanism: ROS/oxidative-stress control | MaterialPlatform -[PROMOTES]-> RegenerativeEndpoint: Bone regeneration/osteogenesis","Stimulus={Acidic pH; ROS} | Mechanism={ROS/oxidative-stress control} | RegenerativeEndpoint={Bone regeneration/osteogenesis}","FS0248","EV000644; EV000645; EV001767; EV001863"
"CQ03","MMZ@Si–P53 hydrogel","MaterialPlatform -[RESPONDS_TO]-> Stimulus: Acidic pH | MaterialPlatform -[MODULATES]-> Mechanism: p16/p21/p53–Rb cell-cycle arrest | MaterialPlatform -[PROMOTES]-> RegenerativeEndpoint: Bone regeneration/osteogenesis","Stimulus={Acidic pH} | Mechanism={p16/p21/p53–Rb cell-cycle arrest} | RegenerativeEndpoint={Bone regeneration/osteogenesis}","FS0296","EV000735; EV000736; EV001773"
"CQ03","Multifunctional pH-responsive microneedles","MaterialPlatform -[RESPONDS_TO]-> Stimulus: Acidic pH | MaterialPlatform -[MODULATES]-> Mechanism: Angiogenic/HIF–VEGF signaling | MaterialPlatform -[PROMOTES]-> RegenerativeEndpoint: Bone regeneration/osteogenesis","Stimulus={Acidic pH} | Mechanism={Angiogenic/HIF–VEGF signaling} | RegenerativeEndpoint={Bone regeneration/osteogenesis}","FS0346","EV000867; EV000868; EV001783"
"CQ03","Multimodal ROS-logic-gated therapeutic platform","MaterialPlatform -[RESPONDS_TO]-> Stimulus: ROS | MaterialPlatform -[MODULATES]-> Mechanism: ROS/oxidative-stress control | MaterialPlatform -[PROMOTES]-> RegenerativeEndpoint: Bone regeneration/osteogenesis","Stimulus={ROS} | Mechanism={ROS/oxidative-stress control} | RegenerativeEndpoint={Bone regeneration/osteogenesis}","FS0400","EV001033; EV001034; EV001036"
"CQ03","PDA@RES NIR-responsive core–shell nanoplatform","MaterialPlatform -[RESPONDS_TO]-> Stimulus: Acidic pH; NIR light | MaterialPlatform -[MODULATES]-> Mechanism: Mitochondrial homeostasis/mitophagy | MaterialPlatform -[PROMOTES]-> RegenerativeEndpoint: Wound healing/skin regeneration","Stimulus={Acidic pH; NIR light} | Mechanism={Mitochondrial homeostasis/mitophagy} | RegenerativeEndpoint={Wound healing/skin regeneration}","FS0402","EV001043; EV001044; EV001795; EV001881"
"CQ03","HydroWrap hydrogen-sulfide-delivery hydrogel","MaterialPlatform -[RESPONDS_TO]-> Stimulus: NIR light | MaterialPlatform -[MODULATES]-> Mechanism: NF-κB/SASP/inflammatory signaling | MaterialPlatform -[PROMOTES]-> RegenerativeEndpoint: Bone regeneration/osteogenesis","Stimulus={NIR light} | Mechanism={NF-κB/SASP/inflammatory signaling} | RegenerativeEndpoint={Bone regeneration/osteogenesis}","FS0472","EV001223; EV001224; EV001811"
"CQ03","3D-printed titanium scaffolds coated with a multifunctional photothermal-responsive hydrogel","MaterialPlatform -[RESPONDS_TO]-> Stimulus: NIR light | MaterialPlatform -[MODULATES]-> Mechanism: ROS/oxidative-stress control | MaterialPlatform -[PROMOTES]-> RegenerativeEndpoint: Bone regeneration/osteogenesis","Stimulus={NIR light} | Mechanism={ROS/oxidative-stress control} | RegenerativeEndpoint={Bone regeneration/osteogenesis}","FS0487","EV001243; EV001244; EV001813"
"CQ03","EGCG@MAB hydrogel","MaterialPlatform -[RESPONDS_TO]-> Stimulus: Acidic pH; ROS | MaterialPlatform -[MODULATES]-> Mechanism: Mitochondrial homeostasis/mitophagy | MaterialPlatform -[PROMOTES]-> RegenerativeEndpoint: Wound healing/skin regeneration","Stimulus={Acidic pH; ROS} | Mechanism={Mitochondrial homeostasis/mitophagy} | RegenerativeEndpoint={Wound healing/skin regeneration}","FS0490","EV001258; EV001259; EV001260; EV001814"
"CQ03","GLRX3+ extracellular-vesicle redox-modulatory hydrogel","MaterialPlatform -[RESPONDS_TO]-> Stimulus: ROS | MaterialPlatform -[MODULATES]-> Mechanism: ROS/oxidative-stress control | MaterialPlatform -[PROMOTES]-> RegenerativeEndpoint: Intervertebral-disc regeneration","Stimulus={ROS} | Mechanism={ROS/oxidative-stress control} | RegenerativeEndpoint={Intervertebral-disc regeneration}","FS0913","EV001634; EV001635; EV001904"
"CQ03","EMHS HxMoO3-loaded bone-targeting lipid nanoparticles","MaterialPlatform -[RESPONDS_TO]-> Stimulus: Acidic pH | MaterialPlatform -[MODULATES]-> Mechanism: Mitochondrial homeostasis/mitophagy | MaterialPlatform -[PROMOTES]-> RegenerativeEndpoint: Bone regeneration/osteogenesis","Stimulus={Acidic pH} | Mechanism={Mitochondrial homeostasis/mitophagy} | RegenerativeEndpoint={Bone regeneration/osteogenesis}","FS1052","EV001698; EV001699; EV001844"
"CQ04","MSOH hydrogel","MaterialPlatform -[DELIVERS]-> TherapeuticCargo: SMSCs | MaterialPlatform -[TARGETS]-> TargetCell: Chondrocytes/cartilage progenitors | MaterialPlatform -[VALIDATED_AT]-> ValidationStage: Small Animal","TherapeuticCargo={SMSCs} | TargetCell={Chondrocytes/cartilage progenitors} | ValidationStage={Small Animal}","FS0022","EV000050; EV000052; EV000057"
"CQ04","CCM@CS-HG hydrogel","MaterialPlatform -[DELIVERS]-> TherapeuticCargo: Car and MTP-131 | MaterialPlatform -[TARGETS]-> TargetCell: Fibroblasts/keratinocytes/skin cells | MaterialPlatform -[VALIDATED_AT]-> ValidationStage: Small Animal","TherapeuticCargo={Car and MTP-131} | TargetCell={Fibroblasts/keratinocytes/skin cells} | ValidationStage={Small Animal}","FS0036","EV000081; EV000088; EV001722"
"CQ04","IHP@Yam engineered biomimetic intervertebral disc","MaterialPlatform -[DELIVERS]-> TherapeuticCargo: isoliquiritigenin | MaterialPlatform -[TARGETS]-> TargetCell: Nucleus pulposus/annulus fibrosus cells | MaterialPlatform -[VALIDATED_AT]-> ValidationStage: Large Animal; Small Animal","TherapeuticCargo={isoliquiritigenin} | TargetCell={Nucleus pulposus/annulus fibrosus cells} | ValidationStage={Large Animal; Small Animal}","FS0041","EV000099; EV000100; EV000102; EV001724"
"CQ04","Lubricated hydrogel with STING-inhibiting EXOs","MaterialPlatform -[DELIVERS]-> TherapeuticCargo: EXO-si-STING | MaterialPlatform -[TARGETS]-> TargetCell: Chondrocytes/cartilage progenitors; Mesenchymal stem/stromal cells | MaterialPlatform -[VALIDATED_AT]-> ValidationStage: Small Animal","TherapeuticCargo={EXO-si-STING} | TargetCell={Chondrocytes/cartilage progenitors; Mesenchymal stem/stromal cells} | ValidationStage={Small Animal}","FS0044","EV000117; EV000122; EV000123; EV000126"
"CQ04","Polyphenol-armored miR-140-5p nanogene-loaded bioadhesive hydrogel","MaterialPlatform -[DELIVERS]-> TherapeuticCargo: miR-140-5p | MaterialPlatform -[TARGETS]-> TargetCell: Chondrocytes/cartilage progenitors | MaterialPlatform -[VALIDATED_AT]-> ValidationStage: Small Animal","TherapeuticCargo={miR-140-5p} | TargetCell={Chondrocytes/cartilage progenitors} | ValidationStage={Small Animal}","FS0056","EV000140; EV000143; EV001731"
"CQ04","3D-printed PCL/nHA/SA/COL loaded with M2 macrophage-derived exosomes","MaterialPlatform -[DELIVERS]-> TherapeuticCargo: Exosomes | MaterialPlatform -[TARGETS]-> TargetCell: Macrophages/innate immune cells; Mesenchymal stem/stromal cells | MaterialPlatform -[VALIDATED_AT]-> ValidationStage: Small Animal","TherapeuticCargo={Exosomes} | TargetCell={Macrophages/innate immune cells; Mesenchymal stem/stromal cells} | ValidationStage={Small Animal}","FS0082","EV000198; EV000203; EV000204; EV000208"
"CQ04","TSH-Q quercetin-loaded temperature-sensitive hydrogel","MaterialPlatform -[DELIVERS]-> TherapeuticCargo: quercetin | MaterialPlatform -[TARGETS]-> TargetCell: Endothelial/vascular cells; Mesenchymal stem/stromal cells; Osteoblasts/osteocytes/osteoclasts | MaterialPlatform -[VALIDATED_AT]-> ValidationStage: Small Animal","TherapeuticCargo={quercetin} | TargetCell={Endothelial/vascular cells; Mesenchymal stem/stromal cells; Osteoblasts/osteocytes/osteoclasts} | ValidationStage={Small Animal}","FS0090","EV000215; EV000219; EV000220; EV000221; EV000224"
"CQ04","MTBG melatonin-loaded bioactive-glass microspheres","MaterialPlatform -[DELIVERS]-> TherapeuticCargo: Melatonin | MaterialPlatform -[TARGETS]-> TargetCell: Mesenchymal stem/stromal cells | MaterialPlatform -[VALIDATED_AT]-> ValidationStage: Small Animal","TherapeuticCargo={Melatonin} | TargetCell={Mesenchymal stem/stromal cells} | ValidationStage={Small Animal}","FS0107","EV000257; EV000259; EV001741"
"CQ04","Senomorphic Small Extracellular Vesicles Delivered by a Tissue-Adhesive α-Lipoic-Acid Hydrogel","MaterialPlatform -[DELIVERS]-> TherapeuticCargo: quercetin-primed senomorphic small extracellular vesicles | MaterialPlatform -[TARGETS]-> TargetCell: Mesenchymal stem/stromal cells | MaterialPlatform -[VALIDATED_AT]-> ValidationStage: Small Animal","TherapeuticCargo={quercetin-primed senomorphic small extracellular vesicles} | TargetCell={Mesenchymal stem/stromal cells} | ValidationStage={Small Animal}","FS0117","EV000296; EV000298; EV000302"
"CQ04","Hypoxic-exosome-loaded PLGA microspheres","MaterialPlatform -[DELIVERS]-> TherapeuticCargo: Exosomes | MaterialPlatform -[TARGETS]-> TargetCell: Mesenchymal stem/stromal cells; Nucleus pulposus/annulus fibrosus cells | MaterialPlatform -[VALIDATED_AT]-> ValidationStage: Small Animal","TherapeuticCargo={Exosomes} | TargetCell={Mesenchymal stem/stromal cells; Nucleus pulposus/annulus fibrosus cells} | ValidationStage={Small Animal}","FS0129","EV000317; EV000319; EV000320; EV000322"
"CQ04","OGPQ/G-NZ quercetin–greigite nanozyme hydrogel","MaterialPlatform -[DELIVERS]-> TherapeuticCargo: quercetin and Quercetin greigite nanozymes (G-NZ) | MaterialPlatform -[TARGETS]-> TargetCell: Nucleus pulposus/annulus fibrosus cells | MaterialPlatform -[VALIDATED_AT]-> ValidationStage: Small Animal","TherapeuticCargo={quercetin and Quercetin greigite nanozymes (G-NZ)} | TargetCell={Nucleus pulposus/annulus fibrosus cells} | ValidationStage={Small Animal}","FS0133","EV000334; EV000338; EV000342"
"CQ04","Electrospun scaffold–bioreactor system","MaterialPlatform -[DELIVERS]-> TherapeuticCargo: EVs | MaterialPlatform -[TARGETS]-> TargetCell: Macrophages/innate immune cells; Senescent cells | MaterialPlatform -[VALIDATED_AT]-> ValidationStage: Small Animal","TherapeuticCargo={EVs} | TargetCell={Macrophages/innate immune cells; Senescent cells} | ValidationStage={Small Animal}","FS0134","EV000343; EV000346; EV000347; EV000352"
"CQ04","TT@P-Gel hydrogel","MaterialPlatform -[DELIVERS]-> TherapeuticCargo: tannic acid | MaterialPlatform -[TARGETS]-> TargetCell: Nucleus pulposus/annulus fibrosus cells | MaterialPlatform -[VALIDATED_AT]-> ValidationStage: Small Animal","TherapeuticCargo={tannic acid} | TargetCell={Nucleus pulposus/annulus fibrosus cells} | ValidationStage={Small Animal}","FS0147","EV000372; EV000376; EV000379"
"CQ04","BAI1-PSTB nanocomposite hydrogel","MaterialPlatform -[DELIVERS]-> TherapeuticCargo: BAI1 | MaterialPlatform -[TARGETS]-> TargetCell: Endothelial/vascular cells | MaterialPlatform -[VALIDATED_AT]-> ValidationStage: Small Animal","TherapeuticCargo={BAI1} | TargetCell={Endothelial/vascular cells} | ValidationStage={Small Animal}","FS0150","EV000393; EV000395; EV001750"
"CQ04","SM@ME exosome-loaded methacrylated-silk-fibroin hydrogel","MaterialPlatform -[DELIVERS]-> TherapeuticCargo: Exosomes | MaterialPlatform -[TARGETS]-> TargetCell: Nucleus pulposus/annulus fibrosus cells | MaterialPlatform -[VALIDATED_AT]-> ValidationStage: Small Animal","TherapeuticCargo={Exosomes} | TargetCell={Nucleus pulposus/annulus fibrosus cells} | ValidationStage={Small Animal}","FS0168","EV000430; EV000432; EV000435"
"CQ04","GEA/NGel senolysis-targeting bioenergetic nanoplatform","MaterialPlatform -[DELIVERS]-> TherapeuticCargo: AICAR | MaterialPlatform -[TARGETS]-> TargetCell: Senescent cells | MaterialPlatform -[VALIDATED_AT]-> ValidationStage: Small Animal","TherapeuticCargo={AICAR} | TargetCell={Senescent cells} | ValidationStage={Small Animal}","FS0184","EV000459; EV000463; EV000466"
"CQ04","Res@Lipo@HMs hydrogel","MaterialPlatform -[DELIVERS]-> TherapeuticCargo: resveratrol | MaterialPlatform -[TARGETS]-> TargetCell: Chondrocytes/cartilage progenitors | MaterialPlatform -[VALIDATED_AT]-> ValidationStage: Small Animal","TherapeuticCargo={resveratrol} | TargetCell={Chondrocytes/cartilage progenitors} | ValidationStage={Small Animal}","FS0203","EV000499; EV000503; EV000506"
"CQ04","FGF-4/IGF-1-loaded cationic thermosensitive polymer scaffold","MaterialPlatform -[DELIVERS]-> TherapeuticCargo: FGF-4; IGF-1 | MaterialPlatform -[TARGETS]-> TargetCell: Mesenchymal stem/stromal cells; Senescent cells | MaterialPlatform -[VALIDATED_AT]-> ValidationStage: Small Animal","TherapeuticCargo={FGF-4; IGF-1} | TargetCell={Mesenchymal stem/stromal cells; Senescent cells} | ValidationStage={Small Animal}","FS0213","EV000532; EV000533; EV000536; EV000537; EV000540"
"CQ04","Fisetin-functionalized photoresponsive DNA nanocage","MaterialPlatform -[DELIVERS]-> TherapeuticCargo: fisetin | MaterialPlatform -[TARGETS]-> TargetCell: Senescent cells | MaterialPlatform -[VALIDATED_AT]-> ValidationStage: Small Animal","TherapeuticCargo={fisetin} | TargetCell={Senescent cells} | ValidationStage={Small Animal}","FS0223","EV000558; EV000562; EV001762"
"CQ04","GPQ pH-responsive anti-senescence hydrogel","MaterialPlatform -[DELIVERS]-> TherapeuticCargo: quercetin | MaterialPlatform -[TARGETS]-> TargetCell: Nucleus pulposus/annulus fibrosus cells | MaterialPlatform -[VALIDATED_AT]-> ValidationStage: Small Animal","TherapeuticCargo={quercetin} | TargetCell={Nucleus pulposus/annulus fibrosus cells} | ValidationStage={Small Animal}","FS0232","EV000588; EV000591; EV000594"
"CQ04","Smart spatiotemporal drug-delivery hydrogels","MaterialPlatform -[DELIVERS]-> TherapeuticCargo: metformin | MaterialPlatform -[TARGETS]-> TargetCell: Endothelial/vascular cells; Mesenchymal stem/stromal cells | MaterialPlatform -[VALIDATED_AT]-> ValidationStage: Small Animal","TherapeuticCargo={metformin} | TargetCell={Endothelial/vascular cells; Mesenchymal stem/stromal cells} | ValidationStage={Small Animal}","FS0248","EV000642; EV000646; EV000647; EV000651"
"CQ04","GelMA@ZIF-8/PGE microsphere–hydrogel platform","MaterialPlatform -[DELIVERS]-> TherapeuticCargo: rapamycin | MaterialPlatform -[TARGETS]-> TargetCell: Fibroblasts/keratinocytes/skin cells | MaterialPlatform -[VALIDATED_AT]-> ValidationStage: Small Animal","TherapeuticCargo={rapamycin} | TargetCell={Fibroblasts/keratinocytes/skin cells} | ValidationStage={Small Animal}","FS0295","EV000725; EV000730; EV000733"
"CQ04","Injectable microgels carrying engineered biomimetic nanoparticles","MaterialPlatform -[DELIVERS]-> TherapeuticCargo: ABT263 | MaterialPlatform -[TARGETS]-> TargetCell: Chondrocytes/cartilage progenitors; Mesenchymal stem/stromal cells; Senescent cells | MaterialPlatform -[VALIDATED_AT]-> ValidationStage: Small Animal","TherapeuticCargo={ABT263} | TargetCell={Chondrocytes/cartilage progenitors; Mesenchymal stem/stromal cells; Senescent cells} | ValidationStage={Small Animal}","FS0300","EV000741; EV000744; EV000745; EV000746; EV001869"
"CQ04","OSK-protein-delivery and inflammatory-niche-remodeling platform","MaterialPlatform -[DELIVERS]-> TherapeuticCargo: OSK reprogramming proteins | MaterialPlatform -[TARGETS]-> TargetCell: Nucleus pulposus/annulus fibrosus cells | MaterialPlatform -[VALIDATED_AT]-> ValidationStage: Small Animal","TherapeuticCargo={OSK reprogramming proteins} | TargetCell={Nucleus pulposus/annulus fibrosus cells} | ValidationStage={Small Animal}","FS0308","EV000762; EV000766; EV000770"
"CQ04","TPG@ChSMA mitochondrial-targeted hydrogel","MaterialPlatform -[DELIVERS]-> TherapeuticCargo: TPG | MaterialPlatform -[TARGETS]-> TargetCell: Mesenchymal stem/stromal cells; Senescent cells | MaterialPlatform -[VALIDATED_AT]-> ValidationStage: Small Animal","TherapeuticCargo={TPG} | TargetCell={Mesenchymal stem/stromal cells; Senescent cells} | ValidationStage={Small Animal}","FS0313","EV000793; EV000796; EV000797; EV000800"
"CQ04","MOTS-c-modified functional self-assembly peptide hydrogels","MaterialPlatform -[DELIVERS]-> TherapeuticCargo: NP-MSCs | MaterialPlatform -[TARGETS]-> TargetCell: Mesenchymal stem/stromal cells; Nucleus pulposus/annulus fibrosus cells | MaterialPlatform -[VALIDATED_AT]-> ValidationStage: Small Animal","TherapeuticCargo={NP-MSCs} | TargetCell={Mesenchymal stem/stromal cells; Nucleus pulposus/annulus fibrosus cells} | ValidationStage={Small Animal}","FS0338","EV000845; EV000849; EV000850; EV000853"
"CQ04","Fmito@ACs hydrogel","MaterialPlatform -[DELIVERS]-> TherapeuticCargo: Fmito | MaterialPlatform -[TARGETS]-> TargetCell: Mesenchymal stem/stromal cells | MaterialPlatform -[VALIDATED_AT]-> ValidationStage: Small Animal","TherapeuticCargo={Fmito} | TargetCell={Mesenchymal stem/stromal cells} | ValidationStage={Small Animal}","FS0365","EV000905; EV000909; EV001788"
"CQ04","Adhesive injectable NRF2-modulating hydrogel microspheres","MaterialPlatform -[DELIVERS]-> TherapeuticCargo: Cordycepin | MaterialPlatform -[TARGETS]-> TargetCell: Periodontal/dental stem cells | MaterialPlatform -[VALIDATED_AT]-> ValidationStage: Small Animal","TherapeuticCargo={Cordycepin} | TargetCell={Periodontal/dental stem cells} | ValidationStage={Small Animal}","FS0367","EV000913; EV000919; EV000922"
"CQ04","Mitochondrial-metabolism/efferocytosis-modulating microcarriers","MaterialPlatform -[DELIVERS]-> TherapeuticCargo: VGX-1027 | MaterialPlatform -[TARGETS]-> TargetCell: Macrophages/innate immune cells; Senescent cells | MaterialPlatform -[VALIDATED_AT]-> ValidationStage: Small Animal","TherapeuticCargo={VGX-1027} | TargetCell={Macrophages/innate immune cells; Senescent cells} | ValidationStage={Small Animal}","FS0376","EV000933; EV000936; EV000937; EV000940"
"CQ04","Phenylboronic-acid-grafted hyaluronic-acid/TIMP-3 hydrogel","MaterialPlatform -[DELIVERS]-> TherapeuticCargo: TIMP-3 | MaterialPlatform -[TARGETS]-> TargetCell: Macrophages/innate immune cells; Nucleus pulposus/annulus fibrosus cells | MaterialPlatform -[VALIDATED_AT]-> ValidationStage: Small Animal","TherapeuticCargo={TIMP-3} | TargetCell={Macrophages/innate immune cells; Nucleus pulposus/annulus fibrosus cells} | ValidationStage={Small Animal}","FS0380","EV000943; EV000946; EV000947; EV000952"
"CQ04","Enucleated-MSC-derived mitochondria-transfer microvesicles","MaterialPlatform -[DELIVERS]-> TherapeuticCargo: mitochondria | MaterialPlatform -[TARGETS]-> TargetCell: Fibroblasts/keratinocytes/skin cells; Mesenchymal stem/stromal cells | MaterialPlatform -[VALIDATED_AT]-> ValidationStage: Small Animal","TherapeuticCargo={mitochondria} | TargetCell={Fibroblasts/keratinocytes/skin cells; Mesenchymal stem/stromal cells} | ValidationStage={Small Animal}","FS0389","EV000978; EV000981; EV000982; EV000984"
"CQ04","rhBMP-2/rapamycin co-treatment without an engineered carrier","MaterialPlatform -[DELIVERS]-> TherapeuticCargo: rhBMP-2 and Rapa | MaterialPlatform -[TARGETS]-> TargetCell: Mesenchymal stem/stromal cells | MaterialPlatform -[VALIDATED_AT]-> ValidationStage: Small Animal","TherapeuticCargo={rhBMP-2 and Rapa} | TargetCell={Mesenchymal stem/stromal cells} | ValidationStage={Small Animal}","FS0391","EV000985; EV000988; EV000991"
"CQ04","FMAG nanoplatform","MaterialPlatform -[DELIVERS]-> TherapeuticCargo: fisetin | MaterialPlatform -[TARGETS]-> TargetCell: Fibroblasts/keratinocytes/skin cells | MaterialPlatform -[VALIDATED_AT]-> ValidationStage: Small Animal","TherapeuticCargo={fisetin} | TargetCell={Fibroblasts/keratinocytes/skin cells} | ValidationStage={Small Animal}","FS0399","EV001023; EV001026; EV001029"
"CQ04","Multimodal ROS-logic-gated therapeutic platform","MaterialPlatform -[DELIVERS]-> TherapeuticCargo: rapamycin | MaterialPlatform -[TARGETS]-> TargetCell: Senescent cells | MaterialPlatform -[VALIDATED_AT]-> ValidationStage: Small Animal","TherapeuticCargo={rapamycin} | TargetCell={Senescent cells} | ValidationStage={Small Animal}","FS0400","EV001030; EV001037; EV001793"
"CQ04","synFGF18 mRNA lipid nanoparticles","MaterialPlatform -[DELIVERS]-> TherapeuticCargo: FGF18 mRNA | MaterialPlatform -[TARGETS]-> TargetCell: Chondrocytes/cartilage progenitors | MaterialPlatform -[VALIDATED_AT]-> ValidationStage: Small Animal","TherapeuticCargo={FGF18 mRNA} | TargetCell={Chondrocytes/cartilage progenitors} | ValidationStage={Small Animal}","FS0404","EV001051; EV001053; EV001055"
"CQ04","Curcumin-loaded milk-sEV/platelet-membrane hybrid vesicles","MaterialPlatform -[DELIVERS]-> TherapeuticCargo: Curcumin | MaterialPlatform -[TARGETS]-> TargetCell: Endothelial/vascular cells | MaterialPlatform -[VALIDATED_AT]-> ValidationStage: Small Animal","TherapeuticCargo={Curcumin} | TargetCell={Endothelial/vascular cells} | ValidationStage={Small Animal}","FS0409","EV001059; EV001061; EV001882"
"CQ04","Self-healing hydrogels loaded with Spatholobi Caulis","MaterialPlatform -[DELIVERS]-> TherapeuticCargo: Spatholobi Caulis | MaterialPlatform -[TARGETS]-> TargetCell: Nucleus pulposus/annulus fibrosus cells | MaterialPlatform -[VALIDATED_AT]-> ValidationStage: Small Animal","TherapeuticCargo={Spatholobi Caulis} | TargetCell={Nucleus pulposus/annulus fibrosus cells} | ValidationStage={Small Animal}","FS0428","EV001085; EV001089; EV001801"
"CQ04","Quercetin-loaded aligned-nanowire hydrogel","MaterialPlatform -[DELIVERS]-> TherapeuticCargo: quercetin | MaterialPlatform -[TARGETS]-> TargetCell: Mesenchymal stem/stromal cells | MaterialPlatform -[VALIDATED_AT]-> ValidationStage: Small Animal","TherapeuticCargo={quercetin} | TargetCell={Mesenchymal stem/stromal cells} | ValidationStage={Small Animal}","FS0433","EV001099; EV001105; EV001108"
"CQ04","MG@IFN-γ-ECM cartilage-anchoring microgels","MaterialPlatform -[DELIVERS]-> TherapeuticCargo: IFN-γ-stimulated ECM | MaterialPlatform -[TARGETS]-> TargetCell: Chondrocytes/cartilage progenitors; Mesenchymal stem/stromal cells | MaterialPlatform -[VALIDATED_AT]-> ValidationStage: Small Animal","TherapeuticCargo={IFN-γ-stimulated ECM} | TargetCell={Chondrocytes/cartilage progenitors; Mesenchymal stem/stromal cells} | ValidationStage={Small Animal}","FS0459","EV001171; EV001175; EV001176; EV001806"
"CQ04","LT-NPs nanoplatform","MaterialPlatform -[DELIVERS]-> TherapeuticCargo: Licochalcone A; TPA-TCNQ | MaterialPlatform -[TARGETS]-> TargetCell: Macrophages/innate immune cells; Tenocytes/tendon progenitors | MaterialPlatform -[VALIDATED_AT]-> ValidationStage: Small Animal","TherapeuticCargo={Licochalcone A; TPA-TCNQ} | TargetCell={Macrophages/innate immune cells; Tenocytes/tendon progenitors} | ValidationStage={Small Animal}","FS0462","EV001189; EV001190; EV001194; EV001195; EV001198"
"CQ04","HydroWrap hydrogen-sulfide-delivery hydrogel","MaterialPlatform -[DELIVERS]-> TherapeuticCargo: Hydrogen sulfide (H2S) | MaterialPlatform -[TARGETS]-> TargetCell: Macrophages/innate immune cells | MaterialPlatform -[VALIDATED_AT]-> ValidationStage: Small Animal","TherapeuticCargo={Hydrogen sulfide (H2S)} | TargetCell={Macrophages/innate immune cells} | ValidationStage={Small Animal}","FS0472","EV001222; EV001226; EV001229"
"CQ04","EGCG@MAB hydrogel","MaterialPlatform -[DELIVERS]-> TherapeuticCargo: stem cells | MaterialPlatform -[TARGETS]-> TargetCell: Senescent cells | MaterialPlatform -[VALIDATED_AT]-> ValidationStage: Small Animal","TherapeuticCargo={stem cells} | TargetCell={Senescent cells} | ValidationStage={Small Animal}","FS0490","EV001252; EV001261; EV001264"
"CQ04","Tannic-acid-loaded calcium-alginate/silk-fibroin-peptide/Bletilla-polysaccharide microspheres","MaterialPlatform -[DELIVERS]-> TherapeuticCargo: tannic acid | MaterialPlatform -[TARGETS]-> TargetCell: Fibroblasts/keratinocytes/skin cells | MaterialPlatform -[VALIDATED_AT]-> ValidationStage: Small Animal","TherapeuticCargo={tannic acid} | TargetCell={Fibroblasts/keratinocytes/skin cells} | ValidationStage={Small Animal}","FS0507","EV001282; EV001287; EV001289"
"CQ04","F@GP galactose-modified Fe3O4-loaded PLGA nanoparticles","MaterialPlatform -[DELIVERS]-> TherapeuticCargo: Fe3O4 nanoparticles | MaterialPlatform -[TARGETS]-> TargetCell: Senescent cells | MaterialPlatform -[VALIDATED_AT]-> ValidationStage: Small Animal","TherapeuticCargo={Fe3O4 nanoparticles} | TargetCell={Senescent cells} | ValidationStage={Small Animal}","FS0534","EV001317; EV001320; EV001322"
"CQ04","p16INK4a-siRNA nanoparticles","MaterialPlatform -[DELIVERS]-> TherapeuticCargo: p16INK4a siRNA | MaterialPlatform -[TARGETS]-> TargetCell: Chondrocytes/cartilage progenitors | MaterialPlatform -[VALIDATED_AT]-> ValidationStage: Small Animal","TherapeuticCargo={p16INK4a siRNA} | TargetCell={Chondrocytes/cartilage progenitors} | ValidationStage={Small Animal}","FS0552","EV001353; EV001356; EV001358"
"CQ04","Bone-targeted senolytic delivery system","MaterialPlatform -[DELIVERS]-> TherapeuticCargo: quercetin | MaterialPlatform -[TARGETS]-> TargetCell: Mesenchymal stem/stromal cells; Senescent cells | MaterialPlatform -[VALIDATED_AT]-> ValidationStage: Small Animal","TherapeuticCargo={quercetin} | TargetCell={Mesenchymal stem/stromal cells; Senescent cells} | ValidationStage={Small Animal}","FS0649","EV001417; EV001419; EV001420; EV001422"
"CQ04","Recombinant-Yap1-loaded platelet-derived exosomes","MaterialPlatform -[DELIVERS]-> TherapeuticCargo: Exosomes | MaterialPlatform -[TARGETS]-> TargetCell: Tenocytes/tendon progenitors | MaterialPlatform -[VALIDATED_AT]-> ValidationStage: Small Animal","TherapeuticCargo={Exosomes} | TargetCell={Tenocytes/tendon progenitors} | ValidationStage={Small Animal}","FS0651","EV001424; EV001427; EV001431"
"CQ04","Quercetin/HA-loaded TG-18 hydrogel","MaterialPlatform -[DELIVERS]-> TherapeuticCargo: quercetin | MaterialPlatform -[TARGETS]-> TargetCell: Mesenchymal stem/stromal cells; Senescent cells | MaterialPlatform -[VALIDATED_AT]-> ValidationStage: Small Animal","TherapeuticCargo={quercetin} | TargetCell={Mesenchymal stem/stromal cells; Senescent cells} | ValidationStage={Small Animal}","FS0657","EV001439; EV001443; EV001444; EV001446"
"CQ04","ASD all-in-one smart hydrogel dressing","MaterialPlatform -[DELIVERS]-> TherapeuticCargo: CXCL12; Ginsenoside Rg1; Ligustroflavone | MaterialPlatform -[TARGETS]-> TargetCell: Mesenchymal stem/stromal cells | MaterialPlatform -[VALIDATED_AT]-> ValidationStage: Small Animal","TherapeuticCargo={CXCL12; Ginsenoside Rg1; Ligustroflavone} | TargetCell={Mesenchymal stem/stromal cells} | ValidationStage={Small Animal}","FS0810","EV001560; EV001561; EV001562; EV001568; EV001570"
"CQ04","Hairyvein-agrimony-nanovesicle-loaded microneedles","MaterialPlatform -[DELIVERS]-> TherapeuticCargo: Hairyvein agrimony-derived nanovesicles (HA-NVs) | MaterialPlatform -[TARGETS]-> TargetCell: Endothelial/vascular cells; Fibroblasts/keratinocytes/skin cells; Macrophages/innate immune cells | MaterialPlatform -[VALIDATED_AT]-> ValidationStage: Small Animal","TherapeuticCargo={Hairyvein agrimony-derived nanovesicles (HA-NVs)} | TargetCell={Endothelial/vascular cells; Fibroblasts/keratinocytes/skin cells; Macrophages/innate immune cells} | ValidationStage={Small Animal}","FS1040","EV001685; EV001688; EV001689; EV001690; EV001694"
"CQ05","CCM@CS-HG hydrogel","MaterialPlatform -[TARGETS]-> TargetCell: Fibroblasts/keratinocytes/skin cells | MaterialPlatform -[MODULATES]-> Mechanism: ROS/oxidative-stress control | MaterialPlatform -[PROMOTES]-> RegenerativeEndpoint: Wound healing/skin regeneration","TargetCell={Fibroblasts/keratinocytes/skin cells} | Mechanism={ROS/oxidative-stress control} | RegenerativeEndpoint={Wound healing/skin regeneration}","FS0036","EV000083; EV000084; EV000088"
"CQ05","PAA–EDA-grafted porous PEEK scaffold","MaterialPlatform -[TARGETS]-> TargetCell: Mesenchymal stem/stromal cells | MaterialPlatform -[MODULATES]-> Mechanism: βPIX–ITGB1–RAC1–NOX1 signaling | MaterialPlatform -[PROMOTES]-> RegenerativeEndpoint: Bone regeneration/osteogenesis","TargetCell={Mesenchymal stem/stromal cells} | Mechanism={βPIX–ITGB1–RAC1–NOX1 signaling} | RegenerativeEndpoint={Bone regeneration/osteogenesis}","FS0043","EV000108; EV000109; EV000110"
"CQ05","3D-printed PCL/nHA/SA/COL loaded with M2 macrophage-derived exosomes","MaterialPlatform -[TARGETS]-> TargetCell: Macrophages/innate immune cells; Mesenchymal stem/stromal cells | MaterialPlatform -[MODULATES]-> Mechanism: Paracrine/EV-mediated signaling | MaterialPlatform -[PROMOTES]-> RegenerativeEndpoint: Bone regeneration/osteogenesis","TargetCell={Macrophages/innate immune cells; Mesenchymal stem/stromal cells} | Mechanism={Paracrine/EV-mediated signaling} | RegenerativeEndpoint={Bone regeneration/osteogenesis}","FS0082","EV000200; EV000201; EV000203; EV000204"
"CQ05","GM-Gel glycyrrhizic-acid-microsphere-loaded GEP/chitosan hydrogel","MaterialPlatform -[TARGETS]-> TargetCell: Macrophages/innate immune cells | MaterialPlatform -[MODULATES]-> Mechanism: Immune modulation/macrophage polarization | MaterialPlatform -[PROMOTES]-> RegenerativeEndpoint: Wound healing/skin regeneration","TargetCell={Macrophages/innate immune cells} | Mechanism={Immune modulation/macrophage polarization} | RegenerativeEndpoint={Wound healing/skin regeneration}","FS0122","EV000305; EV000306; EV000307"
"CQ05","A20-CRISPRa injectable microspheres","MaterialPlatform -[TARGETS]-> TargetCell: Mesenchymal stem/stromal cells | MaterialPlatform -[MODULATES]-> Mechanism: NF-κB/SASP/inflammatory signaling | MaterialPlatform -[PROMOTES]-> RegenerativeEndpoint: Bone regeneration/osteogenesis","TargetCell={Mesenchymal stem/stromal cells} | Mechanism={NF-κB/SASP/inflammatory signaling} | RegenerativeEndpoint={Bone regeneration/osteogenesis}","FS0136","EV000358; EV000359; EV000360"
"CQ05","HPQ@K superlubricative drug-delivery nanoparticles","MaterialPlatform -[TARGETS]-> TargetCell: Chondrocytes/cartilage progenitors | MaterialPlatform -[MODULATES]-> Mechanism: ROS/oxidative-stress control | MaterialPlatform -[PROMOTES]-> RegenerativeEndpoint: Cartilage regeneration/chondroprotection","TargetCell={Chondrocytes/cartilage progenitors} | Mechanism={ROS/oxidative-stress control} | RegenerativeEndpoint={Cartilage regeneration/chondroprotection}","FS0142","EV000365; EV000366; EV000368"
"CQ05","ABT-263-loaded asymmetric composite wound dressing","MaterialPlatform -[TARGETS]-> TargetCell: Endothelial/vascular cells; Fibroblasts/keratinocytes/skin cells; Senescent cells | MaterialPlatform -[MODULATES]-> Mechanism: Senolytic cell clearance | MaterialPlatform -[PROMOTES]-> RegenerativeEndpoint: Wound healing/skin regeneration","TargetCell={Endothelial/vascular cells; Fibroblasts/keratinocytes/skin cells; Senescent cells} | Mechanism={Senolytic cell clearance} | RegenerativeEndpoint={Wound healing/skin regeneration}","FS0207","EV000515; EV000516; EV000517; EV000518; EV000519"
"CQ05","Zn@MOF-gel dual-polyphenol ECM-mimetic hydrogel","MaterialPlatform -[TARGETS]-> TargetCell: Nucleus pulposus/annulus fibrosus cells | MaterialPlatform -[MODULATES]-> Mechanism: NF-κB/SASP/inflammatory signaling | MaterialPlatform -[PROMOTES]-> RegenerativeEndpoint: Intervertebral-disc regeneration","TargetCell={Nucleus pulposus/annulus fibrosus cells} | Mechanism={NF-κB/SASP/inflammatory signaling} | RegenerativeEndpoint={Intervertebral-disc regeneration}","FS0222","EV000548; EV000549; EV000550"
"CQ05","YBEV-loaded GelMA hydrogel","MaterialPlatform -[TARGETS]-> TargetCell: Senescent cells | MaterialPlatform -[MODULATES]-> Mechanism: Mitochondrial homeostasis/mitophagy | MaterialPlatform -[PROMOTES]-> RegenerativeEndpoint: Wound healing/skin regeneration","TargetCell={Senescent cells} | Mechanism={Mitochondrial homeostasis/mitophagy} | RegenerativeEndpoint={Wound healing/skin regeneration}","FS0226","EV000566; EV000567; EV000568"
"CQ05","PEG-HS/TiO2 nanocomposite","MaterialPlatform -[TARGETS]-> TargetCell: Endothelial/vascular cells; Macrophages/innate immune cells | MaterialPlatform -[MODULATES]-> Mechanism: ROS/oxidative-stress control | MaterialPlatform -[PROMOTES]-> RegenerativeEndpoint: Wound healing/skin regeneration","TargetCell={Endothelial/vascular cells; Macrophages/innate immune cells} | Mechanism={ROS/oxidative-stress control} | RegenerativeEndpoint={Wound healing/skin regeneration}","FS0238","EV000602; EV000603; EV000604; EV000605"
"CQ05","Smart spatiotemporal drug-delivery hydrogels","MaterialPlatform -[TARGETS]-> TargetCell: Endothelial/vascular cells; Mesenchymal stem/stromal cells | MaterialPlatform -[MODULATES]-> Mechanism: ROS/oxidative-stress control | MaterialPlatform -[PROMOTES]-> RegenerativeEndpoint: Bone regeneration/osteogenesis","TargetCell={Endothelial/vascular cells; Mesenchymal stem/stromal cells} | Mechanism={ROS/oxidative-stress control} | RegenerativeEndpoint={Bone regeneration/osteogenesis}","FS0248","EV000644; EV000645; EV000646; EV000647"
"CQ05","Lesion-localized hydrogels functionalized with engineered extracellular matrix","MaterialPlatform -[TARGETS]-> TargetCell: Chondrocytes/cartilage progenitors | MaterialPlatform -[MODULATES]-> Mechanism: Mitochondrial homeostasis/mitophagy | MaterialPlatform -[PROMOTES]-> RegenerativeEndpoint: Cartilage regeneration/chondroprotection","TargetCell={Chondrocytes/cartilage progenitors} | Mechanism={Mitochondrial homeostasis/mitophagy} | RegenerativeEndpoint={Cartilage regeneration/chondroprotection}","FS0279","EV000691; EV000692; EV000693"
"CQ05","Nanoceria-infused PCL nanofibrous scaffold","MaterialPlatform -[TARGETS]-> TargetCell: Senescent cells | MaterialPlatform -[MODULATES]-> Mechanism: ROS/oxidative-stress control | MaterialPlatform -[PROMOTES]-> RegenerativeEndpoint: Bone regeneration/osteogenesis","TargetCell={Senescent cells} | Mechanism={ROS/oxidative-stress control} | RegenerativeEndpoint={Bone regeneration/osteogenesis}","FS0282","EV000700; EV000701; EV000702"
"CQ05","Orbital hybridization-mediated nanozymes","MaterialPlatform -[TARGETS]-> TargetCell: Endothelial/vascular cells; Mesenchymal stem/stromal cells | MaterialPlatform -[MODULATES]-> Mechanism: ROS/oxidative-stress control | MaterialPlatform -[PROMOTES]-> RegenerativeEndpoint: Bone regeneration/osteogenesis","TargetCell={Endothelial/vascular cells; Mesenchymal stem/stromal cells} | Mechanism={ROS/oxidative-stress control} | RegenerativeEndpoint={Bone regeneration/osteogenesis}","FS0283","EV000708; EV000709; EV000710; EV000711"
"CQ05","MMZ@Si–P53 hydrogel","MaterialPlatform -[TARGETS]-> TargetCell: Mesenchymal stem/stromal cells; Neural stem cells/neurons/glia | MaterialPlatform -[MODULATES]-> Mechanism: p16/p21/p53–Rb cell-cycle arrest | MaterialPlatform -[PROMOTES]-> RegenerativeEndpoint: Bone regeneration/osteogenesis","TargetCell={Mesenchymal stem/stromal cells; Neural stem cells/neurons/glia} | Mechanism={p16/p21/p53–Rb cell-cycle arrest} | RegenerativeEndpoint={Bone regeneration/osteogenesis}","FS0296","EV000735; EV000736; EV000737; EV000738"
"CQ05","CAP-CD56+CD271+ BMSC-exosome-loaded PVA/SA hydrogel","MaterialPlatform -[TARGETS]-> TargetCell: Chondrocytes/cartilage progenitors; Mesenchymal stem/stromal cells | MaterialPlatform -[MODULATES]-> Mechanism: p16/p21/p53–Rb cell-cycle arrest | MaterialPlatform -[PROMOTES]-> RegenerativeEndpoint: Cartilage regeneration/chondroprotection","TargetCell={Chondrocytes/cartilage progenitors; Mesenchymal stem/stromal cells} | Mechanism={p16/p21/p53–Rb cell-cycle arrest} | RegenerativeEndpoint={Cartilage regeneration/chondroprotection}","FS0322","EV000801; EV000802; EV000804; EV000805"
"CQ05","MOTS-c-modified functional self-assembly peptide hydrogels","MaterialPlatform -[TARGETS]-> TargetCell: Mesenchymal stem/stromal cells; Nucleus pulposus/annulus fibrosus cells | MaterialPlatform -[MODULATES]-> Mechanism: AMPK–mTOR–sirtuin signaling | MaterialPlatform -[PROMOTES]-> RegenerativeEndpoint: Intervertebral-disc regeneration","TargetCell={Mesenchymal stem/stromal cells; Nucleus pulposus/annulus fibrosus cells} | Mechanism={AMPK–mTOR–sirtuin signaling} | RegenerativeEndpoint={Intervertebral-disc regeneration}","FS0338","EV000847; EV000848; EV000849; EV000850"
"CQ05","Multifunctional pH-responsive microneedles","MaterialPlatform -[TARGETS]-> TargetCell: Periodontal/dental stem cells | MaterialPlatform -[MODULATES]-> Mechanism: Angiogenic/HIF–VEGF signaling | MaterialPlatform -[PROMOTES]-> RegenerativeEndpoint: Bone regeneration/osteogenesis","TargetCell={Periodontal/dental stem cells} | Mechanism={Angiogenic/HIF–VEGF signaling} | RegenerativeEndpoint={Bone regeneration/osteogenesis}","FS0346","EV000867; EV000868; EV000869"
"CQ05","Senescence-targeted NAD+-dependent SIRT1-activating nanoplatform","MaterialPlatform -[TARGETS]-> TargetCell: Mesenchymal stem/stromal cells | MaterialPlatform -[MODULATES]-> Mechanism: AMPK–mTOR–sirtuin signaling | MaterialPlatform -[PROMOTES]-> RegenerativeEndpoint: Bone regeneration/osteogenesis","TargetCell={Mesenchymal stem/stromal cells} | Mechanism={AMPK–mTOR–sirtuin signaling} | RegenerativeEndpoint={Bone regeneration/osteogenesis}","FS0350","EV000879; EV000880; EV000881"
"CQ05","α-Arbutin-crosslinked chitosan/gelatin film","MaterialPlatform -[TARGETS]-> TargetCell: Osteoblasts/osteocytes/osteoclasts; Senescent cells | MaterialPlatform -[MODULATES]-> Mechanism: ROS/oxidative-stress control | MaterialPlatform -[PROMOTES]-> RegenerativeEndpoint: Bone regeneration/osteogenesis","TargetCell={Osteoblasts/osteocytes/osteoclasts; Senescent cells} | Mechanism={ROS/oxidative-stress control} | RegenerativeEndpoint={Bone regeneration/osteogenesis}","FS0384","EV000963; EV000964; EV000965; EV000966"
"CQ05","Multimodal ROS-logic-gated therapeutic platform","MaterialPlatform -[TARGETS]-> TargetCell: Senescent cells | MaterialPlatform -[MODULATES]-> Mechanism: ROS/oxidative-stress control | MaterialPlatform -[PROMOTES]-> RegenerativeEndpoint: Bone regeneration/osteogenesis","TargetCell={Senescent cells} | Mechanism={ROS/oxidative-stress control} | RegenerativeEndpoint={Bone regeneration/osteogenesis}","FS0400","EV001033; EV001034; EV001037"
"CQ05","PDA@RES NIR-responsive core–shell nanoplatform","MaterialPlatform -[TARGETS]-> TargetCell: Endothelial/vascular cells | MaterialPlatform -[MODULATES]-> Mechanism: Mitochondrial homeostasis/mitophagy | MaterialPlatform -[PROMOTES]-> RegenerativeEndpoint: Wound healing/skin regeneration","TargetCell={Endothelial/vascular cells} | Mechanism={Mitochondrial homeostasis/mitophagy} | RegenerativeEndpoint={Wound healing/skin regeneration}","FS0402","EV001043; EV001044; EV001045"
"CQ05","CeO2 nanozymes","MaterialPlatform -[TARGETS]-> TargetCell: Mesenchymal stem/stromal cells; Osteoblasts/osteocytes/osteoclasts | MaterialPlatform -[MODULATES]-> Mechanism: ROS/oxidative-stress control | MaterialPlatform -[PROMOTES]-> RegenerativeEndpoint: Bone regeneration/osteogenesis","TargetCell={Mesenchymal stem/stromal cells; Osteoblasts/osteocytes/osteoclasts} | Mechanism={ROS/oxidative-stress control} | RegenerativeEndpoint={Bone regeneration/osteogenesis}","FS0436","EV001109; EV001110; EV001111; EV001112"
"CQ05","HydroWrap hydrogen-sulfide-delivery hydrogel","MaterialPlatform -[TARGETS]-> TargetCell: Macrophages/innate immune cells | MaterialPlatform -[MODULATES]-> Mechanism: NF-κB/SASP/inflammatory signaling | MaterialPlatform -[PROMOTES]-> RegenerativeEndpoint: Bone regeneration/osteogenesis","TargetCell={Macrophages/innate immune cells} | Mechanism={NF-κB/SASP/inflammatory signaling} | RegenerativeEndpoint={Bone regeneration/osteogenesis}","FS0472","EV001223; EV001224; EV001226"
"CQ05","3D-printed titanium scaffolds coated with a multifunctional photothermal-responsive hydrogel","MaterialPlatform -[TARGETS]-> TargetCell: Macrophages/innate immune cells; Mesenchymal stem/stromal cells | MaterialPlatform -[MODULATES]-> Mechanism: ROS/oxidative-stress control | MaterialPlatform -[PROMOTES]-> RegenerativeEndpoint: Bone regeneration/osteogenesis","TargetCell={Macrophages/innate immune cells; Mesenchymal stem/stromal cells} | Mechanism={ROS/oxidative-stress control} | RegenerativeEndpoint={Bone regeneration/osteogenesis}","FS0487","EV001243; EV001244; EV001245; EV001246"
"CQ05","EGCG@MAB hydrogel","MaterialPlatform -[TARGETS]-> TargetCell: Senescent cells | MaterialPlatform -[MODULATES]-> Mechanism: Mitochondrial homeostasis/mitophagy | MaterialPlatform -[PROMOTES]-> RegenerativeEndpoint: Wound healing/skin regeneration","TargetCell={Senescent cells} | Mechanism={Mitochondrial homeostasis/mitophagy} | RegenerativeEndpoint={Wound healing/skin regeneration}","FS0490","EV001258; EV001259; EV001261"
"CQ05","α-Klotho gene-activated scaffold","MaterialPlatform -[TARGETS]-> TargetCell: Endothelial/vascular cells; Mesenchymal stem/stromal cells | MaterialPlatform -[MODULATES]-> Mechanism: Angiogenic/HIF–VEGF signaling | MaterialPlatform -[PROMOTES]-> RegenerativeEndpoint: Wound healing/skin regeneration","TargetCell={Endothelial/vascular cells; Mesenchymal stem/stromal cells} | Mechanism={Angiogenic/HIF–VEGF signaling} | RegenerativeEndpoint={Wound healing/skin regeneration}","FS0598","EV001385; EV001386; EV001387; EV001388"
"CQ05","Lycium barbarum-derived carbon dots","MaterialPlatform -[TARGETS]-> TargetCell: Mesenchymal stem/stromal cells | MaterialPlatform -[MODULATES]-> Mechanism: Apoptosis/cell-survival regulation | MaterialPlatform -[PROMOTES]-> RegenerativeEndpoint: Bone regeneration/osteogenesis","TargetCell={Mesenchymal stem/stromal cells} | Mechanism={Apoptosis/cell-survival regulation} | RegenerativeEndpoint={Bone regeneration/osteogenesis}","FS0624","EV001394; EV001395; EV001396"
"CQ05","miR-29b-5p-loaded stem-cell-homing hydrogel","MaterialPlatform -[TARGETS]-> TargetCell: Chondrocytes/cartilage progenitors | MaterialPlatform -[MODULATES]-> Mechanism: Epigenetic/chromatin regulation | MaterialPlatform -[PROMOTES]-> RegenerativeEndpoint: Cartilage regeneration/chondroprotection","TargetCell={Chondrocytes/cartilage progenitors} | Mechanism={Epigenetic/chromatin regulation} | RegenerativeEndpoint={Cartilage regeneration/chondroprotection}","FS0696","EV001461; EV001462; EV001463"
"CQ05","Cerium-oxide-nanoparticle-carrying hUCMSCs","MaterialPlatform -[TARGETS]-> TargetCell: Mesenchymal stem/stromal cells | MaterialPlatform -[MODULATES]-> Mechanism: ROS/oxidative-stress control | MaterialPlatform -[PROMOTES]-> RegenerativeEndpoint: Tendon/ligament regeneration","TargetCell={Mesenchymal stem/stromal cells} | Mechanism={ROS/oxidative-stress control} | RegenerativeEndpoint={Tendon/ligament regeneration}","FS0709","EV001481; EV001482; EV001483"
"CQ05","Gelatin-microcarrier-based MSC microtissues","MaterialPlatform -[TARGETS]-> TargetCell: Mesenchymal stem/stromal cells | MaterialPlatform -[MODULATES]-> Mechanism: Apoptosis/cell-survival regulation | MaterialPlatform -[PROMOTES]-> RegenerativeEndpoint: Neural regeneration/function","TargetCell={Mesenchymal stem/stromal cells} | Mechanism={Apoptosis/cell-survival regulation} | RegenerativeEndpoint={Neural regeneration/function}","FS0738","EV001508; EV001509; EV001510"
"CQ05","Antibody-functionalized copper-sulfate nanoparticles","MaterialPlatform -[TARGETS]-> TargetCell: Chondrocytes/cartilage progenitors; Senescent cells | MaterialPlatform -[MODULATES]-> Mechanism: Apoptosis/cell-survival regulation | MaterialPlatform -[PROMOTES]-> RegenerativeEndpoint: Cartilage regeneration/chondroprotection","TargetCell={Chondrocytes/cartilage progenitors; Senescent cells} | Mechanism={Apoptosis/cell-survival regulation} | RegenerativeEndpoint={Cartilage regeneration/chondroprotection}","FS0765","EV001518; EV001519; EV001520; EV001521"
"CQ05","Calcium-silicate ion-releasing biomaterial","MaterialPlatform -[TARGETS]-> TargetCell: Fibroblasts/keratinocytes/skin cells | MaterialPlatform -[MODULATES]-> Mechanism: p16/p21/p53–Rb cell-cycle arrest | MaterialPlatform -[PROMOTES]-> RegenerativeEndpoint: Wound healing/skin regeneration","TargetCell={Fibroblasts/keratinocytes/skin cells} | Mechanism={p16/p21/p53–Rb cell-cycle arrest} | RegenerativeEndpoint={Wound healing/skin regeneration}","FS0783","EV001533; EV001534; EV001535"
"CQ05","GLRX3+ extracellular-vesicle redox-modulatory hydrogel","MaterialPlatform -[TARGETS]-> TargetCell: Mesenchymal stem/stromal cells; Nucleus pulposus/annulus fibrosus cells | MaterialPlatform -[MODULATES]-> Mechanism: ROS/oxidative-stress control | MaterialPlatform -[PROMOTES]-> RegenerativeEndpoint: Intervertebral-disc regeneration","TargetCell={Mesenchymal stem/stromal cells; Nucleus pulposus/annulus fibrosus cells} | Mechanism={ROS/oxidative-stress control} | RegenerativeEndpoint={Intervertebral-disc regeneration}","FS0913","EV001634; EV001635; EV001636; EV001637"
"CQ05","EMHS HxMoO3-loaded bone-targeting lipid nanoparticles","MaterialPlatform -[TARGETS]-> TargetCell: Endothelial/vascular cells; Mesenchymal stem/stromal cells | MaterialPlatform -[MODULATES]-> Mechanism: Mitochondrial homeostasis/mitophagy | MaterialPlatform -[PROMOTES]-> RegenerativeEndpoint: Bone regeneration/osteogenesis","TargetCell={Endothelial/vascular cells; Mesenchymal stem/stromal cells} | Mechanism={Mitochondrial homeostasis/mitophagy} | RegenerativeEndpoint={Bone regeneration/osteogenesis}","FS1052","EV001698; EV001699; EV001700; EV001701"
"CQ06","BGSC-organoid (dCSEV hydrogel-based biomimetic gradient-structured cartilage organoid)","MaterialPlatform -[COMPOSED_OF]-> MaterialComposition: EVs from SOX9-overexpressing human BMSCs (SBEVs) | MaterialPlatform -[FABRICATED_BY]-> FabricationStrategy: droplet-microfluidic cell encapsulation | MaterialPlatform -[VALIDATED_AT]-> ValidationStage: Organoid/chip; Small Animal","MaterialComposition={EVs from SOX9-overexpressing human BMSCs (SBEVs)} | FabricationStrategy={droplet-microfluidic cell encapsulation} | ValidationStage={Organoid/chip; Small Animal}","FS0001","EV000001; EV000002; EV000006; EV000007"
"CQ06","DS@Lip-FA (folate-modified denosumab-loaded liposomes)","MaterialPlatform -[COMPOSED_OF]-> MaterialComposition: cholesterol | MaterialPlatform -[FABRICATED_BY]-> FabricationStrategy: DSPE-PEG2000-FA post-insertion; serial extrusion; Thin-film hydration | MaterialPlatform -[VALIDATED_AT]-> ValidationStage: Small Animal","MaterialComposition={cholesterol} | FabricationStrategy={DSPE-PEG2000-FA post-insertion; serial extrusion; Thin-film hydration} | ValidationStage={Small Animal}","FS0007","EV000010; EV000011; EV000012; EV000013; EV000015"
"CQ06","MRRH@UB multilayer ROS-responsive hydrogel","MaterialPlatform -[COMPOSED_OF]-> MaterialComposition: HA/PLL-Glu/TPA middle layer loaded with urolithin B; Inner PLL-Glu/TPA phenylboronate network | MaterialPlatform -[FABRICATED_BY]-> FabricationStrategy: outer PLL/acrylamide/LAP photocuring at 405 nm; TPA and PLL-Glu synthesis | MaterialPlatform -[VALIDATED_AT]-> ValidationStage: Small Animal","MaterialComposition={HA/PLL-Glu/TPA middle layer loaded with urolithin B; Inner PLL-Glu/TPA phenylboronate network} | FabricationStrategy={outer PLL/acrylamide/LAP photocuring at 405 nm; TPA and PLL-Glu synthesis} | ValidationStage={Small Animal}","FS0009","EV000016; EV000017; EV000018; EV000019; EV000024"
"CQ06","PAZ hydrogel containing CZpz-MOF artificial antioxidase","MaterialPlatform -[COMPOSED_OF]-> MaterialComposition: PVA/Alg-PBA hydrogel with dynamic PBA-diol bonds | MaterialPlatform -[FABRICATED_BY]-> FabricationStrategy: incorporation into a PVA/Alg-PBA dynamically crosslinked hydrogel | MaterialPlatform -[VALIDATED_AT]-> ValidationStage: Small Animal","MaterialComposition={PVA/Alg-PBA hydrogel with dynamic PBA-diol bonds} | FabricationStrategy={incorporation into a PVA/Alg-PBA dynamically crosslinked hydrogel} | ValidationStage={Small Animal}","FS0013","EV000028; EV000029; EV001716"
"CQ06","MPN/BMP@HA hydrogel","MaterialPlatform -[COMPOSED_OF]-> MaterialComposition: Mn2+-6-hydroxykaempferol MPN nanoparticles; Schiff-base HA-ADH/HA-ALD hydrogel | MaterialPlatform -[FABRICATED_BY]-> FabricationStrategy: BMP-2 electrostatic adsorption; HA-ADH and HA-ALD synthesis | MaterialPlatform -[VALIDATED_AT]-> ValidationStage: Small Animal","MaterialComposition={Mn2+-6-hydroxykaempferol MPN nanoparticles; Schiff-base HA-ADH/HA-ALD hydrogel} | FabricationStrategy={BMP-2 electrostatic adsorption; HA-ADH and HA-ALD synthesis} | ValidationStage={Small Animal}","FS0020","EV000037; EV000038; EV000040; EV000041; EV000044"
"CQ06","MSOH hydrogel","MaterialPlatform -[COMPOSED_OF]-> MaterialComposition: PLGA microspheres containing miR-24 mimics; stem-cell organoids | MaterialPlatform -[FABRICATED_BY]-> FabricationStrategy: Self-assembly | MaterialPlatform -[VALIDATED_AT]-> ValidationStage: Organoid/chip; Small Animal","MaterialComposition={PLGA microspheres containing miR-24 mimics; stem-cell organoids} | FabricationStrategy={Self-assembly} | ValidationStage={Organoid/chip; Small Animal}","FS0022","EV000048; EV000049; EV000051; EV000056; EV000057"
"CQ06","MM@MS@ABT macrophage-membrane-coated magnetic nanospheres","MaterialPlatform -[COMPOSED_OF]-> MaterialComposition: ABT-263; Fe3O4 nanoparticles; macrophage membrane; PLGA | MaterialPlatform -[FABRICATED_BY]-> FabricationStrategy: Surface coating | MaterialPlatform -[VALIDATED_AT]-> ValidationStage: Human-derived; Small Animal","MaterialComposition={ABT-263; Fe3O4 nanoparticles; macrophage membrane; PLGA} | FabricationStrategy={Surface coating} | ValidationStage={Human-derived; Small Animal}","FS0033","EV000064; EV000065; EV000066; EV000067; EV000068; EV000073; EV000074"
"CQ06","CCM@CS-HG hydrogel","MaterialPlatform -[COMPOSED_OF]-> MaterialComposition: C60(OH)n-based nanoparticles co-encapsulating Car; Carboxymethyl chitosan (CMCS); Oxidized sodium alginate (OSA) | MaterialPlatform -[FABRICATED_BY]-> FabricationStrategy: Schiff-base/hydrazone crosslinking | MaterialPlatform -[VALIDATED_AT]-> ValidationStage: Small Animal","MaterialComposition={C60(OH)n-based nanoparticles co-encapsulating Car; Carboxymethyl chitosan (CMCS); Oxidized sodium alginate (OSA)} | FabricationStrategy={Schiff-base/hydrazone crosslinking} | ValidationStage={Small Animal}","FS0036","EV000078; EV000079; EV000080; EV000082; EV001722"
"CQ06","PAA–EDA-grafted porous PEEK scaffold","MaterialPlatform -[COMPOSED_OF]-> MaterialComposition: poly(acrylic acid) (PAA) | MaterialPlatform -[FABRICATED_BY]-> FabricationStrategy: FDM 3D printing | MaterialPlatform -[VALIDATED_AT]-> ValidationStage: Small Animal","MaterialComposition={poly(acrylic acid) (PAA)} | FabricationStrategy={FDM 3D printing} | ValidationStage={Small Animal}","FS0043","EV000106; EV000107; EV001727"
"CQ06","Lubricated hydrogel with STING-inhibiting EXOs","MaterialPlatform -[COMPOSED_OF]-> MaterialComposition: CAP-EXO-si-STING; HA-SH; HABP-PEG-COLBP peptide; HBPD | MaterialPlatform -[FABRICATED_BY]-> FabricationStrategy: Click-chemistry crosslinking; RAFT polymerization | MaterialPlatform -[VALIDATED_AT]-> ValidationStage: Small Animal","MaterialComposition={CAP-EXO-si-STING; HA-SH; HABP-PEG-COLBP peptide; HBPD} | FabricationStrategy={Click-chemistry crosslinking; RAFT polymerization} | ValidationStage={Small Animal}","FS0044","EV000113; EV000114; EV000115; EV000116; EV000118; EV000119; EV000126"
"CQ06","Polyphenol-armored miR-140-5p nanogene-loaded bioadhesive hydrogel","MaterialPlatform -[COMPOSED_OF]-> MaterialComposition: polyphenol-armored nanoparticle carrier | MaterialPlatform -[FABRICATED_BY]-> FabricationStrategy: Self-assembly; Surface coating | MaterialPlatform -[VALIDATED_AT]-> ValidationStage: Ex vivo; Small Animal","MaterialComposition={polyphenol-armored nanoparticle carrier} | FabricationStrategy={Self-assembly; Surface coating} | ValidationStage={Ex vivo; Small Animal}","FS0056","EV000139; EV000141; EV000142; EV000146; EV001731"
"CQ06","DPMSC-loaded DAT–ALG hydrogel","MaterialPlatform -[COMPOSED_OF]-> MaterialComposition: alginate; Decellularized adipose tissue; dental-pulp mesenchymal stem cells | MaterialPlatform -[FABRICATED_BY]-> FabricationStrategy: Decellularization and ECM processing | MaterialPlatform -[VALIDATED_AT]-> ValidationStage: Small Animal","MaterialComposition={alginate; Decellularized adipose tissue; dental-pulp mesenchymal stem cells} | FabricationStrategy={Decellularization and ECM processing} | ValidationStage={Small Animal}","FS0058","EV000147; EV000148; EV000149; EV000150; EV000152"
"CQ06","TSH-Q quercetin-loaded temperature-sensitive hydrogel","MaterialPlatform -[COMPOSED_OF]-> MaterialComposition: Quercetin; temperature-sensitive hydrogel | MaterialPlatform -[FABRICATED_BY]-> FabricationStrategy: Quercetin loading into a temperature-sensitive hydrogel at 4 °C | MaterialPlatform -[VALIDATED_AT]-> ValidationStage: Small Animal","MaterialComposition={Quercetin; temperature-sensitive hydrogel} | FabricationStrategy={Quercetin loading into a temperature-sensitive hydrogel at 4 °C} | ValidationStage={Small Animal}","FS0090","EV000213; EV000214; EV000216; EV000224"
"CQ06","Locally activated TGF-β3/MgSi immunoregulatory nanofiber patch","MaterialPlatform -[COMPOSED_OF]-> MaterialComposition: nanofiber patch; tannic acid; TGF-β3 | MaterialPlatform -[FABRICATED_BY]-> FabricationStrategy: Hydrothermal synthesis | MaterialPlatform -[VALIDATED_AT]-> ValidationStage: Small Animal","MaterialComposition={nanofiber patch; tannic acid; TGF-β3} | FabricationStrategy={Hydrothermal synthesis} | ValidationStage={Small Animal}","FS0105","EV000247; EV000248; EV000249; EV000250; EV000256"
"CQ06","GM-Gel glycyrrhizic-acid-microsphere-loaded GEP/chitosan hydrogel","MaterialPlatform -[COMPOSED_OF]-> MaterialComposition: Gastrodia elata polysaccharide | MaterialPlatform -[FABRICATED_BY]-> FabricationStrategy: Emulsion fabrication | MaterialPlatform -[VALIDATED_AT]-> ValidationStage: Small Animal","MaterialComposition={Gastrodia elata polysaccharide} | FabricationStrategy={Emulsion fabrication} | ValidationStage={Small Animal}","FS0122","EV000303; EV000304; EV000310"
"CQ06","OGPQ/G-NZ quercetin–greigite nanozyme hydrogel","MaterialPlatform -[COMPOSED_OF]-> MaterialComposition: gelatin; greigite nanozyme; Oxidized hyaluronic acid; PEGDA | MaterialPlatform -[FABRICATED_BY]-> FabricationStrategy: Photocrosslinking | MaterialPlatform -[VALIDATED_AT]-> ValidationStage: Small Animal","MaterialComposition={gelatin; greigite nanozyme; Oxidized hyaluronic acid; PEGDA} | FabricationStrategy={Photocrosslinking} | ValidationStage={Small Animal}","FS0133","EV000330; EV000331; EV000332; EV000333; EV000335; EV000342"
"CQ06","Se/PRP-OGel hydrogel","MaterialPlatform -[COMPOSED_OF]-> MaterialComposition: gelatin; platelet-rich plasma; selenium nanoparticles | MaterialPlatform -[FABRICATED_BY]-> FabricationStrategy: Schiff-base/hydrazone crosslinking | MaterialPlatform -[VALIDATED_AT]-> ValidationStage: Small Animal","MaterialComposition={gelatin; platelet-rich plasma; selenium nanoparticles} | FabricationStrategy={Schiff-base/hydrazone crosslinking} | ValidationStage={Small Animal}","FS0148","EV000380; EV000381; EV000382; EV000383; EV000387"
"CQ06","BAI1-PSTB nanocomposite hydrogel","MaterialPlatform -[COMPOSED_OF]-> MaterialComposition: alginate; BAI1-loaded mesoporous silica nanoparticles; borax; polyvinyl alcohol; tannic acid | MaterialPlatform -[FABRICATED_BY]-> FabricationStrategy: Mesoporous-silica loading followed by composite-hydrogel gelation | MaterialPlatform -[VALIDATED_AT]-> ValidationStage: Human-derived; Small Animal","MaterialComposition={alginate; BAI1-loaded mesoporous silica nanoparticles; borax; polyvinyl alcohol; tannic acid} | FabricationStrategy={Mesoporous-silica loading followed by composite-hydrogel gelation} | ValidationStage={Human-derived; Small Animal}","FS0150","EV000388; EV000389; EV000390; EV000391; EV000392; EV000394; EV000398; EV001750"
"CQ06","senescent metabolism-modulating hierarchical scaffold","MaterialPlatform -[COMPOSED_OF]-> MaterialComposition: β-tricalcium phosphate (β-TCP)/MnTCP ceramic components | MaterialPlatform -[FABRICATED_BY]-> FabricationStrategy: 3D printing/bioprinting | MaterialPlatform -[VALIDATED_AT]-> ValidationStage: Small Animal","MaterialComposition={β-tricalcium phosphate (β-TCP)/MnTCP ceramic components} | FabricationStrategy={3D printing/bioprinting} | ValidationStage={Small Animal}","FS0151","EV000399; EV000400; EV000404"
"CQ06","Hydrogel-coated micro/nanostructured titanium implant","MaterialPlatform -[COMPOSED_OF]-> MaterialComposition: hydrogel coating; Titanium implant | MaterialPlatform -[FABRICATED_BY]-> FabricationStrategy: Surface coating | MaterialPlatform -[VALIDATED_AT]-> ValidationStage: Small Animal","MaterialComposition={hydrogel coating; Titanium implant} | FabricationStrategy={Surface coating} | ValidationStage={Small Animal}","FS0173","EV000436; EV000437; EV000438; EV000443"
"CQ06","(ZIF-8@CeO2)@GOx-loaded sprayable GelMA hydrogel","MaterialPlatform -[COMPOSED_OF]-> MaterialComposition: GelMA hydrogel; glucose oxidase | MaterialPlatform -[FABRICATED_BY]-> FabricationStrategy: ZIF-8/CeO2/GOx cascade-nanozyme assembly and GelMA encapsulation | MaterialPlatform -[VALIDATED_AT]-> ValidationStage: Small Animal","MaterialComposition={GelMA hydrogel; glucose oxidase} | FabricationStrategy={ZIF-8/CeO2/GOx cascade-nanozyme assembly and GelMA encapsulation} | ValidationStage={Small Animal}","FS0186","EV000467; EV000468; EV000470; EV000475"
"CQ06","GG-5SS strontium-silicate hydrogel scaffold","MaterialPlatform -[COMPOSED_OF]-> MaterialComposition: hydrogel scaffold matrix; Strontium silicate | MaterialPlatform -[FABRICATED_BY]-> FabricationStrategy: Strontium-silicate incorporation and 3D printing | MaterialPlatform -[VALIDATED_AT]-> ValidationStage: Large Animal; Small Animal","MaterialComposition={hydrogel scaffold matrix; Strontium silicate} | FabricationStrategy={Strontium-silicate incorporation and 3D printing} | ValidationStage={Large Animal; Small Animal}","FS0188","EV000483; EV000484; EV000485; EV001858; EV001859"
"CQ06","FGF-4/IGF-1-loaded cationic thermosensitive polymer scaffold","MaterialPlatform -[COMPOSED_OF]-> MaterialComposition: FGF-4; IGF-1 | MaterialPlatform -[FABRICATED_BY]-> FabricationStrategy: Surface coating | MaterialPlatform -[VALIDATED_AT]-> ValidationStage: Small Animal","MaterialComposition={FGF-4; IGF-1} | FabricationStrategy={Surface coating} | ValidationStage={Small Animal}","FS0213","EV000530; EV000531; EV000534; EV000540"
"CQ06","Fisetin-functionalized photoresponsive DNA nanocage","MaterialPlatform -[COMPOSED_OF]-> MaterialComposition: fisetin; miR-29-targeting antisense oligonucleotide; Tetrahedral DNA nanocage | MaterialPlatform -[FABRICATED_BY]-> FabricationStrategy: Self-assembly | MaterialPlatform -[VALIDATED_AT]-> ValidationStage: Human-derived; Small Animal","MaterialComposition={fisetin; miR-29-targeting antisense oligonucleotide; Tetrahedral DNA nanocage} | FabricationStrategy={Self-assembly} | ValidationStage={Human-derived; Small Animal}","FS0223","EV000555; EV000556; EV000557; EV000559; EV000564; EV001762"
"CQ06","GPQ pH-responsive anti-senescence hydrogel","MaterialPlatform -[COMPOSED_OF]-> MaterialComposition: GPQ hydrogel; pH-responsive therapeutic cargo | MaterialPlatform -[FABRICATED_BY]-> FabricationStrategy: Photocrosslinking and therapeutic-cargo loading | MaterialPlatform -[VALIDATED_AT]-> ValidationStage: Small Animal","MaterialComposition={GPQ hydrogel; pH-responsive therapeutic cargo} | FabricationStrategy={Photocrosslinking and therapeutic-cargo loading} | ValidationStage={Small Animal}","FS0232","EV000586; EV000587; EV000589; EV000594"
"CQ06","PCC1/PHCF-Gel senolytic hydrogel","MaterialPlatform -[COMPOSED_OF]-> MaterialComposition: PHCF-Gel hydrogel network; Procyanidin C1 | MaterialPlatform -[FABRICATED_BY]-> FabricationStrategy: PHCF-Gel preparation | MaterialPlatform -[VALIDATED_AT]-> ValidationStage: Small Animal","MaterialComposition={PHCF-Gel hydrogel network; Procyanidin C1} | FabricationStrategy={PHCF-Gel preparation} | ValidationStage={Small Animal}","FS0247","EV000633; EV000634; EV000635; EV001766"
"CQ06","PtdSer-modified circRNA-LNP-engineered macrophages","MaterialPlatform -[COMPOSED_OF]-> MaterialComposition: Phosphatidylserine-modified lipid nanoparticles | MaterialPlatform -[FABRICATED_BY]-> FabricationStrategy: Microfluidic fabrication | MaterialPlatform -[VALIDATED_AT]-> ValidationStage: Small Animal","MaterialComposition={Phosphatidylserine-modified lipid nanoparticles} | FabricationStrategy={Microfluidic fabrication} | ValidationStage={Small Animal}","FS0262","EV000666; EV000667; EV000672"
"CQ06","Orbital hybridization-mediated nanozymes","MaterialPlatform -[COMPOSED_OF]-> MaterialComposition: CuSn dual-atom-site nanozymes (CuSnDASNs); n-Butylphthalide (NBP) | MaterialPlatform -[FABRICATED_BY]-> FabricationStrategy: Surface coating | MaterialPlatform -[VALIDATED_AT]-> ValidationStage: Small Animal","MaterialComposition={CuSn dual-atom-site nanozymes (CuSnDASNs); n-Butylphthalide (NBP)} | FabricationStrategy={Surface coating} | ValidationStage={Small Animal}","FS0283","EV000705; EV000706; EV000707; EV001771"
"CQ06","GelMA@ZIF-8/PGE microsphere–hydrogel platform","MaterialPlatform -[COMPOSED_OF]-> MaterialComposition: gelatin methacryloyl (GelMA); Poly(ethylene glycol) diacrylate (PEGDA); Zeolitic imidazolate framework-8 (ZIF-8) | MaterialPlatform -[FABRICATED_BY]-> FabricationStrategy: Microfluidic fabrication; One-pot synthesis | MaterialPlatform -[VALIDATED_AT]-> ValidationStage: Small Animal","MaterialComposition={gelatin methacryloyl (GelMA); Poly(ethylene glycol) diacrylate (PEGDA); Zeolitic imidazolate framework-8 (ZIF-8)} | FabricationStrategy={Microfluidic fabrication; One-pot synthesis} | ValidationStage={Small Animal}","FS0295","EV000724; EV000726; EV000727; EV000733; EV001845; EV001846"
"CQ06","LINE1-ASO-loaded selectin-binding-peptide-engineered extracellular vesicles","MaterialPlatform -[COMPOSED_OF]-> MaterialComposition: LINE1 antisense oligonucleotide; selectin-binding-peptide-engineered extracellular vesicles | MaterialPlatform -[FABRICATED_BY]-> FabricationStrategy: Electroporation loading of LINE1-targeting ASO into SBP-EVs | MaterialPlatform -[VALIDATED_AT]-> ValidationStage: Human-derived; Small Animal","MaterialComposition={LINE1 antisense oligonucleotide; selectin-binding-peptide-engineered extracellular vesicles} | FabricationStrategy={Electroporation loading of LINE1-targeting ASO into SBP-EVs} | ValidationStage={Human-derived; Small Animal}","FS0303","EV000749; EV000750; EV000751; EV000756; EV001775"
"CQ06","rhCOL17-P334 conjugate","MaterialPlatform -[COMPOSED_OF]-> MaterialComposition: P334 peptide; Recombinant human collagen XVII fragment | MaterialPlatform -[FABRICATED_BY]-> FabricationStrategy: Photocrosslinking | MaterialPlatform -[VALIDATED_AT]-> ValidationStage: Human-derived; Small Animal","MaterialComposition={P334 peptide; Recombinant human collagen XVII fragment} | FabricationStrategy={Photocrosslinking} | ValidationStage={Human-derived; Small Animal}","FS0310","EV000771; EV000772; EV000773; EV000777; EV001871"
"CQ06","Bioinspired Microgel Assembly of Liver-Derived Decellularized Extracellular Matrix","MaterialPlatform -[COMPOSED_OF]-> MaterialComposition: gelatin methacryloyl (GelMA); porcine liver-derived decellularized extracellular matrix (dECM) | MaterialPlatform -[FABRICATED_BY]-> FabricationStrategy: Decellularization and ECM processing; Microfluidic fabrication | MaterialPlatform -[VALIDATED_AT]-> ValidationStage: Human-derived; Small Animal","MaterialComposition={gelatin methacryloyl (GelMA); porcine liver-derived decellularized extracellular matrix (dECM)} | FabricationStrategy={Decellularization and ECM processing; Microfluidic fabrication} | ValidationStage={Human-derived; Small Animal}","FS0358","EV000889; EV000890; EV000891; EV000892; EV001787; EV001876"
"CQ06","α-Arbutin-crosslinked chitosan/gelatin film","MaterialPlatform -[COMPOSED_OF]-> MaterialComposition: Chitosan; gelatin; α-arbutin | MaterialPlatform -[FABRICATED_BY]-> FabricationStrategy: Surface coating | MaterialPlatform -[VALIDATED_AT]-> ValidationStage: Small Animal","MaterialComposition={Chitosan; gelatin; α-arbutin} | FabricationStrategy={Surface coating} | ValidationStage={Small Animal}","FS0384","EV000959; EV000960; EV000961; EV000962; EV000968"
"CQ06","Quercetin-loaded homogeneous PLGA microspheres","MaterialPlatform -[COMPOSED_OF]-> MaterialComposition: PLGA | MaterialPlatform -[FABRICATED_BY]-> FabricationStrategy: Microfluidic fabrication | MaterialPlatform -[VALIDATED_AT]-> ValidationStage: Human-derived","MaterialComposition={PLGA} | FabricationStrategy={Microfluidic fabrication} | ValidationStage={Human-derived}","FS0394","EV001001; EV001003; EV001008"
"CQ06","Bamboo-inspired hierarchical bone-repair scaffold","MaterialPlatform -[COMPOSED_OF]-> MaterialComposition: mineralized collagen fiber bundles | MaterialPlatform -[FABRICATED_BY]-> FabricationStrategy: Decellularization and ECM processing | MaterialPlatform -[VALIDATED_AT]-> ValidationStage: Small Animal","MaterialComposition={mineralized collagen fiber bundles} | FabricationStrategy={Decellularization and ECM processing} | ValidationStage={Small Animal}","FS0395","EV001009; EV001010; EV001014"
"CQ06","FMAG nanoplatform","MaterialPlatform -[COMPOSED_OF]-> MaterialComposition: boric acid-functionalized GelMA hydrogels; MnO₂ nanoenzymes | MaterialPlatform -[FABRICATED_BY]-> FabricationStrategy: Thin-film hydration | MaterialPlatform -[VALIDATED_AT]-> ValidationStage: Small Animal","MaterialComposition={boric acid-functionalized GelMA hydrogels; MnO₂ nanoenzymes} | FabricationStrategy={Thin-film hydration} | ValidationStage={Small Animal}","FS0399","EV001021; EV001022; EV001024; EV001029"
"CQ06","Self-healing hydrogels loaded with Spatholobi Caulis","MaterialPlatform -[COMPOSED_OF]-> MaterialComposition: Oxidized starch (OST); Quaternized chitosan (QCS) | MaterialPlatform -[FABRICATED_BY]-> FabricationStrategy: Schiff-base/hydrazone crosslinking | MaterialPlatform -[VALIDATED_AT]-> ValidationStage: Small Animal","MaterialComposition={Oxidized starch (OST); Quaternized chitosan (QCS)} | FabricationStrategy={Schiff-base/hydrazone crosslinking} | ValidationStage={Small Animal}","FS0428","EV001083; EV001084; EV001086; EV001801"
"CQ06","TA-PFC/PCK fiber scaffold","MaterialPlatform -[COMPOSED_OF]-> MaterialComposition: α-Ketoglutarate (αKG) | MaterialPlatform -[FABRICATED_BY]-> FabricationStrategy: Surface coating | MaterialPlatform -[VALIDATED_AT]-> ValidationStage: Human-derived; Small Animal","MaterialComposition={α-Ketoglutarate (αKG)} | FabricationStrategy={Surface coating} | ValidationStage={Human-derived; Small Animal}","FS0439","EV001120; EV001121; EV001128; EV001802"
"CQ06","MG@IFN-γ-ECM cartilage-anchoring microgels","MaterialPlatform -[COMPOSED_OF]-> MaterialComposition: Aldehyde- and methacrylate-modified hyaluronic acid (AHAMA) | MaterialPlatform -[FABRICATED_BY]-> FabricationStrategy: Decellularization and ECM processing; Microfluidic fabrication; Photocrosslinking | MaterialPlatform -[VALIDATED_AT]-> ValidationStage: Ex vivo; Small Animal","MaterialComposition={Aldehyde- and methacrylate-modified hyaluronic acid (AHAMA)} | FabricationStrategy={Decellularization and ECM processing; Microfluidic fabrication; Photocrosslinking} | ValidationStage={Ex vivo; Small Animal}","FS0459","EV001169; EV001172; EV001173; EV001174; EV001179; EV001806"
"CQ06","LT-NPs nanoplatform","MaterialPlatform -[COMPOSED_OF]-> MaterialComposition: DSPE-PEG2000; DSPE-TK-PEG2000; TPA-TCNQ-loaded nanoparticles | MaterialPlatform -[FABRICATED_BY]-> FabricationStrategy: Co-assembly of cargo with DSPE-TK-PEG2000 and DSPE-PEG2000 into nanomicelles | MaterialPlatform -[VALIDATED_AT]-> ValidationStage: Small Animal","MaterialComposition={DSPE-PEG2000; DSPE-TK-PEG2000; TPA-TCNQ-loaded nanoparticles} | FabricationStrategy={Co-assembly of cargo with DSPE-TK-PEG2000 and DSPE-PEG2000 into nanomicelles} | ValidationStage={Small Animal}","FS0462","EV001186; EV001187; EV001188; EV001191; EV001198"
"CQ06","Quaternized-chitosan injectable self-healing hydrogel","MaterialPlatform -[COMPOSED_OF]-> MaterialComposition: Quaternized chitosan hydrogel | MaterialPlatform -[FABRICATED_BY]-> FabricationStrategy: One-pot synthesis | MaterialPlatform -[VALIDATED_AT]-> ValidationStage: Small Animal","MaterialComposition={Quaternized chitosan hydrogel} | FabricationStrategy={One-pot synthesis} | ValidationStage={Small Animal}","FS0469","EV001204; EV001205; EV001808"
"CQ06","Tannic-acid-loaded calcium-alginate/silk-fibroin-peptide/Bletilla-polysaccharide microspheres","MaterialPlatform -[COMPOSED_OF]-> MaterialComposition: Bletilla striata polysaccharide; Calcium alginate; silk-fibroin peptide; tannic acid | MaterialPlatform -[FABRICATED_BY]-> FabricationStrategy: Emulsion fabrication | MaterialPlatform -[VALIDATED_AT]-> ValidationStage: Small Animal","MaterialComposition={Bletilla striata polysaccharide; Calcium alginate; silk-fibroin peptide; tannic acid} | FabricationStrategy={Emulsion fabrication} | ValidationStage={Small Animal}","FS0507","EV001278; EV001279; EV001280; EV001281; EV001283; EV001289"
"CQ06","Metformin-loaded HA/gelatin electrospun nanofibers","MaterialPlatform -[COMPOSED_OF]-> MaterialComposition: gelatin; Hyaluronic acid; metformin | MaterialPlatform -[FABRICATED_BY]-> FabricationStrategy: Electrospinning | MaterialPlatform -[VALIDATED_AT]-> ValidationStage: Human-derived","MaterialComposition={gelatin; Hyaluronic acid; metformin} | FabricationStrategy={Electrospinning} | ValidationStage={Human-derived}","FS0526","EV001306; EV001307; EV001308; EV001310; EV001313"
"CQ06","Lycium barbarum-derived carbon dots","MaterialPlatform -[COMPOSED_OF]-> MaterialComposition: Lycium barbarum polysaccharide | MaterialPlatform -[FABRICATED_BY]-> FabricationStrategy: Hydrothermal synthesis | MaterialPlatform -[VALIDATED_AT]-> ValidationStage: Small Animal","MaterialComposition={Lycium barbarum polysaccharide} | FabricationStrategy={Hydrothermal synthesis} | ValidationStage={Small Animal}","FS0624","EV001392; EV001393; EV001397"
"CQ06","Baghdadite Ceramics","MaterialPlatform -[COMPOSED_OF]-> MaterialComposition: approximately 40% HA | MaterialPlatform -[FABRICATED_BY]-> FabricationStrategy: 3D printing/bioprinting | MaterialPlatform -[VALIDATED_AT]-> ValidationStage: Small Animal","MaterialComposition={approximately 40% HA} | FabricationStrategy={3D printing/bioprinting} | ValidationStage={Small Animal}","FS0642","EV001407; EV001408; EV001413"
"CQ06","Recombinant-Yap1-loaded platelet-derived exosomes","MaterialPlatform -[COMPOSED_OF]-> MaterialComposition: recombinant YAP1 | MaterialPlatform -[FABRICATED_BY]-> FabricationStrategy: 3D printing/bioprinting | MaterialPlatform -[VALIDATED_AT]-> ValidationStage: Small Animal","MaterialComposition={recombinant YAP1} | FabricationStrategy={3D printing/bioprinting} | ValidationStage={Small Animal}","FS0651","EV001423; EV001425; EV001431"
"CQ06","Quercetin/HA-loaded TG-18 hydrogel","MaterialPlatform -[COMPOSED_OF]-> MaterialComposition: Glycerol monostearate (TG-18); Quercetin | MaterialPlatform -[FABRICATED_BY]-> FabricationStrategy: Self-assembly | MaterialPlatform -[VALIDATED_AT]-> ValidationStage: Small Animal","MaterialComposition={Glycerol monostearate (TG-18); Quercetin} | FabricationStrategy={Self-assembly} | ValidationStage={Small Animal}","FS0657","EV001436; EV001437; EV001440; EV001446"
"CQ06","QCS-OST@Exos self-healing hydrogel","MaterialPlatform -[COMPOSED_OF]-> MaterialComposition: oxidized starch | MaterialPlatform -[FABRICATED_BY]-> FabricationStrategy: Schiff-base/hydrazone crosslinking | MaterialPlatform -[VALIDATED_AT]-> ValidationStage: Small Animal","MaterialComposition={oxidized starch} | FabricationStrategy={Schiff-base/hydrazone crosslinking} | ValidationStage={Small Animal}","FS0704","EV001469; EV001470; EV001476"
"CQ06","Gelatin-microcarrier-based MSC microtissues","MaterialPlatform -[COMPOSED_OF]-> MaterialComposition: Gelatin microcarriers | MaterialPlatform -[FABRICATED_BY]-> FabricationStrategy: 3D printing/bioprinting; Self-assembly | MaterialPlatform -[VALIDATED_AT]-> ValidationStage: Small Animal","MaterialComposition={Gelatin microcarriers} | FabricationStrategy={3D printing/bioprinting; Self-assembly} | ValidationStage={Small Animal}","FS0738","EV001505; EV001506; EV001507; EV001513"
"CQ06","miR-200/young-ECM bioscaffold","MaterialPlatform -[COMPOSED_OF]-> MaterialComposition: miR-200 | MaterialPlatform -[FABRICATED_BY]-> FabricationStrategy: Decellularization and ECM processing | MaterialPlatform -[VALIDATED_AT]-> ValidationStage: Human-derived","MaterialComposition={miR-200} | FabricationStrategy={Decellularization and ECM processing} | ValidationStage={Human-derived}","FS0761","EV001514; EV001515; EV001833"
"CQ06","Nanocatalytic MOF-coated titanium implant","MaterialPlatform -[COMPOSED_OF]-> MaterialComposition: metal-organic-framework coating; Titanium implant | MaterialPlatform -[FABRICATED_BY]-> FabricationStrategy: Hydrothermal synthesis; Surface coating | MaterialPlatform -[VALIDATED_AT]-> ValidationStage: Small Animal","MaterialComposition={metal-organic-framework coating; Titanium implant} | FabricationStrategy={Hydrothermal synthesis; Surface coating} | ValidationStage={Small Animal}","FS0834","EV001577; EV001578; EV001579; EV001580; EV001585"
"CQ06","SRT1720-loaded calcium-phosphate/magnesium-phosphate nanocarriers","MaterialPlatform -[COMPOSED_OF]-> MaterialComposition: SRT1720 | MaterialPlatform -[FABRICATED_BY]-> FabricationStrategy: Self-assembly | MaterialPlatform -[VALIDATED_AT]-> ValidationStage: Human-derived","MaterialComposition={SRT1720} | FabricationStrategy={Self-assembly} | ValidationStage={Human-derived}","FS1020","EV001676; EV001677; EV001681"
"CQ06","EMHS HxMoO3-loaded bone-targeting lipid nanoparticles","MaterialPlatform -[COMPOSED_OF]-> MaterialComposition: HxMoO3; phospholipid/PEOz | MaterialPlatform -[FABRICATED_BY]-> FabricationStrategy: Surface coating | MaterialPlatform -[VALIDATED_AT]-> ValidationStage: Human-derived; Small Animal","MaterialComposition={HxMoO3; phospholipid/PEOz} | FabricationStrategy={Surface coating} | ValidationStage={Human-derived; Small Animal}","FS1052","EV001695; EV001696; EV001697; EV001705; EV001706"
"CQ07","CCM@CS-HG hydrogel","MaterialPlatform -[RELEASES]-> TherapeuticCargo: Car and MTP-131 | MaterialPlatform -[MODULATES]-> Mechanism: ROS/oxidative-stress control","TherapeuticCargo={Car and MTP-131} | Mechanism={ROS/oxidative-stress control}","FS0036","EV000083; EV000085"
"CQ07","MCTM metformin-loaded CMCS/tannic-acid/manganese hydrogel","MaterialPlatform -[RELEASES]-> TherapeuticCargo: metformin | MaterialPlatform -[MODULATES]-> Mechanism: ROS/oxidative-stress control","TherapeuticCargo={metformin} | Mechanism={ROS/oxidative-stress control}","FS0080","EV000189; EV000190"
"CQ07","3D-printed PCL/nHA/SA/COL loaded with M2 macrophage-derived exosomes","MaterialPlatform -[RELEASES]-> TherapeuticCargo: Exosomes | MaterialPlatform -[MODULATES]-> Mechanism: Paracrine/EV-mediated signaling","TherapeuticCargo={Exosomes} | Mechanism={Paracrine/EV-mediated signaling}","FS0082","EV000200; EV000202"
"CQ07","TSH-Q quercetin-loaded temperature-sensitive hydrogel","MaterialPlatform -[RELEASES]-> TherapeuticCargo: quercetin | MaterialPlatform -[MODULATES]-> Mechanism: p16/p21/p53–Rb cell-cycle arrest","TherapeuticCargo={quercetin} | Mechanism={p16/p21/p53–Rb cell-cycle arrest}","FS0090","EV000217; EV000218"
"CQ07","Retinoic-acid-loaded cartilage organoids","MaterialPlatform -[RELEASES]-> TherapeuticCargo: Retinoic acid (RA) | MaterialPlatform -[MODULATES]-> Mechanism: TGF-β/Smad/fibrotic signaling","TherapeuticCargo={Retinoic acid (RA)} | Mechanism={TGF-β/Smad/fibrotic signaling}","FS0111","EV000269; EV000270"
"CQ07","OGPQ/G-NZ quercetin–greigite nanozyme hydrogel","MaterialPlatform -[RELEASES]-> TherapeuticCargo: quercetin and Quercetin greigite nanozymes (G-NZ) | MaterialPlatform -[MODULATES]-> Mechanism: ROS/oxidative-stress control","TherapeuticCargo={quercetin and Quercetin greigite nanozymes (G-NZ)} | Mechanism={ROS/oxidative-stress control}","FS0133","EV000336; EV000337"
"CQ07","TT@P-Gel hydrogel","MaterialPlatform -[RELEASES]-> TherapeuticCargo: tannic acid | MaterialPlatform -[MODULATES]-> Mechanism: Mitochondrial homeostasis/mitophagy","TherapeuticCargo={tannic acid} | Mechanism={Mitochondrial homeostasis/mitophagy}","FS0147","EV000373; EV000374"
"CQ07","CAP-CD56+CD271+ BMSC-exosome-loaded PVA/SA hydrogel","MaterialPlatform -[RELEASES]-> TherapeuticCargo: Exosomes | MaterialPlatform -[MODULATES]-> Mechanism: p16/p21/p53–Rb cell-cycle arrest","TherapeuticCargo={Exosomes} | Mechanism={p16/p21/p53–Rb cell-cycle arrest}","FS0322","EV000801; EV000803"
"CQ07","Multimodal ROS-logic-gated therapeutic platform","MaterialPlatform -[RELEASES]-> TherapeuticCargo: rapamycin | MaterialPlatform -[MODULATES]-> Mechanism: ROS/oxidative-stress control","TherapeuticCargo={rapamycin} | Mechanism={ROS/oxidative-stress control}","FS0400","EV001033; EV001035"
"CQ07","Self-healing hydrogels loaded with Spatholobi Caulis","MaterialPlatform -[RELEASES]-> TherapeuticCargo: Spatholobi Caulis | MaterialPlatform -[MODULATES]-> Mechanism: Autophagy/lysosomal homeostasis","TherapeuticCargo={Spatholobi Caulis} | Mechanism={Autophagy/lysosomal homeostasis}","FS0428","EV001087; EV001088"
"CQ07","HydroWrap hydrogen-sulfide-delivery hydrogel","MaterialPlatform -[RELEASES]-> TherapeuticCargo: Hydrogen sulfide (H2S) | MaterialPlatform -[MODULATES]-> Mechanism: NF-κB/SASP/inflammatory signaling","TherapeuticCargo={Hydrogen sulfide (H2S)} | Mechanism={NF-κB/SASP/inflammatory signaling}","FS0472","EV001223; EV001225"
"CQ07","Honey-incorporated electrospun nanofiber membrane","MaterialPlatform -[RELEASES]-> TherapeuticCargo: Honey | MaterialPlatform -[MODULATES]-> Mechanism: ROS/oxidative-stress control","TherapeuticCargo={Honey} | Mechanism={ROS/oxidative-stress control}","FS0916","EV001643; EV001644"
"CQ08","FGF-4/IGF-1-loaded cationic thermosensitive polymer scaffold","MaterialPlatform -[DELIVERS]-> TherapeuticCargo: FGF-4; IGF-1 | MaterialPlatform -[PROMOTES]-> RegenerativeEndpoint: Hepatic repair/function","TherapeuticCargo={FGF-4; IGF-1} | RegenerativeEndpoint={Hepatic repair/function}","FS0213","EV000532; EV000533; EV000535"
"CQ08","ASD all-in-one smart hydrogel dressing","MaterialPlatform -[DELIVERS]-> TherapeuticCargo: CXCL12; Ginsenoside Rg1; Ligustroflavone | MaterialPlatform -[PROMOTES]-> RegenerativeEndpoint: Wound healing/skin regeneration","TherapeuticCargo={CXCL12; Ginsenoside Rg1; Ligustroflavone} | RegenerativeEndpoint={Wound healing/skin regeneration}","FS0810","EV001560; EV001561; EV001562; EV001563"
"CQ09","3D-printed PCL/nHA/SA/COL loaded with M2 macrophage-derived exosomes","MaterialPlatform -[TARGETS]-> TargetCell: Macrophages/innate immune cells; Mesenchymal stem/stromal cells | MaterialPlatform -[MODULATES]-> Mechanism: Paracrine/EV-mediated signaling","TargetCell={Macrophages/innate immune cells; Mesenchymal stem/stromal cells} | Mechanism={Paracrine/EV-mediated signaling}","FS0082","EV000200; EV000203; EV000204"
"CQ09","TSH-Q quercetin-loaded temperature-sensitive hydrogel","MaterialPlatform -[TARGETS]-> TargetCell: Endothelial/vascular cells; Mesenchymal stem/stromal cells; Osteoblasts/osteocytes/osteoclasts | MaterialPlatform -[MODULATES]-> Mechanism: p16/p21/p53–Rb cell-cycle arrest","TargetCell={Endothelial/vascular cells; Mesenchymal stem/stromal cells; Osteoblasts/osteocytes/osteoclasts} | Mechanism={p16/p21/p53–Rb cell-cycle arrest}","FS0090","EV000217; EV000219; EV000220; EV000221"
"CQ09","NH@K nanozyme-reinforced hydrogel","MaterialPlatform -[TARGETS]-> TargetCell: Chondrocytes/cartilage progenitors; Macrophages/innate immune cells | MaterialPlatform -[MODULATES]-> Mechanism: ROS/oxidative-stress control","TargetCell={Chondrocytes/cartilage progenitors; Macrophages/innate immune cells} | Mechanism={ROS/oxidative-stress control}","FS0114","EV000288; EV000289; EV000290"
"CQ09","IL37OI@MS responsive hydrogel microspheres","MaterialPlatform -[TARGETS]-> TargetCell: Macrophages/innate immune cells; Nucleus pulposus/annulus fibrosus cells; Senescent cells | MaterialPlatform -[MODULATES]-> Mechanism: NF-κB/SASP/inflammatory signaling","TargetCell={Macrophages/innate immune cells; Nucleus pulposus/annulus fibrosus cells; Senescent cells} | Mechanism={NF-κB/SASP/inflammatory signaling}","FS0166","EV000421; EV000422; EV000423; EV000424"
"CQ09","D-EV-loaded thermosensitive injectable hydrogel","MaterialPlatform -[TARGETS]-> TargetCell: Mesenchymal stem/stromal cells; Nucleus pulposus/annulus fibrosus cells | MaterialPlatform -[MODULATES]-> Mechanism: Ferroptosis/lipid peroxidation","TargetCell={Mesenchymal stem/stromal cells; Nucleus pulposus/annulus fibrosus cells} | Mechanism={Ferroptosis/lipid peroxidation}","FS0178","EV000445; EV000447; EV000448"
"CQ09","ABT-263-loaded asymmetric composite wound dressing","MaterialPlatform -[TARGETS]-> TargetCell: Endothelial/vascular cells; Fibroblasts/keratinocytes/skin cells; Senescent cells | MaterialPlatform -[MODULATES]-> Mechanism: Senolytic cell clearance","TargetCell={Endothelial/vascular cells; Fibroblasts/keratinocytes/skin cells; Senescent cells} | Mechanism={Senolytic cell clearance}","FS0207","EV000515; EV000517; EV000518; EV000519"
"CQ09","PEG-HS/TiO2 nanocomposite","MaterialPlatform -[TARGETS]-> TargetCell: Endothelial/vascular cells; Macrophages/innate immune cells | MaterialPlatform -[MODULATES]-> Mechanism: ROS/oxidative-stress control","TargetCell={Endothelial/vascular cells; Macrophages/innate immune cells} | Mechanism={ROS/oxidative-stress control}","FS0238","EV000602; EV000604; EV000605"
"CQ09","Quercetin-treated human-auricular-chondrocyte/GelMA construct","MaterialPlatform -[TARGETS]-> TargetCell: Chondrocytes/cartilage progenitors; Senescent cells | MaterialPlatform -[MODULATES]-> Mechanism: Mitochondrial homeostasis/mitophagy","TargetCell={Chondrocytes/cartilage progenitors; Senescent cells} | Mechanism={Mitochondrial homeostasis/mitophagy}","FS0244","EV000627; EV000628; EV000629"
"CQ09","Smart spatiotemporal drug-delivery hydrogels","MaterialPlatform -[TARGETS]-> TargetCell: Endothelial/vascular cells; Mesenchymal stem/stromal cells | MaterialPlatform -[MODULATES]-> Mechanism: ROS/oxidative-stress control","TargetCell={Endothelial/vascular cells; Mesenchymal stem/stromal cells} | Mechanism={ROS/oxidative-stress control}","FS0248","EV000644; EV000646; EV000647"
"CQ09","Synovium-targeting senolytic liposomes plus M2-macrophage exosomes","MaterialPlatform -[TARGETS]-> TargetCell: Macrophages/innate immune cells; Senescent cells | MaterialPlatform -[MODULATES]-> Mechanism: NF-κB/SASP/inflammatory signaling","TargetCell={Macrophages/innate immune cells; Senescent cells} | Mechanism={NF-κB/SASP/inflammatory signaling}","FS0278","EV000684; EV000685; EV000686"
"CQ09","Orbital hybridization-mediated nanozymes","MaterialPlatform -[TARGETS]-> TargetCell: Endothelial/vascular cells; Mesenchymal stem/stromal cells | MaterialPlatform -[MODULATES]-> Mechanism: ROS/oxidative-stress control","TargetCell={Endothelial/vascular cells; Mesenchymal stem/stromal cells} | Mechanism={ROS/oxidative-stress control}","FS0283","EV000708; EV000710; EV000711"
"CQ09","MMZ@Si–P53 hydrogel","MaterialPlatform -[TARGETS]-> TargetCell: Mesenchymal stem/stromal cells; Neural stem cells/neurons/glia | MaterialPlatform -[MODULATES]-> Mechanism: p16/p21/p53–Rb cell-cycle arrest","TargetCell={Mesenchymal stem/stromal cells; Neural stem cells/neurons/glia} | Mechanism={p16/p21/p53–Rb cell-cycle arrest}","FS0296","EV000735; EV000737; EV000738"
"CQ09","CAP-CD56+CD271+ BMSC-exosome-loaded PVA/SA hydrogel","MaterialPlatform -[TARGETS]-> TargetCell: Chondrocytes/cartilage progenitors; Mesenchymal stem/stromal cells | MaterialPlatform -[MODULATES]-> Mechanism: p16/p21/p53–Rb cell-cycle arrest","TargetCell={Chondrocytes/cartilage progenitors; Mesenchymal stem/stromal cells} | Mechanism={p16/p21/p53–Rb cell-cycle arrest}","FS0322","EV000801; EV000804; EV000805"
"CQ09","AAV-loaded extracellular-vesicle biomimetic gene-delivery system","MaterialPlatform -[TARGETS]-> TargetCell: Endothelial/vascular cells; Macrophages/innate immune cells | MaterialPlatform -[MODULATES]-> Mechanism: Angiogenic/HIF–VEGF signaling","TargetCell={Endothelial/vascular cells; Macrophages/innate immune cells} | Mechanism={Angiogenic/HIF–VEGF signaling}","FS0326","EV000820; EV000821; EV000822"
"CQ09","MOTS-c-modified functional self-assembly peptide hydrogels","MaterialPlatform -[TARGETS]-> TargetCell: Mesenchymal stem/stromal cells; Nucleus pulposus/annulus fibrosus cells | MaterialPlatform -[MODULATES]-> Mechanism: AMPK–mTOR–sirtuin signaling","TargetCell={Mesenchymal stem/stromal cells; Nucleus pulposus/annulus fibrosus cells} | Mechanism={AMPK–mTOR–sirtuin signaling}","FS0338","EV000847; EV000849; EV000850"
"CQ09","α-Arbutin-crosslinked chitosan/gelatin film","MaterialPlatform -[TARGETS]-> TargetCell: Osteoblasts/osteocytes/osteoclasts; Senescent cells | MaterialPlatform -[MODULATES]-> Mechanism: ROS/oxidative-stress control","TargetCell={Osteoblasts/osteocytes/osteoclasts; Senescent cells} | Mechanism={ROS/oxidative-stress control}","FS0384","EV000963; EV000965; EV000966"
"CQ09","HIF1A@NNP nanoplatform","MaterialPlatform -[TARGETS]-> TargetCell: Macrophages/innate immune cells; Nucleus pulposus/annulus fibrosus cells | MaterialPlatform -[MODULATES]-> Mechanism: Angiogenic/HIF–VEGF signaling","TargetCell={Macrophages/innate immune cells; Nucleus pulposus/annulus fibrosus cells} | Mechanism={Angiogenic/HIF–VEGF signaling}","FS0430","EV001093; EV001094; EV001095"
"CQ09","CeO2 nanozymes","MaterialPlatform -[TARGETS]-> TargetCell: Mesenchymal stem/stromal cells; Osteoblasts/osteocytes/osteoclasts | MaterialPlatform -[MODULATES]-> Mechanism: ROS/oxidative-stress control","TargetCell={Mesenchymal stem/stromal cells; Osteoblasts/osteocytes/osteoclasts} | Mechanism={ROS/oxidative-stress control}","FS0436","EV001109; EV001111; EV001112"
"CQ09","TA-PFC/PCK fiber scaffold","MaterialPlatform -[TARGETS]-> TargetCell: Endothelial/vascular cells; Macrophages/innate immune cells; Mesenchymal stem/stromal cells | MaterialPlatform -[MODULATES]-> Mechanism: Angiogenic/HIF–VEGF signaling","TargetCell={Endothelial/vascular cells; Macrophages/innate immune cells; Mesenchymal stem/stromal cells} | Mechanism={Angiogenic/HIF–VEGF signaling}","FS0439","EV001122; EV001123; EV001124; EV001125"
"CQ09","Biomimetic hydrogel delivers engineered exosomes","MaterialPlatform -[TARGETS]-> TargetCell: Chondrocytes/cartilage progenitors; Macrophages/innate immune cells | MaterialPlatform -[MODULATES]-> Mechanism: Mitochondrial homeostasis/mitophagy","TargetCell={Chondrocytes/cartilage progenitors; Macrophages/innate immune cells} | Mechanism={Mitochondrial homeostasis/mitophagy}","FS0446","EV001135; EV001136; EV001137"
"CQ09","Collagen-coated polyacrylamide hydrogels","MaterialPlatform -[TARGETS]-> TargetCell: Endothelial/vascular cells; Mesenchymal stem/stromal cells | MaterialPlatform -[MODULATES]-> Mechanism: Immune modulation/macrophage polarization","TargetCell={Endothelial/vascular cells; Mesenchymal stem/stromal cells} | Mechanism={Immune modulation/macrophage polarization}","FS0450","EV001148; EV001149; EV001150"
"CQ09","3D-printed titanium scaffolds coated with a multifunctional photothermal-responsive hydrogel","MaterialPlatform -[TARGETS]-> TargetCell: Macrophages/innate immune cells; Mesenchymal stem/stromal cells | MaterialPlatform -[MODULATES]-> Mechanism: ROS/oxidative-stress control","TargetCell={Macrophages/innate immune cells; Mesenchymal stem/stromal cells} | Mechanism={ROS/oxidative-stress control}","FS0487","EV001243; EV001245; EV001246"
"CQ09","α-Klotho gene-activated scaffold","MaterialPlatform -[TARGETS]-> TargetCell: Endothelial/vascular cells; Mesenchymal stem/stromal cells | MaterialPlatform -[MODULATES]-> Mechanism: Angiogenic/HIF–VEGF signaling","TargetCell={Endothelial/vascular cells; Mesenchymal stem/stromal cells} | Mechanism={Angiogenic/HIF–VEGF signaling}","FS0598","EV001385; EV001387; EV001388"
"CQ09","Baghdadite Ceramics","MaterialPlatform -[TARGETS]-> TargetCell: Osteoblasts/osteocytes/osteoclasts; Senescent cells | MaterialPlatform -[MODULATES]-> Mechanism: Mitochondrial homeostasis/mitophagy","TargetCell={Osteoblasts/osteocytes/osteoclasts; Senescent cells} | Mechanism={Mitochondrial homeostasis/mitophagy}","FS0642","EV001409; EV001410; EV001411"
"CQ09","Antibody-functionalized copper-sulfate nanoparticles","MaterialPlatform -[TARGETS]-> TargetCell: Chondrocytes/cartilage progenitors; Senescent cells | MaterialPlatform -[MODULATES]-> Mechanism: Apoptosis/cell-survival regulation","TargetCell={Chondrocytes/cartilage progenitors; Senescent cells} | Mechanism={Apoptosis/cell-survival regulation}","FS0765","EV001518; EV001520; EV001521"
"CQ09","Ruxolitinib-loaded hierarchically biomimetic nanostructural scaffold","MaterialPlatform -[TARGETS]-> TargetCell: Mesenchymal stem/stromal cells; Osteoblasts/osteocytes/osteoclasts | MaterialPlatform -[MODULATES]-> Mechanism: NF-κB/SASP/inflammatory signaling","TargetCell={Mesenchymal stem/stromal cells; Osteoblasts/osteocytes/osteoclasts} | Mechanism={NF-κB/SASP/inflammatory signaling}","FS0788","EV001536; EV001537; EV001538"
"CQ09","Dual-drug-encapsulated liposomal nanoparticles","MaterialPlatform -[TARGETS]-> TargetCell: Mesenchymal stem/stromal cells; Senescent cells | MaterialPlatform -[MODULATES]-> Mechanism: NF-κB/SASP/inflammatory signaling","TargetCell={Mesenchymal stem/stromal cells; Senescent cells} | Mechanism={NF-κB/SASP/inflammatory signaling}","FS0912","EV001628; EV001629; EV001630"
"CQ09","GLRX3+ extracellular-vesicle redox-modulatory hydrogel","MaterialPlatform -[TARGETS]-> TargetCell: Mesenchymal stem/stromal cells; Nucleus pulposus/annulus fibrosus cells | MaterialPlatform -[MODULATES]-> Mechanism: ROS/oxidative-stress control","TargetCell={Mesenchymal stem/stromal cells; Nucleus pulposus/annulus fibrosus cells} | Mechanism={ROS/oxidative-stress control}","FS0913","EV001634; EV001636; EV001637"
"CQ09","Honey-incorporated electrospun nanofiber membrane","MaterialPlatform -[TARGETS]-> TargetCell: Mesenchymal stem/stromal cells; Senescent cells | MaterialPlatform -[MODULATES]-> Mechanism: ROS/oxidative-stress control","TargetCell={Mesenchymal stem/stromal cells; Senescent cells} | Mechanism={ROS/oxidative-stress control}","FS0916","EV001643; EV001645; EV001646"
"CQ09","EMHS HxMoO3-loaded bone-targeting lipid nanoparticles","MaterialPlatform -[TARGETS]-> TargetCell: Endothelial/vascular cells; Mesenchymal stem/stromal cells | MaterialPlatform -[MODULATES]-> Mechanism: Mitochondrial homeostasis/mitophagy","TargetCell={Endothelial/vascular cells; Mesenchymal stem/stromal cells} | Mechanism={Mitochondrial homeostasis/mitophagy}","FS1052","EV001698; EV001700; EV001701"
"CQ10","CCM@CS-HG hydrogel","MaterialPlatform -[MODULATES]-> Mechanism: ROS/oxidative-stress control | MaterialPlatform -[PROMOTES]-> RegenerativeEndpoint: Wound healing/skin regeneration | MaterialPlatform -[VALIDATED_AT]-> ValidationStage: Small Animal","Mechanism={ROS/oxidative-stress control} | RegenerativeEndpoint={Wound healing/skin regeneration} | ValidationStage={Small Animal}","FS0036","EV000083; EV000084; EV001722"
"CQ10","PAA–EDA-grafted porous PEEK scaffold","MaterialPlatform -[MODULATES]-> Mechanism: βPIX–ITGB1–RAC1–NOX1 signaling | MaterialPlatform -[PROMOTES]-> RegenerativeEndpoint: Bone regeneration/osteogenesis | MaterialPlatform -[VALIDATED_AT]-> ValidationStage: Small Animal","Mechanism={βPIX–ITGB1–RAC1–NOX1 signaling} | RegenerativeEndpoint={Bone regeneration/osteogenesis} | ValidationStage={Small Animal}","FS0043","EV000108; EV000109; EV001727"
"CQ10","GO/FeSe2 bio-heterojunction","MaterialPlatform -[MODULATES]-> Mechanism: ROS/oxidative-stress control | MaterialPlatform -[PROMOTES]-> RegenerativeEndpoint: Wound healing/skin regeneration | MaterialPlatform -[VALIDATED_AT]-> ValidationStage: Small Animal","Mechanism={ROS/oxidative-stress control} | RegenerativeEndpoint={Wound healing/skin regeneration} | ValidationStage={Small Animal}","FS0048","EV000128; EV000129; EV000132"
"CQ10","3D-printed PCL/nHA/SA/COL loaded with M2 macrophage-derived exosomes","MaterialPlatform -[MODULATES]-> Mechanism: Paracrine/EV-mediated signaling | MaterialPlatform -[PROMOTES]-> RegenerativeEndpoint: Bone regeneration/osteogenesis | MaterialPlatform -[VALIDATED_AT]-> ValidationStage: Small Animal","Mechanism={Paracrine/EV-mediated signaling} | RegenerativeEndpoint={Bone regeneration/osteogenesis} | ValidationStage={Small Animal}","FS0082","EV000200; EV000201; EV000208"
"CQ10","GP@MgO asymmetric short-fiber aerogel","MaterialPlatform -[MODULATES]-> Mechanism: NF-κB/SASP/inflammatory signaling | MaterialPlatform -[PROMOTES]-> RegenerativeEndpoint: Wound healing/skin regeneration | MaterialPlatform -[VALIDATED_AT]-> ValidationStage: Small Animal","Mechanism={NF-κB/SASP/inflammatory signaling} | RegenerativeEndpoint={Wound healing/skin regeneration} | ValidationStage={Small Animal}","FS0093","EV000227; EV000228; EV000233"
"CQ10","GM-Gel glycyrrhizic-acid-microsphere-loaded GEP/chitosan hydrogel","MaterialPlatform -[MODULATES]-> Mechanism: Immune modulation/macrophage polarization | MaterialPlatform -[PROMOTES]-> RegenerativeEndpoint: Wound healing/skin regeneration | MaterialPlatform -[VALIDATED_AT]-> ValidationStage: Small Animal","Mechanism={Immune modulation/macrophage polarization} | RegenerativeEndpoint={Wound healing/skin regeneration} | ValidationStage={Small Animal}","FS0122","EV000305; EV000306; EV000310"
"CQ10","A20-CRISPRa injectable microspheres","MaterialPlatform -[MODULATES]-> Mechanism: NF-κB/SASP/inflammatory signaling | MaterialPlatform -[PROMOTES]-> RegenerativeEndpoint: Bone regeneration/osteogenesis | MaterialPlatform -[VALIDATED_AT]-> ValidationStage: Small Animal","Mechanism={NF-κB/SASP/inflammatory signaling} | RegenerativeEndpoint={Bone regeneration/osteogenesis} | ValidationStage={Small Animal}","FS0136","EV000358; EV000359; EV001746"
"CQ10","HPQ@K superlubricative drug-delivery nanoparticles","MaterialPlatform -[MODULATES]-> Mechanism: ROS/oxidative-stress control | MaterialPlatform -[PROMOTES]-> RegenerativeEndpoint: Cartilage regeneration/chondroprotection | MaterialPlatform -[VALIDATED_AT]-> ValidationStage: Small Animal","Mechanism={ROS/oxidative-stress control} | RegenerativeEndpoint={Cartilage regeneration/chondroprotection} | ValidationStage={Small Animal}","FS0142","EV000365; EV000366; EV001748"
"CQ10","GG-5SS strontium-silicate hydrogel scaffold","MaterialPlatform -[MODULATES]-> Mechanism: NF-κB/SASP/inflammatory signaling | MaterialPlatform -[PROMOTES]-> RegenerativeEndpoint: Neural regeneration/function | MaterialPlatform -[VALIDATED_AT]-> ValidationStage: Large Animal; Small Animal","Mechanism={NF-κB/SASP/inflammatory signaling} | RegenerativeEndpoint={Neural regeneration/function} | ValidationStage={Large Animal; Small Animal}","FS0188","EV000486; EV000487; EV001858; EV001859"
"CQ10","ABT-263-loaded asymmetric composite wound dressing","MaterialPlatform -[MODULATES]-> Mechanism: Senolytic cell clearance | MaterialPlatform -[PROMOTES]-> RegenerativeEndpoint: Wound healing/skin regeneration | MaterialPlatform -[VALIDATED_AT]-> ValidationStage: Small Animal","Mechanism={Senolytic cell clearance} | RegenerativeEndpoint={Wound healing/skin regeneration} | ValidationStage={Small Animal}","FS0207","EV000515; EV000516; EV000521"
"CQ10","Zn@MOF-gel dual-polyphenol ECM-mimetic hydrogel","MaterialPlatform -[MODULATES]-> Mechanism: NF-κB/SASP/inflammatory signaling | MaterialPlatform -[PROMOTES]-> RegenerativeEndpoint: Intervertebral-disc regeneration | MaterialPlatform -[VALIDATED_AT]-> ValidationStage: Large Animal; Small Animal","Mechanism={NF-κB/SASP/inflammatory signaling} | RegenerativeEndpoint={Intervertebral-disc regeneration} | ValidationStage={Large Animal; Small Animal}","FS0222","EV000548; EV000549; EV000554; EV001761"
"CQ10","YBEV-loaded GelMA hydrogel","MaterialPlatform -[MODULATES]-> Mechanism: Mitochondrial homeostasis/mitophagy | MaterialPlatform -[PROMOTES]-> RegenerativeEndpoint: Wound healing/skin regeneration | MaterialPlatform -[VALIDATED_AT]-> ValidationStage: Small Animal","Mechanism={Mitochondrial homeostasis/mitophagy} | RegenerativeEndpoint={Wound healing/skin regeneration} | ValidationStage={Small Animal}","FS0226","EV000566; EV000567; EV000571"
"CQ10","PEG-HS/TiO2 nanocomposite","MaterialPlatform -[MODULATES]-> Mechanism: ROS/oxidative-stress control | MaterialPlatform -[PROMOTES]-> RegenerativeEndpoint: Wound healing/skin regeneration | MaterialPlatform -[VALIDATED_AT]-> ValidationStage: Small Animal","Mechanism={ROS/oxidative-stress control} | RegenerativeEndpoint={Wound healing/skin regeneration} | ValidationStage={Small Animal}","FS0238","EV000602; EV000603; EV001764"
"CQ10","Smart spatiotemporal drug-delivery hydrogels","MaterialPlatform -[MODULATES]-> Mechanism: ROS/oxidative-stress control | MaterialPlatform -[PROMOTES]-> RegenerativeEndpoint: Bone regeneration/osteogenesis | MaterialPlatform -[VALIDATED_AT]-> ValidationStage: Small Animal","Mechanism={ROS/oxidative-stress control} | RegenerativeEndpoint={Bone regeneration/osteogenesis} | ValidationStage={Small Animal}","FS0248","EV000644; EV000645; EV000651"
"CQ10","Lesion-localized hydrogels functionalized with engineered extracellular matrix","MaterialPlatform -[MODULATES]-> Mechanism: Mitochondrial homeostasis/mitophagy | MaterialPlatform -[PROMOTES]-> RegenerativeEndpoint: Cartilage regeneration/chondroprotection | MaterialPlatform -[VALIDATED_AT]-> ValidationStage: Small Animal","Mechanism={Mitochondrial homeostasis/mitophagy} | RegenerativeEndpoint={Cartilage regeneration/chondroprotection} | ValidationStage={Small Animal}","FS0279","EV000691; EV000692; EV000697"
"CQ10","Orbital hybridization-mediated nanozymes","MaterialPlatform -[MODULATES]-> Mechanism: ROS/oxidative-stress control | MaterialPlatform -[PROMOTES]-> RegenerativeEndpoint: Bone regeneration/osteogenesis | MaterialPlatform -[VALIDATED_AT]-> ValidationStage: Small Animal","Mechanism={ROS/oxidative-stress control} | RegenerativeEndpoint={Bone regeneration/osteogenesis} | ValidationStage={Small Animal}","FS0283","EV000708; EV000709; EV001771"
"CQ10","MMZ@Si–P53 hydrogel","MaterialPlatform -[MODULATES]-> Mechanism: p16/p21/p53–Rb cell-cycle arrest | MaterialPlatform -[PROMOTES]-> RegenerativeEndpoint: Bone regeneration/osteogenesis | MaterialPlatform -[VALIDATED_AT]-> ValidationStage: Small Animal","Mechanism={p16/p21/p53–Rb cell-cycle arrest} | RegenerativeEndpoint={Bone regeneration/osteogenesis} | ValidationStage={Small Animal}","FS0296","EV000735; EV000736; EV000740"
"CQ10","Magnesium-containing bioceramics stimulate exosomal miR-196a-5p secretion","MaterialPlatform -[MODULATES]-> Mechanism: MAPK/p38/JNK/ERK signaling | MaterialPlatform -[PROMOTES]-> RegenerativeEndpoint: Bone regeneration/osteogenesis | MaterialPlatform -[VALIDATED_AT]-> ValidationStage: Small Animal","Mechanism={MAPK/p38/JNK/ERK signaling} | RegenerativeEndpoint={Bone regeneration/osteogenesis} | ValidationStage={Small Animal}","FS0311","EV000779; EV000780; EV000783"
"CQ10","CAP-CD56+CD271+ BMSC-exosome-loaded PVA/SA hydrogel","MaterialPlatform -[MODULATES]-> Mechanism: p16/p21/p53–Rb cell-cycle arrest | MaterialPlatform -[PROMOTES]-> RegenerativeEndpoint: Cartilage regeneration/chondroprotection | MaterialPlatform -[VALIDATED_AT]-> ValidationStage: Small Animal","Mechanism={p16/p21/p53–Rb cell-cycle arrest} | RegenerativeEndpoint={Cartilage regeneration/chondroprotection} | ValidationStage={Small Animal}","FS0322","EV000801; EV000802; EV000808"
"CQ10","MOTS-c-modified functional self-assembly peptide hydrogels","MaterialPlatform -[MODULATES]-> Mechanism: AMPK–mTOR–sirtuin signaling | MaterialPlatform -[PROMOTES]-> RegenerativeEndpoint: Intervertebral-disc regeneration | MaterialPlatform -[VALIDATED_AT]-> ValidationStage: Small Animal","Mechanism={AMPK–mTOR–sirtuin signaling} | RegenerativeEndpoint={Intervertebral-disc regeneration} | ValidationStage={Small Animal}","FS0338","EV000847; EV000848; EV000853"
"CQ10","Multifunctional pH-responsive microneedles","MaterialPlatform -[MODULATES]-> Mechanism: Angiogenic/HIF–VEGF signaling | MaterialPlatform -[PROMOTES]-> RegenerativeEndpoint: Bone regeneration/osteogenesis | MaterialPlatform -[VALIDATED_AT]-> ValidationStage: Small Animal","Mechanism={Angiogenic/HIF–VEGF signaling} | RegenerativeEndpoint={Bone regeneration/osteogenesis} | ValidationStage={Small Animal}","FS0346","EV000867; EV000868; EV000873"
"CQ10","Senescence-targeted NAD+-dependent SIRT1-activating nanoplatform","MaterialPlatform -[MODULATES]-> Mechanism: AMPK–mTOR–sirtuin signaling | MaterialPlatform -[PROMOTES]-> RegenerativeEndpoint: Bone regeneration/osteogenesis | MaterialPlatform -[VALIDATED_AT]-> ValidationStage: Small Animal","Mechanism={AMPK–mTOR–sirtuin signaling} | RegenerativeEndpoint={Bone regeneration/osteogenesis} | ValidationStage={Small Animal}","FS0350","EV000879; EV000880; EV001874"
"CQ10","α-Arbutin-crosslinked chitosan/gelatin film","MaterialPlatform -[MODULATES]-> Mechanism: ROS/oxidative-stress control | MaterialPlatform -[PROMOTES]-> RegenerativeEndpoint: Bone regeneration/osteogenesis | MaterialPlatform -[VALIDATED_AT]-> ValidationStage: Small Animal","Mechanism={ROS/oxidative-stress control} | RegenerativeEndpoint={Bone regeneration/osteogenesis} | ValidationStage={Small Animal}","FS0384","EV000963; EV000964; EV000968"
"CQ10","Multimodal ROS-logic-gated therapeutic platform","MaterialPlatform -[MODULATES]-> Mechanism: ROS/oxidative-stress control | MaterialPlatform -[PROMOTES]-> RegenerativeEndpoint: Bone regeneration/osteogenesis | MaterialPlatform -[VALIDATED_AT]-> ValidationStage: Small Animal","Mechanism={ROS/oxidative-stress control} | RegenerativeEndpoint={Bone regeneration/osteogenesis} | ValidationStage={Small Animal}","FS0400","EV001033; EV001034; EV001793"
"CQ10","PDA@RES NIR-responsive core–shell nanoplatform","MaterialPlatform -[MODULATES]-> Mechanism: Mitochondrial homeostasis/mitophagy | MaterialPlatform -[PROMOTES]-> RegenerativeEndpoint: Wound healing/skin regeneration | MaterialPlatform -[VALIDATED_AT]-> ValidationStage: Small Animal","Mechanism={Mitochondrial homeostasis/mitophagy} | RegenerativeEndpoint={Wound healing/skin regeneration} | ValidationStage={Small Animal}","FS0402","EV001043; EV001044; EV001048"
"CQ10","CeO2 nanozymes","MaterialPlatform -[MODULATES]-> Mechanism: ROS/oxidative-stress control | MaterialPlatform -[PROMOTES]-> RegenerativeEndpoint: Bone regeneration/osteogenesis | MaterialPlatform -[VALIDATED_AT]-> ValidationStage: Small Animal","Mechanism={ROS/oxidative-stress control} | RegenerativeEndpoint={Bone regeneration/osteogenesis} | ValidationStage={Small Animal}","FS0436","EV001109; EV001110; EV001884"
"CQ10","HydroWrap hydrogen-sulfide-delivery hydrogel","MaterialPlatform -[MODULATES]-> Mechanism: NF-κB/SASP/inflammatory signaling | MaterialPlatform -[PROMOTES]-> RegenerativeEndpoint: Bone regeneration/osteogenesis | MaterialPlatform -[VALIDATED_AT]-> ValidationStage: Small Animal","Mechanism={NF-κB/SASP/inflammatory signaling} | RegenerativeEndpoint={Bone regeneration/osteogenesis} | ValidationStage={Small Animal}","FS0472","EV001223; EV001224; EV001229"
"CQ10","3D-printed titanium scaffolds coated with a multifunctional photothermal-responsive hydrogel","MaterialPlatform -[MODULATES]-> Mechanism: ROS/oxidative-stress control | MaterialPlatform -[PROMOTES]-> RegenerativeEndpoint: Bone regeneration/osteogenesis | MaterialPlatform -[VALIDATED_AT]-> ValidationStage: Small Animal","Mechanism={ROS/oxidative-stress control} | RegenerativeEndpoint={Bone regeneration/osteogenesis} | ValidationStage={Small Animal}","FS0487","EV001243; EV001244; EV001251"
"CQ10","EGCG@MAB hydrogel","MaterialPlatform -[MODULATES]-> Mechanism: Mitochondrial homeostasis/mitophagy | MaterialPlatform -[PROMOTES]-> RegenerativeEndpoint: Wound healing/skin regeneration | MaterialPlatform -[VALIDATED_AT]-> ValidationStage: Small Animal","Mechanism={Mitochondrial homeostasis/mitophagy} | RegenerativeEndpoint={Wound healing/skin regeneration} | ValidationStage={Small Animal}","FS0490","EV001258; EV001259; EV001264"
"CQ10","Lycium barbarum-derived carbon dots","MaterialPlatform -[MODULATES]-> Mechanism: Apoptosis/cell-survival regulation | MaterialPlatform -[PROMOTES]-> RegenerativeEndpoint: Bone regeneration/osteogenesis | MaterialPlatform -[VALIDATED_AT]-> ValidationStage: Small Animal","Mechanism={Apoptosis/cell-survival regulation} | RegenerativeEndpoint={Bone regeneration/osteogenesis} | ValidationStage={Small Animal}","FS0624","EV001394; EV001395; EV001397"
"CQ10","miR-29b-5p-loaded stem-cell-homing hydrogel","MaterialPlatform -[MODULATES]-> Mechanism: Epigenetic/chromatin regulation | MaterialPlatform -[PROMOTES]-> RegenerativeEndpoint: Cartilage regeneration/chondroprotection | MaterialPlatform -[VALIDATED_AT]-> ValidationStage: Small Animal","Mechanism={Epigenetic/chromatin regulation} | RegenerativeEndpoint={Cartilage regeneration/chondroprotection} | ValidationStage={Small Animal}","FS0696","EV001461; EV001462; EV001466"
"CQ10","Cerium-oxide-nanoparticle-carrying hUCMSCs","MaterialPlatform -[MODULATES]-> Mechanism: ROS/oxidative-stress control | MaterialPlatform -[PROMOTES]-> RegenerativeEndpoint: Tendon/ligament regeneration | MaterialPlatform -[VALIDATED_AT]-> ValidationStage: Small Animal","Mechanism={ROS/oxidative-stress control} | RegenerativeEndpoint={Tendon/ligament regeneration} | ValidationStage={Small Animal}","FS0709","EV001481; EV001482; EV001484"
"CQ10","Gelatin-microcarrier-based MSC microtissues","MaterialPlatform -[MODULATES]-> Mechanism: Apoptosis/cell-survival regulation | MaterialPlatform -[PROMOTES]-> RegenerativeEndpoint: Neural regeneration/function | MaterialPlatform -[VALIDATED_AT]-> ValidationStage: Small Animal","Mechanism={Apoptosis/cell-survival regulation} | RegenerativeEndpoint={Neural regeneration/function} | ValidationStage={Small Animal}","FS0738","EV001508; EV001509; EV001513"
"CQ10","Antibody-functionalized copper-sulfate nanoparticles","MaterialPlatform -[MODULATES]-> Mechanism: Apoptosis/cell-survival regulation | MaterialPlatform -[PROMOTES]-> RegenerativeEndpoint: Cartilage regeneration/chondroprotection | MaterialPlatform -[VALIDATED_AT]-> ValidationStage: Small Animal","Mechanism={Apoptosis/cell-survival regulation} | RegenerativeEndpoint={Cartilage regeneration/chondroprotection} | ValidationStage={Small Animal}","FS0765","EV001518; EV001519; EV001523"
"CQ10","Calcium-silicate ion-releasing biomaterial","MaterialPlatform -[MODULATES]-> Mechanism: p16/p21/p53–Rb cell-cycle arrest | MaterialPlatform -[PROMOTES]-> RegenerativeEndpoint: Wound healing/skin regeneration | MaterialPlatform -[VALIDATED_AT]-> ValidationStage: Small Animal","Mechanism={p16/p21/p53–Rb cell-cycle arrest} | RegenerativeEndpoint={Wound healing/skin regeneration} | ValidationStage={Small Animal}","FS0783","EV001533; EV001534; EV001899"
"CQ10","GLRX3+ extracellular-vesicle redox-modulatory hydrogel","MaterialPlatform -[MODULATES]-> Mechanism: ROS/oxidative-stress control | MaterialPlatform -[PROMOTES]-> RegenerativeEndpoint: Intervertebral-disc regeneration | MaterialPlatform -[VALIDATED_AT]-> ValidationStage: Small Animal","Mechanism={ROS/oxidative-stress control} | RegenerativeEndpoint={Intervertebral-disc regeneration} | ValidationStage={Small Animal}","FS0913","EV001634; EV001635; EV001640"
"CQ10","EMHS HxMoO3-loaded bone-targeting lipid nanoparticles","MaterialPlatform -[MODULATES]-> Mechanism: Mitochondrial homeostasis/mitophagy | MaterialPlatform -[PROMOTES]-> RegenerativeEndpoint: Bone regeneration/osteogenesis | MaterialPlatform -[VALIDATED_AT]-> ValidationStage: Small Animal","Mechanism={Mitochondrial homeostasis/mitophagy} | RegenerativeEndpoint={Bone regeneration/osteogenesis} | ValidationStage={Small Animal}","FS1052","EV001698; EV001699; EV001706"
"CQ11","Iron oxide nanoparticles-driven mitochondrial renewal","MaterialPlatform -[RESPONDS_TO]-> Stimulus: Acidic pH | MaterialPlatform -[TARGETS]-> TargetCell: Macrophages/innate immune cells; Mesenchymal stem/stromal cells; Senescent cells","Stimulus={Acidic pH} | TargetCell={Macrophages/innate immune cells; Mesenchymal stem/stromal cells; Senescent cells}","FS0038","EV000092; EV000093; EV000094; EV001723"
"CQ11","Polyphenol-armored miR-140-5p nanogene-loaded bioadhesive hydrogel","MaterialPlatform -[RESPONDS_TO]-> Stimulus: Mechanical force | MaterialPlatform -[TARGETS]-> TargetCell: Chondrocytes/cartilage progenitors","Stimulus={Mechanical force} | TargetCell={Chondrocytes/cartilage progenitors}","FS0056","EV000143; EV001730"
"CQ11","Asp10SAC4A supramolecular senolytic nanoplatform","MaterialPlatform -[RESPONDS_TO]-> Stimulus: Hypoxia | MaterialPlatform -[TARGETS]-> TargetCell: Senescent cells","Stimulus={Hypoxia} | TargetCell={Senescent cells}","FS0067","EV000165; EV000166"
"CQ11","Self-powered triboelectric-responsive EV-releasing microneedles","MaterialPlatform -[RESPONDS_TO]-> Stimulus: Electrical stimulation | MaterialPlatform -[TARGETS]-> TargetCell: Nucleus pulposus/annulus fibrosus cells","Stimulus={Electrical stimulation} | TargetCell={Nucleus pulposus/annulus fibrosus cells}","FS0073","EV000175; EV001733"
"CQ11","Locally activated TGF-β3/MgSi immunoregulatory nanofiber patch","MaterialPlatform -[RESPONDS_TO]-> Stimulus: Acidic pH | MaterialPlatform -[TARGETS]-> TargetCell: Macrophages/innate immune cells; Nucleus pulposus/annulus fibrosus cells","Stimulus={Acidic pH} | TargetCell={Macrophages/innate immune cells; Nucleus pulposus/annulus fibrosus cells}","FS0105","EV000252; EV000253; EV001740"
"CQ11","OGPQ/G-NZ quercetin–greigite nanozyme hydrogel","MaterialPlatform -[RESPONDS_TO]-> Stimulus: Acidic pH; ROS | MaterialPlatform -[TARGETS]-> TargetCell: Nucleus pulposus/annulus fibrosus cells","Stimulus={Acidic pH; ROS} | TargetCell={Nucleus pulposus/annulus fibrosus cells}","FS0133","EV000338; EV001744; EV001745"
"CQ11","TT@P-Gel hydrogel","MaterialPlatform -[RESPONDS_TO]-> Stimulus: Ultrasound | MaterialPlatform -[TARGETS]-> TargetCell: Nucleus pulposus/annulus fibrosus cells","Stimulus={Ultrasound} | TargetCell={Nucleus pulposus/annulus fibrosus cells}","FS0147","EV000375; EV000376"
"CQ11","Se/PRP-OGel hydrogel","MaterialPlatform -[RESPONDS_TO]-> Stimulus: Acidic pH | MaterialPlatform -[TARGETS]-> TargetCell: Chondrocytes/cartilage progenitors","Stimulus={Acidic pH} | TargetCell={Chondrocytes/cartilage progenitors}","FS0148","EV000385; EV001749"
"CQ11","IL37OI@MS responsive hydrogel microspheres","MaterialPlatform -[RESPONDS_TO]-> Stimulus: Acidic pH | MaterialPlatform -[TARGETS]-> TargetCell: Macrophages/innate immune cells; Nucleus pulposus/annulus fibrosus cells; Senescent cells","Stimulus={Acidic pH} | TargetCell={Macrophages/innate immune cells; Nucleus pulposus/annulus fibrosus cells; Senescent cells}","FS0166","EV000422; EV000423; EV000424; EV001753"
"CQ11","Hydrogel-coated micro/nanostructured titanium implant","MaterialPlatform -[RESPONDS_TO]-> Stimulus: ROS | MaterialPlatform -[TARGETS]-> TargetCell: Mesenchymal stem/stromal cells","Stimulus={ROS} | TargetCell={Mesenchymal stem/stromal cells}","FS0173","EV000440; EV000441"
"CQ11","D-EV-loaded thermosensitive injectable hydrogel","MaterialPlatform -[RESPONDS_TO]-> Stimulus: ROS | MaterialPlatform -[TARGETS]-> TargetCell: Mesenchymal stem/stromal cells; Nucleus pulposus/annulus fibrosus cells","Stimulus={ROS} | TargetCell={Mesenchymal stem/stromal cells; Nucleus pulposus/annulus fibrosus cells}","FS0178","EV000446; EV000447; EV000448"
"CQ11","ICAM1-directed MnO2@ZIF8/Tanshinone-IIA nanoplatform","MaterialPlatform -[RESPONDS_TO]-> Stimulus: Acidic pH; ROS | MaterialPlatform -[TARGETS]-> TargetCell: Senescent cells","Stimulus={Acidic pH; ROS} | TargetCell={Senescent cells}","FS0183","EV000454; EV000455; EV001755"
"CQ11","Fisetin-functionalized photoresponsive DNA nanocage","MaterialPlatform -[RESPONDS_TO]-> Stimulus: Light | MaterialPlatform -[TARGETS]-> TargetCell: Senescent cells","Stimulus={Light} | TargetCell={Senescent cells}","FS0223","EV000561; EV000562"
"CQ11","GPQ pH-responsive anti-senescence hydrogel","MaterialPlatform -[RESPONDS_TO]-> Stimulus: Acidic pH | MaterialPlatform -[TARGETS]-> TargetCell: Nucleus pulposus/annulus fibrosus cells","Stimulus={Acidic pH} | TargetCell={Nucleus pulposus/annulus fibrosus cells}","FS0232","EV000591; EV001763"
"CQ11","PCC1/PHCF-Gel senolytic hydrogel","MaterialPlatform -[RESPONDS_TO]-> Stimulus: ROS | MaterialPlatform -[TARGETS]-> TargetCell: Endothelial/vascular cells; Macrophages/innate immune cells","Stimulus={ROS} | TargetCell={Endothelial/vascular cells; Macrophages/innate immune cells}","FS0247","EV000637; EV000638; EV000639"
"CQ11","Immunomodulating regenerating hydrogel","MaterialPlatform -[RESPONDS_TO]-> Stimulus: ROS | MaterialPlatform -[TARGETS]-> TargetCell: Mesenchymal stem/stromal cells","Stimulus={ROS} | TargetCell={Mesenchymal stem/stromal cells}","FS0252","EV000656; EV000657"
"CQ11","OSK-protein-delivery and inflammatory-niche-remodeling platform","MaterialPlatform -[RESPONDS_TO]-> Stimulus: Glutathione | MaterialPlatform -[TARGETS]-> TargetCell: Nucleus pulposus/annulus fibrosus cells","Stimulus={Glutathione} | TargetCell={Nucleus pulposus/annulus fibrosus cells}","FS0308","EV000765; EV000766"
"CQ11","HG-QNT nanocomposite hydrogel","MaterialPlatform -[RESPONDS_TO]-> Stimulus: Mechanical force | MaterialPlatform -[TARGETS]-> TargetCell: Nucleus pulposus/annulus fibrosus cells","Stimulus={Mechanical force} | TargetCell={Nucleus pulposus/annulus fibrosus cells}","FS0312","EV000788; EV001872"
"CQ11","Senolytic/proangiogenic smart hydrogel-coated implant","MaterialPlatform -[RESPONDS_TO]-> Stimulus: ROS | MaterialPlatform -[TARGETS]-> TargetCell: Endothelial/vascular cells","Stimulus={ROS} | TargetCell={Endothelial/vascular cells}","FS0392","EV000993; EV001789"
"CQ11","FMAG nanoplatform","MaterialPlatform -[RESPONDS_TO]-> Stimulus: ROS | MaterialPlatform -[TARGETS]-> TargetCell: Fibroblasts/keratinocytes/skin cells","Stimulus={ROS} | TargetCell={Fibroblasts/keratinocytes/skin cells}","FS0399","EV001026; EV001791"
"CQ11","Senile-osteoporosis titanium implant","MaterialPlatform -[RESPONDS_TO]-> Stimulus: ROS | MaterialPlatform -[TARGETS]-> TargetCell: Mesenchymal stem/stromal cells","Stimulus={ROS} | TargetCell={Mesenchymal stem/stromal cells}","FS0419","EV001076; EV001077"
"CQ11","Self-healing hydrogels loaded with Spatholobi Caulis","MaterialPlatform -[RESPONDS_TO]-> Stimulus: Mechanical strain | MaterialPlatform -[TARGETS]-> TargetCell: Nucleus pulposus/annulus fibrosus cells","Stimulus={Mechanical strain} | TargetCell={Nucleus pulposus/annulus fibrosus cells}","FS0428","EV001089; EV001800"
"CQ11","Active Magnesium Boride/Alginate Hydrogels","MaterialPlatform -[RESPONDS_TO]-> Stimulus: Acidic pH | MaterialPlatform -[TARGETS]-> TargetCell: Senescent cells","Stimulus={Acidic pH} | TargetCell={Senescent cells}","FS0461","EV001184; EV001887"
"CQ11","LT-NPs nanoplatform","MaterialPlatform -[RESPONDS_TO]-> Stimulus: ROS | MaterialPlatform -[TARGETS]-> TargetCell: Macrophages/innate immune cells; Tenocytes/tendon progenitors","Stimulus={ROS} | TargetCell={Macrophages/innate immune cells; Tenocytes/tendon progenitors}","FS0462","EV001193; EV001194; EV001195"
"CQ11","F@GP galactose-modified Fe3O4-loaded PLGA nanoparticles","MaterialPlatform -[RESPONDS_TO]-> Stimulus: Acidic pH; Magnetic field; β-galactosidase | MaterialPlatform -[TARGETS]-> TargetCell: Senescent cells","Stimulus={Acidic pH; Magnetic field; β-galactosidase} | TargetCell={Senescent cells}","FS0534","EV001319; EV001320; EV001890; EV001891"
"CQ12","A-Lipo/PAHM lesion-localized hydrogel microspheres","MaterialPlatform -[TARGETS]-> TargetCell: Chondrocytes/cartilage progenitors | MaterialPlatform -[MODULATES]-> Mechanism: Apoptosis/cell-survival regulation","TargetCell={Chondrocytes/cartilage progenitors} | Mechanism={Apoptosis/cell-survival regulation}","FS0062","EV000158; EV000159"
"CQ12","TSH-Q quercetin-loaded temperature-sensitive hydrogel","MaterialPlatform -[TARGETS]-> TargetCell: Endothelial/vascular cells; Mesenchymal stem/stromal cells; Osteoblasts/osteocytes/osteoclasts | MaterialPlatform -[MODULATES]-> Mechanism: p16/p21/p53–Rb cell-cycle arrest","TargetCell={Endothelial/vascular cells; Mesenchymal stem/stromal cells; Osteoblasts/osteocytes/osteoclasts} | Mechanism={p16/p21/p53–Rb cell-cycle arrest}","FS0090","EV000217; EV000219; EV000220; EV000221"
"CQ12","Porcine small-intestinal-submucosa extracellular-matrix scaffold","MaterialPlatform -[TARGETS]-> TargetCell: Senescent cells | MaterialPlatform -[MODULATES]-> Mechanism: ECM remodeling/mechanical niche","TargetCell={Senescent cells} | Mechanism={ECM remodeling/mechanical niche}","FS0102","EV000244; EV000245"
"CQ12","Retinoic-acid-loaded cartilage organoids","MaterialPlatform -[TARGETS]-> TargetCell: Chondrocytes/cartilage progenitors | MaterialPlatform -[MODULATES]-> Mechanism: TGF-β/Smad/fibrotic signaling","TargetCell={Chondrocytes/cartilage progenitors} | Mechanism={TGF-β/Smad/fibrotic signaling}","FS0111","EV000269; EV000271"
"CQ12","NH@K nanozyme-reinforced hydrogel","MaterialPlatform -[TARGETS]-> TargetCell: Chondrocytes/cartilage progenitors; Macrophages/innate immune cells | MaterialPlatform -[MODULATES]-> Mechanism: ROS/oxidative-stress control","TargetCell={Chondrocytes/cartilage progenitors; Macrophages/innate immune cells} | Mechanism={ROS/oxidative-stress control}","FS0114","EV000288; EV000289; EV000290"
"CQ12","Curcumin-loaded liposomes","MaterialPlatform -[TARGETS]-> TargetCell: Mesenchymal stem/stromal cells | MaterialPlatform -[MODULATES]-> Mechanism: Mitochondrial homeostasis/mitophagy","TargetCell={Mesenchymal stem/stromal cells} | Mechanism={Mitochondrial homeostasis/mitophagy}","FS0124","EV000311; EV000312"
"CQ12","OGPQ/G-NZ quercetin–greigite nanozyme hydrogel","MaterialPlatform -[TARGETS]-> TargetCell: Nucleus pulposus/annulus fibrosus cells | MaterialPlatform -[MODULATES]-> Mechanism: ROS/oxidative-stress control","TargetCell={Nucleus pulposus/annulus fibrosus cells} | Mechanism={ROS/oxidative-stress control}","FS0133","EV000336; EV000338"
"CQ12","TT@P-Gel hydrogel","MaterialPlatform -[TARGETS]-> TargetCell: Nucleus pulposus/annulus fibrosus cells | MaterialPlatform -[MODULATES]-> Mechanism: Mitochondrial homeostasis/mitophagy","TargetCell={Nucleus pulposus/annulus fibrosus cells} | Mechanism={Mitochondrial homeostasis/mitophagy}","FS0147","EV000373; EV000376"
"CQ12","Se/PRP-OGel hydrogel","MaterialPlatform -[TARGETS]-> TargetCell: Chondrocytes/cartilage progenitors | MaterialPlatform -[MODULATES]-> Mechanism: ROS/oxidative-stress control","TargetCell={Chondrocytes/cartilage progenitors} | Mechanism={ROS/oxidative-stress control}","FS0148","EV000384; EV000385"
"CQ12","IL37OI@MS responsive hydrogel microspheres","MaterialPlatform -[TARGETS]-> TargetCell: Macrophages/innate immune cells; Nucleus pulposus/annulus fibrosus cells; Senescent cells | MaterialPlatform -[MODULATES]-> Mechanism: NF-κB/SASP/inflammatory signaling","TargetCell={Macrophages/innate immune cells; Nucleus pulposus/annulus fibrosus cells; Senescent cells} | Mechanism={NF-κB/SASP/inflammatory signaling}","FS0166","EV000421; EV000422; EV000423; EV000424"
"CQ12","SM@ME exosome-loaded methacrylated-silk-fibroin hydrogel","MaterialPlatform -[TARGETS]-> TargetCell: Nucleus pulposus/annulus fibrosus cells | MaterialPlatform -[MODULATES]-> Mechanism: Mitochondrial homeostasis/mitophagy","TargetCell={Nucleus pulposus/annulus fibrosus cells} | Mechanism={Mitochondrial homeostasis/mitophagy}","FS0168","EV000431; EV000432"
"CQ12","Hydrogel-coated micro/nanostructured titanium implant","MaterialPlatform -[TARGETS]-> TargetCell: Mesenchymal stem/stromal cells | MaterialPlatform -[MODULATES]-> Mechanism: NF-κB/SASP/inflammatory signaling","TargetCell={Mesenchymal stem/stromal cells} | Mechanism={NF-κB/SASP/inflammatory signaling}","FS0173","EV000439; EV000441"
"CQ12","D-EV-loaded thermosensitive injectable hydrogel","MaterialPlatform -[TARGETS]-> TargetCell: Mesenchymal stem/stromal cells; Nucleus pulposus/annulus fibrosus cells | MaterialPlatform -[MODULATES]-> Mechanism: Ferroptosis/lipid peroxidation","TargetCell={Mesenchymal stem/stromal cells; Nucleus pulposus/annulus fibrosus cells} | Mechanism={Ferroptosis/lipid peroxidation}","FS0178","EV000445; EV000447; EV000448"
"CQ12","Mn3O4-nanoparticle photothermal hydrogel","MaterialPlatform -[TARGETS]-> TargetCell: Nucleus pulposus/annulus fibrosus cells | MaterialPlatform -[MODULATES]-> Mechanism: ROS/oxidative-stress control","TargetCell={Nucleus pulposus/annulus fibrosus cells} | Mechanism={ROS/oxidative-stress control}","FS0187","EV000478; EV000479"
"CQ12","Polyacrylamide/alginate viscoelastic hydrogel","MaterialPlatform -[TARGETS]-> TargetCell: Senescent cells | MaterialPlatform -[MODULATES]-> Mechanism: YAP/TAZ/mechanotransduction","TargetCell={Senescent cells} | Mechanism={YAP/TAZ/mechanotransduction}","FS0196","EV000492; EV000493"
"CQ12","Prussian Blue nanoparticles","MaterialPlatform -[TARGETS]-> TargetCell: Mesenchymal stem/stromal cells | MaterialPlatform -[MODULATES]-> Mechanism: Mitochondrial homeostasis/mitophagy","TargetCell={Mesenchymal stem/stromal cells} | Mechanism={Mitochondrial homeostasis/mitophagy}","FS0212","EV000526; EV000527"
"CQ12","Surface-elastic StG hydrogels","MaterialPlatform -[TARGETS]-> TargetCell: Mesenchymal stem/stromal cells | MaterialPlatform -[MODULATES]-> Mechanism: ROS/oxidative-stress control","TargetCell={Mesenchymal stem/stromal cells} | Mechanism={ROS/oxidative-stress control}","FS0234","EV000596; EV000597"
"CQ12","FN9-10ELP extracellular-matrix-mimetic fusion protein","MaterialPlatform -[TARGETS]-> TargetCell: Mesenchymal stem/stromal cells | MaterialPlatform -[MODULATES]-> Mechanism: NF-κB/SASP/inflammatory signaling","TargetCell={Mesenchymal stem/stromal cells} | Mechanism={NF-κB/SASP/inflammatory signaling}","FS0239","EV000609; EV000610"
"CQ12","Quercetin-treated human-auricular-chondrocyte/GelMA construct","MaterialPlatform -[TARGETS]-> TargetCell: Chondrocytes/cartilage progenitors; Senescent cells | MaterialPlatform -[MODULATES]-> Mechanism: Mitochondrial homeostasis/mitophagy","TargetCell={Chondrocytes/cartilage progenitors; Senescent cells} | Mechanism={Mitochondrial homeostasis/mitophagy}","FS0244","EV000627; EV000628; EV000629"
"CQ12","Immunomodulating regenerating hydrogel","MaterialPlatform -[TARGETS]-> TargetCell: Mesenchymal stem/stromal cells | MaterialPlatform -[MODULATES]-> Mechanism: ROS/oxidative-stress control","TargetCell={Mesenchymal stem/stromal cells} | Mechanism={ROS/oxidative-stress control}","FS0252","EV000655; EV000657"
"CQ12","Synovium-targeting senolytic liposomes plus M2-macrophage exosomes","MaterialPlatform -[TARGETS]-> TargetCell: Macrophages/innate immune cells; Senescent cells | MaterialPlatform -[MODULATES]-> Mechanism: NF-κB/SASP/inflammatory signaling","TargetCell={Macrophages/innate immune cells; Senescent cells} | Mechanism={NF-κB/SASP/inflammatory signaling}","FS0278","EV000684; EV000685; EV000686"
"CQ12","MSC-educated tendon (METn) construct","MaterialPlatform -[TARGETS]-> TargetCell: Mesenchymal stem/stromal cells | MaterialPlatform -[MODULATES]-> Mechanism: DNA-damage/telomere repair","TargetCell={Mesenchymal stem/stromal cells} | Mechanism={DNA-damage/telomere repair}","FS0306","EV000757; EV000758"
"CQ12","OSK-protein-delivery and inflammatory-niche-remodeling platform","MaterialPlatform -[TARGETS]-> TargetCell: Nucleus pulposus/annulus fibrosus cells | MaterialPlatform -[MODULATES]-> Mechanism: NF-κB/SASP/inflammatory signaling","TargetCell={Nucleus pulposus/annulus fibrosus cells} | Mechanism={NF-κB/SASP/inflammatory signaling}","FS0308","EV000764; EV000766"
"CQ12","HG-QNT nanocomposite hydrogel","MaterialPlatform -[TARGETS]-> TargetCell: Nucleus pulposus/annulus fibrosus cells | MaterialPlatform -[MODULATES]-> Mechanism: TGF-β/Smad/fibrotic signaling","TargetCell={Nucleus pulposus/annulus fibrosus cells} | Mechanism={TGF-β/Smad/fibrotic signaling}","FS0312","EV000786; EV000788"
"CQ12","AAV-loaded extracellular-vesicle biomimetic gene-delivery system","MaterialPlatform -[TARGETS]-> TargetCell: Endothelial/vascular cells; Macrophages/innate immune cells | MaterialPlatform -[MODULATES]-> Mechanism: Angiogenic/HIF–VEGF signaling","TargetCell={Endothelial/vascular cells; Macrophages/innate immune cells} | Mechanism={Angiogenic/HIF–VEGF signaling}","FS0326","EV000820; EV000821; EV000822"
"CQ12","Nanozyme-Integrated 3D-Printed Gradient Scaffold","MaterialPlatform -[TARGETS]-> TargetCell: Mesenchymal stem/stromal cells | MaterialPlatform -[MODULATES]-> Mechanism: ROS/oxidative-stress control","TargetCell={Mesenchymal stem/stromal cells} | Mechanism={ROS/oxidative-stress control}","FS0382","EV000954; EV000955"
"CQ12","synFGF18 mRNA lipid nanoparticles","MaterialPlatform -[TARGETS]-> TargetCell: Chondrocytes/cartilage progenitors | MaterialPlatform -[MODULATES]-> Mechanism: Autophagy/lysosomal homeostasis","TargetCell={Chondrocytes/cartilage progenitors} | Mechanism={Autophagy/lysosomal homeostasis}","FS0404","EV001052; EV001053"
"CQ12","Self-healing hydrogels loaded with Spatholobi Caulis","MaterialPlatform -[TARGETS]-> TargetCell: Nucleus pulposus/annulus fibrosus cells | MaterialPlatform -[MODULATES]-> Mechanism: Autophagy/lysosomal homeostasis","TargetCell={Nucleus pulposus/annulus fibrosus cells} | Mechanism={Autophagy/lysosomal homeostasis}","FS0428","EV001087; EV001089"
"CQ12","HIF1A@NNP nanoplatform","MaterialPlatform -[TARGETS]-> TargetCell: Macrophages/innate immune cells; Nucleus pulposus/annulus fibrosus cells | MaterialPlatform -[MODULATES]-> Mechanism: Angiogenic/HIF–VEGF signaling","TargetCell={Macrophages/innate immune cells; Nucleus pulposus/annulus fibrosus cells} | Mechanism={Angiogenic/HIF–VEGF signaling}","FS0430","EV001093; EV001094; EV001095"
"CQ12","TA-PFC/PCK fiber scaffold","MaterialPlatform -[TARGETS]-> TargetCell: Endothelial/vascular cells; Macrophages/innate immune cells; Mesenchymal stem/stromal cells | MaterialPlatform -[MODULATES]-> Mechanism: Angiogenic/HIF–VEGF signaling","TargetCell={Endothelial/vascular cells; Macrophages/innate immune cells; Mesenchymal stem/stromal cells} | Mechanism={Angiogenic/HIF–VEGF signaling}","FS0439","EV001122; EV001123; EV001124; EV001125"
"CQ12","Biomimetic hydrogel delivers engineered exosomes","MaterialPlatform -[TARGETS]-> TargetCell: Chondrocytes/cartilage progenitors; Macrophages/innate immune cells | MaterialPlatform -[MODULATES]-> Mechanism: Mitochondrial homeostasis/mitophagy","TargetCell={Chondrocytes/cartilage progenitors; Macrophages/innate immune cells} | Mechanism={Mitochondrial homeostasis/mitophagy}","FS0446","EV001135; EV001136; EV001137"
"CQ12","Collagen-coated polyacrylamide hydrogels","MaterialPlatform -[TARGETS]-> TargetCell: Endothelial/vascular cells; Mesenchymal stem/stromal cells | MaterialPlatform -[MODULATES]-> Mechanism: Immune modulation/macrophage polarization","TargetCell={Endothelial/vascular cells; Mesenchymal stem/stromal cells} | Mechanism={Immune modulation/macrophage polarization}","FS0450","EV001148; EV001149; EV001150"
"CQ12","Active Magnesium Boride/Alginate Hydrogels","MaterialPlatform -[TARGETS]-> TargetCell: Senescent cells | MaterialPlatform -[MODULATES]-> Mechanism: AMPK–mTOR–sirtuin signaling","TargetCell={Senescent cells} | Mechanism={AMPK–mTOR–sirtuin signaling}","FS0461","EV001183; EV001184"
"CQ12","miR-146a-5p-engineered exosomes","MaterialPlatform -[TARGETS]-> TargetCell: Mesenchymal stem/stromal cells | MaterialPlatform -[MODULATES]-> Mechanism: Mitochondrial homeostasis/mitophagy","TargetCell={Mesenchymal stem/stromal cells} | Mechanism={Mitochondrial homeostasis/mitophagy}","FS0482","EV001236; EV001237"
"CQ12","Microtopographic polymer substrates","MaterialPlatform -[TARGETS]-> TargetCell: Mesenchymal stem/stromal cells | MaterialPlatform -[MODULATES]-> Mechanism: Paracrine/EV-mediated signaling","TargetCell={Mesenchymal stem/stromal cells} | Mechanism={Paracrine/EV-mediated signaling}","FS0637","EV001404; EV001405"
"CQ12","Baghdadite Ceramics","MaterialPlatform -[TARGETS]-> TargetCell: Osteoblasts/osteocytes/osteoclasts; Senescent cells | MaterialPlatform -[MODULATES]-> Mechanism: Mitochondrial homeostasis/mitophagy","TargetCell={Osteoblasts/osteocytes/osteoclasts; Senescent cells} | Mechanism={Mitochondrial homeostasis/mitophagy}","FS0642","EV001409; EV001410; EV001411"
"CQ12","Ruxolitinib-loaded hierarchically biomimetic nanostructural scaffold","MaterialPlatform -[TARGETS]-> TargetCell: Mesenchymal stem/stromal cells; Osteoblasts/osteocytes/osteoclasts | MaterialPlatform -[MODULATES]-> Mechanism: NF-κB/SASP/inflammatory signaling","TargetCell={Mesenchymal stem/stromal cells; Osteoblasts/osteocytes/osteoclasts} | Mechanism={NF-κB/SASP/inflammatory signaling}","FS0788","EV001536; EV001537; EV001538"
"CQ12","Extracellular-vesicle-conjugated functional-matrix hydrogel","MaterialPlatform -[TARGETS]-> TargetCell: Nucleus pulposus/annulus fibrosus cells | MaterialPlatform -[MODULATES]-> Mechanism: p16/p21/p53–Rb cell-cycle arrest","TargetCell={Nucleus pulposus/annulus fibrosus cells} | Mechanism={p16/p21/p53–Rb cell-cycle arrest}","FS0843","EV001597; EV001598"
"CQ12","Tonsil-derived mesenchymal stem cells incorporated in reactive oxygen species-releasing hydrogel","MaterialPlatform -[TARGETS]-> TargetCell: Mesenchymal stem/stromal cells | MaterialPlatform -[MODULATES]-> Mechanism: ROS/oxidative-stress control","TargetCell={Mesenchymal stem/stromal cells} | Mechanism={ROS/oxidative-stress control}","FS0882","EV001611; EV001612"
"CQ12","Dual-drug-encapsulated liposomal nanoparticles","MaterialPlatform -[TARGETS]-> TargetCell: Mesenchymal stem/stromal cells; Senescent cells | MaterialPlatform -[MODULATES]-> Mechanism: NF-κB/SASP/inflammatory signaling","TargetCell={Mesenchymal stem/stromal cells; Senescent cells} | Mechanism={NF-κB/SASP/inflammatory signaling}","FS0912","EV001628; EV001629; EV001630"
"CQ12","Honey-incorporated electrospun nanofiber membrane","MaterialPlatform -[TARGETS]-> TargetCell: Mesenchymal stem/stromal cells; Senescent cells | MaterialPlatform -[MODULATES]-> Mechanism: ROS/oxidative-stress control","TargetCell={Mesenchymal stem/stromal cells; Senescent cells} | Mechanism={ROS/oxidative-stress control}","FS0916","EV001643; EV001645; EV001646"
"CQ12","SRT1720-loaded calcium-phosphate/magnesium-phosphate nanocarriers","MaterialPlatform -[TARGETS]-> TargetCell: Endothelial/vascular cells | MaterialPlatform -[MODULATES]-> Mechanism: Angiogenic/HIF–VEGF signaling","TargetCell={Endothelial/vascular cells} | Mechanism={Angiogenic/HIF–VEGF signaling}","FS1020","EV001678; EV001679"
"CQ13","Lubricated hydrogel with STING-inhibiting EXOs","MaterialPlatform -[DELIVERS]-> TherapeuticCargo: EXO-si-STING | MaterialPlatform -[PROMOTES]-> RegenerativeEndpoint: Cartilage regeneration/chondroprotection","TherapeuticCargo={EXO-si-STING} | RegenerativeEndpoint={Cartilage regeneration/chondroprotection}","FS0044","EV000117; EV000120"
"CQ13","Senomorphic Small Extracellular Vesicles Delivered by a Tissue-Adhesive α-Lipoic-Acid Hydrogel","MaterialPlatform -[DELIVERS]-> TherapeuticCargo: quercetin-primed senomorphic small extracellular vesicles | MaterialPlatform -[PROMOTES]-> RegenerativeEndpoint: Bone regeneration/osteogenesis","TherapeuticCargo={quercetin-primed senomorphic small extracellular vesicles} | RegenerativeEndpoint={Bone regeneration/osteogenesis}","FS0117","EV000296; EV000297"
"CQ13","Electrospun scaffold–bioreactor system","MaterialPlatform -[DELIVERS]-> TherapeuticCargo: EVs | MaterialPlatform -[PROMOTES]-> RegenerativeEndpoint: Bone regeneration/osteogenesis","TherapeuticCargo={EVs} | RegenerativeEndpoint={Bone regeneration/osteogenesis}","FS0134","EV000343; EV000344"
"CQ13","GEA/NGel senolysis-targeting bioenergetic nanoplatform","MaterialPlatform -[DELIVERS]-> TherapeuticCargo: AICAR | MaterialPlatform -[PROMOTES]-> RegenerativeEndpoint: Wound healing/skin regeneration","TherapeuticCargo={AICAR} | RegenerativeEndpoint={Wound healing/skin regeneration}","FS0184","EV000459; EV000461"
"CQ13","(ZIF-8@CeO2)@GOx-loaded sprayable GelMA hydrogel","MaterialPlatform -[DELIVERS]-> TherapeuticCargo: Nanozyme | MaterialPlatform -[PROMOTES]-> RegenerativeEndpoint: Wound healing/skin regeneration","TherapeuticCargo={Nanozyme} | RegenerativeEndpoint={Wound healing/skin regeneration}","FS0186","EV000469; EV000471"
"CQ13","FGF-4/IGF-1-loaded cationic thermosensitive polymer scaffold","MaterialPlatform -[DELIVERS]-> TherapeuticCargo: FGF-4; IGF-1 | MaterialPlatform -[PROMOTES]-> RegenerativeEndpoint: Hepatic repair/function","TherapeuticCargo={FGF-4; IGF-1} | RegenerativeEndpoint={Hepatic repair/function}","FS0213","EV000532; EV000533; EV000535"
"CQ13","GelMA@ZIF-8/PGE microsphere–hydrogel platform","MaterialPlatform -[DELIVERS]-> TherapeuticCargo: rapamycin | MaterialPlatform -[PROMOTES]-> RegenerativeEndpoint: Wound healing/skin regeneration","TherapeuticCargo={rapamycin} | RegenerativeEndpoint={Wound healing/skin regeneration}","FS0295","EV000725; EV000728"
"CQ13","TPG@ChSMA mitochondrial-targeted hydrogel","MaterialPlatform -[DELIVERS]-> TherapeuticCargo: TPG | MaterialPlatform -[PROMOTES]-> RegenerativeEndpoint: Bone regeneration/osteogenesis","TherapeuticCargo={TPG} | RegenerativeEndpoint={Bone regeneration/osteogenesis}","FS0313","EV000793; EV000794"
"CQ13","Adhesive injectable NRF2-modulating hydrogel microspheres","MaterialPlatform -[DELIVERS]-> TherapeuticCargo: Cordycepin | MaterialPlatform -[PROMOTES]-> RegenerativeEndpoint: Bone regeneration/osteogenesis","TherapeuticCargo={Cordycepin} | RegenerativeEndpoint={Bone regeneration/osteogenesis}","FS0367","EV000913; EV000917"
"CQ13","Mitochondrial-metabolism/efferocytosis-modulating microcarriers","MaterialPlatform -[DELIVERS]-> TherapeuticCargo: VGX-1027 | MaterialPlatform -[PROMOTES]-> RegenerativeEndpoint: Bone regeneration/osteogenesis","TherapeuticCargo={VGX-1027} | RegenerativeEndpoint={Bone regeneration/osteogenesis}","FS0376","EV000933; EV000934"
"CQ13","Enucleated-MSC-derived mitochondria-transfer microvesicles","MaterialPlatform -[DELIVERS]-> TherapeuticCargo: mitochondria | MaterialPlatform -[PROMOTES]-> RegenerativeEndpoint: Wound healing/skin regeneration","TherapeuticCargo={mitochondria} | RegenerativeEndpoint={Wound healing/skin regeneration}","FS0389","EV000978; EV000980"
"CQ13","rhBMP-2/rapamycin co-treatment without an engineered carrier","MaterialPlatform -[DELIVERS]-> TherapeuticCargo: rhBMP-2 and Rapa | MaterialPlatform -[PROMOTES]-> RegenerativeEndpoint: Bone regeneration/osteogenesis","TherapeuticCargo={rhBMP-2 and Rapa} | RegenerativeEndpoint={Bone regeneration/osteogenesis}","FS0391","EV000985; EV000986"
"CQ13","Quercetin-loaded homogeneous PLGA microspheres","MaterialPlatform -[DELIVERS]-> TherapeuticCargo: quercetin | MaterialPlatform -[PROMOTES]-> RegenerativeEndpoint: Stemness/proliferation/differentiation restoration","TherapeuticCargo={quercetin} | RegenerativeEndpoint={Stemness/proliferation/differentiation restoration}","FS0394","EV001002; EV001004"
"CQ13","Cordycepin-Loaded Dental Pulp Stem Cell-Derived Exosomes","MaterialPlatform -[DELIVERS]-> TherapeuticCargo: Cordycepin | MaterialPlatform -[PROMOTES]-> RegenerativeEndpoint: Bone regeneration/osteogenesis","TherapeuticCargo={Cordycepin} | RegenerativeEndpoint={Bone regeneration/osteogenesis}","FS0397","EV001015; EV001016"
"CQ13","Curcumin-loaded milk-sEV/platelet-membrane hybrid vesicles","MaterialPlatform -[DELIVERS]-> TherapeuticCargo: Curcumin | MaterialPlatform -[PROMOTES]-> RegenerativeEndpoint: Neural regeneration/function","TherapeuticCargo={Curcumin} | RegenerativeEndpoint={Neural regeneration/function}","FS0409","EV001059; EV001060"
"CQ13","Quercetin-loaded aligned-nanowire hydrogel","MaterialPlatform -[DELIVERS]-> TherapeuticCargo: quercetin | MaterialPlatform -[PROMOTES]-> RegenerativeEndpoint: Bone regeneration/osteogenesis","TherapeuticCargo={quercetin} | RegenerativeEndpoint={Bone regeneration/osteogenesis}","FS0433","EV001099; EV001103"
"CQ13","Tannic-acid-loaded calcium-alginate/silk-fibroin-peptide/Bletilla-polysaccharide microspheres","MaterialPlatform -[DELIVERS]-> TherapeuticCargo: tannic acid | MaterialPlatform -[PROMOTES]-> RegenerativeEndpoint: Wound healing/skin regeneration","TherapeuticCargo={tannic acid} | RegenerativeEndpoint={Wound healing/skin regeneration}","FS0507","EV001282; EV001284"
"CQ13","ZIF-8/resveratrol nanoformulation","MaterialPlatform -[DELIVERS]-> TherapeuticCargo: resveratrol | MaterialPlatform -[PROMOTES]-> RegenerativeEndpoint: Bone regeneration/osteogenesis","TherapeuticCargo={resveratrol} | RegenerativeEndpoint={Bone regeneration/osteogenesis}","FS0538","EV001332; EV001333"
"CQ13","Quercetin/HA-loaded TG-18 hydrogel","MaterialPlatform -[DELIVERS]-> TherapeuticCargo: quercetin | MaterialPlatform -[PROMOTES]-> RegenerativeEndpoint: Bone regeneration/osteogenesis","TherapeuticCargo={quercetin} | RegenerativeEndpoint={Bone regeneration/osteogenesis}","FS0657","EV001439; EV001441"
"CQ13","ASD all-in-one smart hydrogel dressing","MaterialPlatform -[DELIVERS]-> TherapeuticCargo: CXCL12; Ginsenoside Rg1; Ligustroflavone | MaterialPlatform -[PROMOTES]-> RegenerativeEndpoint: Wound healing/skin regeneration","TherapeuticCargo={CXCL12; Ginsenoside Rg1; Ligustroflavone} | RegenerativeEndpoint={Wound healing/skin regeneration}","FS0810","EV001560; EV001561; EV001562; EV001563"
"CQ13","Hairyvein-agrimony-nanovesicle-loaded microneedles","MaterialPlatform -[DELIVERS]-> TherapeuticCargo: Hairyvein agrimony-derived nanovesicles (HA-NVs) | MaterialPlatform -[PROMOTES]-> RegenerativeEndpoint: Bone regeneration/osteogenesis","TherapeuticCargo={Hairyvein agrimony-derived nanovesicles (HA-NVs)} | RegenerativeEndpoint={Bone regeneration/osteogenesis}","FS1040","EV001685; EV001686"
"CQ14","CaH2-MN hierarchical calcium-hydride microneedle platform","MaterialPlatform -[PROMOTES]-> RegenerativeEndpoint: Wound healing/skin regeneration | MaterialPlatform -[VALIDATED_AT]-> ValidationStage: Human-derived","RegenerativeEndpoint={Wound healing/skin regeneration} | ValidationStage={Human-derived}","FS0026","EV000059; EV000062"
"CQ14","MM@MS@ABT macrophage-membrane-coated magnetic nanospheres","MaterialPlatform -[TARGETS]-> TargetCell: Macrophages/innate immune cells | MaterialPlatform -[VALIDATED_AT]-> ValidationStage: Human-derived","TargetCell={Macrophages/innate immune cells} | ValidationStage={Human-derived}","FS0033","EV000069; EV000073"
"CQ14","GMP-grade TDHLSP glass-microcarrier bioreactor system","MaterialPlatform -[TARGETS]-> TargetCell: Mesenchymal stem/stromal cells | MaterialPlatform -[VALIDATED_AT]-> ValidationStage: Human-derived","TargetCell={Mesenchymal stem/stromal cells} | ValidationStage={Human-derived}","FS0079","EV000182; EV000183"
"CQ14","Recombinant humanized type III collagen (rhCol III)","MaterialPlatform -[TARGETS]-> TargetCell: Fibroblasts/keratinocytes/skin cells | MaterialPlatform -[VALIDATED_AT]-> ValidationStage: Human-derived","TargetCell={Fibroblasts/keratinocytes/skin cells} | ValidationStage={Human-derived}","FS0087","EV000209; EV000211"
"CQ14","GP@MgO asymmetric short-fiber aerogel","MaterialPlatform -[MODULATES]-> Mechanism: NF-κB/SASP/inflammatory signaling | MaterialPlatform -[PROMOTES]-> RegenerativeEndpoint: Wound healing/skin regeneration | MaterialPlatform -[VALIDATED_AT]-> ValidationStage: Human-derived","Mechanism={NF-κB/SASP/inflammatory signaling} | RegenerativeEndpoint={Wound healing/skin regeneration} | ValidationStage={Human-derived}","FS0093","EV000227; EV000228; EV000232"
"CQ14","Electrospun scaffold–bioreactor system","MaterialPlatform -[TARGETS]-> TargetCell: Macrophages/innate immune cells; Senescent cells | MaterialPlatform -[PROMOTES]-> RegenerativeEndpoint: Bone regeneration/osteogenesis | MaterialPlatform -[VALIDATED_AT]-> ValidationStage: Human-derived","TargetCell={Macrophages/innate immune cells; Senescent cells} | RegenerativeEndpoint={Bone regeneration/osteogenesis} | ValidationStage={Human-derived}","FS0134","EV000344; EV000346; EV000347; EV000351"
"CQ14","HPQ@K superlubricative drug-delivery nanoparticles","MaterialPlatform -[TARGETS]-> TargetCell: Chondrocytes/cartilage progenitors | MaterialPlatform -[MODULATES]-> Mechanism: ROS/oxidative-stress control | MaterialPlatform -[PROMOTES]-> RegenerativeEndpoint: Cartilage regeneration/chondroprotection | MaterialPlatform -[VALIDATED_AT]-> ValidationStage: Human-derived","TargetCell={Chondrocytes/cartilage progenitors} | Mechanism={ROS/oxidative-stress control} | RegenerativeEndpoint={Cartilage regeneration/chondroprotection} | ValidationStage={Human-derived}","FS0142","EV000365; EV000366; EV000368; EV000371"
"CQ14","BAI1-PSTB nanocomposite hydrogel","MaterialPlatform -[TARGETS]-> TargetCell: Endothelial/vascular cells | MaterialPlatform -[VALIDATED_AT]-> ValidationStage: Human-derived","TargetCell={Endothelial/vascular cells} | ValidationStage={Human-derived}","FS0150","EV000395; EV000398"
"CQ14","SM@ME exosome-loaded methacrylated-silk-fibroin hydrogel","MaterialPlatform -[TARGETS]-> TargetCell: Nucleus pulposus/annulus fibrosus cells | MaterialPlatform -[MODULATES]-> Mechanism: Mitochondrial homeostasis/mitophagy | MaterialPlatform -[VALIDATED_AT]-> ValidationStage: Human-derived","TargetCell={Nucleus pulposus/annulus fibrosus cells} | Mechanism={Mitochondrial homeostasis/mitophagy} | ValidationStage={Human-derived}","FS0168","EV000431; EV000432; EV001857"
"CQ14","Fisetin-functionalized photoresponsive DNA nanocage","MaterialPlatform -[TARGETS]-> TargetCell: Senescent cells | MaterialPlatform -[VALIDATED_AT]-> ValidationStage: Human-derived","TargetCell={Senescent cells} | ValidationStage={Human-derived}","FS0223","EV000562; EV000564"
"CQ14","Pericyte-membrane-coated saMAT2A lipid nanoparticles","MaterialPlatform -[TARGETS]-> TargetCell: Endothelial/vascular cells | MaterialPlatform -[PROMOTES]-> RegenerativeEndpoint: Wound healing/skin regeneration | MaterialPlatform -[VALIDATED_AT]-> ValidationStage: Human-derived","TargetCell={Endothelial/vascular cells} | RegenerativeEndpoint={Wound healing/skin regeneration} | ValidationStage={Human-derived}","FS0230","EV000580; EV000581; EV000584"
"CQ14","PEG-HS/TiO2 nanocomposite","MaterialPlatform -[TARGETS]-> TargetCell: Endothelial/vascular cells; Macrophages/innate immune cells | MaterialPlatform -[MODULATES]-> Mechanism: ROS/oxidative-stress control | MaterialPlatform -[PROMOTES]-> RegenerativeEndpoint: Wound healing/skin regeneration | MaterialPlatform -[VALIDATED_AT]-> ValidationStage: Human-derived","TargetCell={Endothelial/vascular cells; Macrophages/innate immune cells} | Mechanism={ROS/oxidative-stress control} | RegenerativeEndpoint={Wound healing/skin regeneration} | ValidationStage={Human-derived}","FS0238","EV000602; EV000603; EV000604; EV000605; EV000608"
"CQ14","Smart spatiotemporal drug-delivery hydrogels","MaterialPlatform -[TARGETS]-> TargetCell: Endothelial/vascular cells; Mesenchymal stem/stromal cells | MaterialPlatform -[MODULATES]-> Mechanism: ROS/oxidative-stress control | MaterialPlatform -[PROMOTES]-> RegenerativeEndpoint: Bone regeneration/osteogenesis | MaterialPlatform -[VALIDATED_AT]-> ValidationStage: Human-derived","TargetCell={Endothelial/vascular cells; Mesenchymal stem/stromal cells} | Mechanism={ROS/oxidative-stress control} | RegenerativeEndpoint={Bone regeneration/osteogenesis} | ValidationStage={Human-derived}","FS0248","EV000644; EV000645; EV000646; EV000647; EV000650"
"CQ14","DASEA Regenbio bioreactor–microcarrier culture system","MaterialPlatform -[PROMOTES]-> RegenerativeEndpoint: Wound healing/skin regeneration | MaterialPlatform -[VALIDATED_AT]-> ValidationStage: Human-derived","RegenerativeEndpoint={Wound healing/skin regeneration} | ValidationStage={Human-derived}","FS0290","EV000715; EV000717"
"CQ14","LINE1-ASO-loaded selectin-binding-peptide-engineered extracellular vesicles","MaterialPlatform -[TARGETS]-> TargetCell: Endothelial/vascular cells | MaterialPlatform -[PROMOTES]-> RegenerativeEndpoint: Cardiac repair/function | MaterialPlatform -[VALIDATED_AT]-> ValidationStage: Human-derived","TargetCell={Endothelial/vascular cells} | RegenerativeEndpoint={Cardiac repair/function} | ValidationStage={Human-derived}","FS0303","EV000752; EV000753; EV000756"
"CQ14","rhCOL17-P334 conjugate","MaterialPlatform -[TARGETS]-> TargetCell: Fibroblasts/keratinocytes/skin cells | MaterialPlatform -[PROMOTES]-> RegenerativeEndpoint: Wound healing/skin regeneration | MaterialPlatform -[VALIDATED_AT]-> ValidationStage: Human-derived","TargetCell={Fibroblasts/keratinocytes/skin cells} | RegenerativeEndpoint={Wound healing/skin regeneration} | ValidationStage={Human-derived}","FS0310","EV000774; EV000775; EV001871"
"CQ14","AAV-loaded extracellular-vesicle biomimetic gene-delivery system","MaterialPlatform -[TARGETS]-> TargetCell: Endothelial/vascular cells; Macrophages/innate immune cells | MaterialPlatform -[MODULATES]-> Mechanism: Angiogenic/HIF–VEGF signaling | MaterialPlatform -[VALIDATED_AT]-> ValidationStage: Human-derived","TargetCell={Endothelial/vascular cells; Macrophages/innate immune cells} | Mechanism={Angiogenic/HIF–VEGF signaling} | ValidationStage={Human-derived}","FS0326","EV000820; EV000821; EV000822; EV000825"
"CQ14","MOTS-c-modified functional self-assembly peptide hydrogels","MaterialPlatform -[TARGETS]-> TargetCell: Mesenchymal stem/stromal cells; Nucleus pulposus/annulus fibrosus cells | MaterialPlatform -[MODULATES]-> Mechanism: AMPK–mTOR–sirtuin signaling | MaterialPlatform -[PROMOTES]-> RegenerativeEndpoint: Intervertebral-disc regeneration | MaterialPlatform -[VALIDATED_AT]-> ValidationStage: Human-derived","TargetCell={Mesenchymal stem/stromal cells; Nucleus pulposus/annulus fibrosus cells} | Mechanism={AMPK–mTOR–sirtuin signaling} | RegenerativeEndpoint={Intervertebral-disc regeneration} | ValidationStage={Human-derived}","FS0338","EV000847; EV000848; EV000849; EV000850; EV000852"
"CQ14","Multifunctional pH-responsive microneedles","MaterialPlatform -[TARGETS]-> TargetCell: Periodontal/dental stem cells | MaterialPlatform -[MODULATES]-> Mechanism: Angiogenic/HIF–VEGF signaling | MaterialPlatform -[PROMOTES]-> RegenerativeEndpoint: Bone regeneration/osteogenesis | MaterialPlatform -[VALIDATED_AT]-> ValidationStage: Human-derived","TargetCell={Periodontal/dental stem cells} | Mechanism={Angiogenic/HIF–VEGF signaling} | RegenerativeEndpoint={Bone regeneration/osteogenesis} | ValidationStage={Human-derived}","FS0346","EV000867; EV000868; EV000869; EV000872"
"CQ14","Bioinspired Microgel Assembly of Liver-Derived Decellularized Extracellular Matrix","MaterialPlatform -[TARGETS]-> TargetCell: Periodontal/dental stem cells | MaterialPlatform -[VALIDATED_AT]-> ValidationStage: Human-derived","TargetCell={Periodontal/dental stem cells} | ValidationStage={Human-derived}","FS0358","EV000893; EV001787"
"CQ14","Phenylboronic-acid-grafted hyaluronic-acid/TIMP-3 hydrogel","MaterialPlatform -[TARGETS]-> TargetCell: Macrophages/innate immune cells; Nucleus pulposus/annulus fibrosus cells | MaterialPlatform -[VALIDATED_AT]-> ValidationStage: Human-derived","TargetCell={Macrophages/innate immune cells; Nucleus pulposus/annulus fibrosus cells} | ValidationStage={Human-derived}","FS0380","EV000946; EV000947; EV000951"
"CQ14","Quercetin-loaded homogeneous PLGA microspheres","MaterialPlatform -[TARGETS]-> TargetCell: Mesenchymal stem/stromal cells | MaterialPlatform -[PROMOTES]-> RegenerativeEndpoint: Stemness/proliferation/differentiation restoration | MaterialPlatform -[VALIDATED_AT]-> ValidationStage: Human-derived","TargetCell={Mesenchymal stem/stromal cells} | RegenerativeEndpoint={Stemness/proliferation/differentiation restoration} | ValidationStage={Human-derived}","FS0394","EV001004; EV001006; EV001008"
"CQ14","Cordycepin-Loaded Dental Pulp Stem Cell-Derived Exosomes","MaterialPlatform -[PROMOTES]-> RegenerativeEndpoint: Bone regeneration/osteogenesis | MaterialPlatform -[VALIDATED_AT]-> ValidationStage: Human-derived","RegenerativeEndpoint={Bone regeneration/osteogenesis} | ValidationStage={Human-derived}","FS0397","EV001016; EV001019"
"CQ14","Curcumin-loaded milk-sEV/platelet-membrane hybrid vesicles","MaterialPlatform -[TARGETS]-> TargetCell: Endothelial/vascular cells | MaterialPlatform -[PROMOTES]-> RegenerativeEndpoint: Neural regeneration/function | MaterialPlatform -[VALIDATED_AT]-> ValidationStage: Human-derived","TargetCell={Endothelial/vascular cells} | RegenerativeEndpoint={Neural regeneration/function} | ValidationStage={Human-derived}","FS0409","EV001060; EV001061; EV001063"
"CQ14","Autophagy-enhancing injectable hydrogel microspheres","MaterialPlatform -[TARGETS]-> TargetCell: Chondrocytes/cartilage progenitors; Senescent cells | MaterialPlatform -[PROMOTES]-> RegenerativeEndpoint: Cartilage regeneration/chondroprotection | MaterialPlatform -[VALIDATED_AT]-> ValidationStage: Human-derived","TargetCell={Chondrocytes/cartilage progenitors; Senescent cells} | RegenerativeEndpoint={Cartilage regeneration/chondroprotection} | ValidationStage={Human-derived}","FS0414","EV001066; EV001067; EV001068; EV001883"
"CQ14","GelMA/PNS/Alg@IGF-1 hydrogel","MaterialPlatform -[TARGETS]-> TargetCell: Endothelial/vascular cells | MaterialPlatform -[VALIDATED_AT]-> ValidationStage: Human-derived","TargetCell={Endothelial/vascular cells} | ValidationStage={Human-derived}","FS0418","EV001070; EV001073"
"CQ14","TA-PFC/PCK fiber scaffold","MaterialPlatform -[TARGETS]-> TargetCell: Endothelial/vascular cells; Macrophages/innate immune cells; Mesenchymal stem/stromal cells | MaterialPlatform -[MODULATES]-> Mechanism: Angiogenic/HIF–VEGF signaling | MaterialPlatform -[VALIDATED_AT]-> ValidationStage: Human-derived","TargetCell={Endothelial/vascular cells; Macrophages/innate immune cells; Mesenchymal stem/stromal cells} | Mechanism={Angiogenic/HIF–VEGF signaling} | ValidationStage={Human-derived}","FS0439","EV001122; EV001123; EV001124; EV001125; EV001128"
"CQ14","Engineered extracellular vesicles","MaterialPlatform -[TARGETS]-> TargetCell: Senescent cells | MaterialPlatform -[PROMOTES]-> RegenerativeEndpoint: Wound healing/skin regeneration | MaterialPlatform -[VALIDATED_AT]-> ValidationStage: Human-derived","TargetCell={Senescent cells} | RegenerativeEndpoint={Wound healing/skin regeneration} | ValidationStage={Human-derived}","FS0449","EV001140; EV001141; EV001144"
"CQ14","Pro-regenerative cardiac-progenitor-secretome nanoparticles","MaterialPlatform -[TARGETS]-> TargetCell: Cardiomyocytes/cardiac progenitors; Endothelial/vascular cells; Fibroblasts/keratinocytes/skin cells | MaterialPlatform -[VALIDATED_AT]-> ValidationStage: Human-derived","TargetCell={Cardiomyocytes/cardiac progenitors; Endothelial/vascular cells; Fibroblasts/keratinocytes/skin cells} | ValidationStage={Human-derived}","FS0453","EV001156; EV001157; EV001158; EV001803"
"CQ14","GBC@PNA sono-piezoelectric scaffold","MaterialPlatform -[TARGETS]-> TargetCell: Nucleus pulposus/annulus fibrosus cells | MaterialPlatform -[PROMOTES]-> RegenerativeEndpoint: Intervertebral-disc regeneration | MaterialPlatform -[VALIDATED_AT]-> ValidationStage: Human-derived","TargetCell={Nucleus pulposus/annulus fibrosus cells} | RegenerativeEndpoint={Intervertebral-disc regeneration} | ValidationStage={Human-derived}","FS0454","EV001162; EV001164; EV001167"
"CQ14","Dual-engineered chondrocyte-targeted extracellular vesicles","MaterialPlatform -[TARGETS]-> TargetCell: Chondrocytes/cartilage progenitors; Mesenchymal stem/stromal cells | MaterialPlatform -[VALIDATED_AT]-> ValidationStage: Human-derived","TargetCell={Chondrocytes/cartilage progenitors; Mesenchymal stem/stromal cells} | ValidationStage={Human-derived}","FS0478","EV001231; EV001232; EV001812"
"CQ14","miR-146a-5p-engineered exosomes","MaterialPlatform -[TARGETS]-> TargetCell: Mesenchymal stem/stromal cells | MaterialPlatform -[MODULATES]-> Mechanism: Mitochondrial homeostasis/mitophagy | MaterialPlatform -[VALIDATED_AT]-> ValidationStage: Human-derived","TargetCell={Mesenchymal stem/stromal cells} | Mechanism={Mitochondrial homeostasis/mitophagy} | ValidationStage={Human-derived}","FS0482","EV001236; EV001237; EV001239"
"CQ14","Aligned-topography soft hydrogel substrates","MaterialPlatform -[TARGETS]-> TargetCell: Mesenchymal stem/stromal cells | MaterialPlatform -[VALIDATED_AT]-> ValidationStage: Human-derived","TargetCell={Mesenchymal stem/stromal cells} | ValidationStage={Human-derived}","FS0513","EV001290; EV001293"
"CQ14","Metformin-loaded HA/gelatin electrospun nanofibers","MaterialPlatform -[TARGETS]-> TargetCell: Mesenchymal stem/stromal cells | MaterialPlatform -[VALIDATED_AT]-> ValidationStage: Human-derived","TargetCell={Mesenchymal stem/stromal cells} | ValidationStage={Human-derived}","FS0526","EV001311; EV001313"
"CQ14","Magnetic-nanoparticle-coated fibroblast/ADSC constructs","MaterialPlatform -[TARGETS]-> TargetCell: Fibroblasts/keratinocytes/skin cells | MaterialPlatform -[VALIDATED_AT]-> ValidationStage: Human-derived","TargetCell={Fibroblasts/keratinocytes/skin cells} | ValidationStage={Human-derived}","FS0535","EV001324; EV001816"
"CQ14","ZIF-8/resveratrol nanoformulation","MaterialPlatform -[TARGETS]-> TargetCell: Endothelial/vascular cells; Macrophages/innate immune cells; Mesenchymal stem/stromal cells; Osteoblasts/osteocytes/osteoclasts; Senescent cells | MaterialPlatform -[PROMOTES]-> RegenerativeEndpoint: Bone regeneration/osteogenesis | MaterialPlatform -[VALIDATED_AT]-> ValidationStage: Human-derived","TargetCell={Endothelial/vascular cells; Macrophages/innate immune cells; Mesenchymal stem/stromal cells; Osteoblasts/osteocytes/osteoclasts; Senescent cells} | RegenerativeEndpoint={Bone regeneration/osteogenesis} | ValidationStage={Human-derived}","FS0538","EV001333; EV001334; EV001335; EV001336; EV001337; EV001338; EV001341"
"CQ14","p16INK4a-siRNA nanoparticles","MaterialPlatform -[TARGETS]-> TargetCell: Chondrocytes/cartilage progenitors | MaterialPlatform -[VALIDATED_AT]-> ValidationStage: Human-derived","TargetCell={Chondrocytes/cartilage progenitors} | ValidationStage={Human-derived}","FS0552","EV001356; EV001893"
"CQ14","Microcarrier–bioreactor culture system","MaterialPlatform -[TARGETS]-> TargetCell: Mesenchymal stem/stromal cells | MaterialPlatform -[VALIDATED_AT]-> ValidationStage: Human-derived","TargetCell={Mesenchymal stem/stromal cells} | ValidationStage={Human-derived}","FS0595","EV001380; EV001822"
"CQ14","miR-200/young-ECM bioscaffold","MaterialPlatform -[TARGETS]-> TargetCell: Fibroblasts/keratinocytes/skin cells | MaterialPlatform -[VALIDATED_AT]-> ValidationStage: Human-derived","TargetCell={Fibroblasts/keratinocytes/skin cells} | ValidationStage={Human-derived}","FS0761","EV001516; EV001833"
"CQ14","V156K-rapa-rHDL nanoparticles","MaterialPlatform -[TARGETS]-> TargetCell: Endothelial/vascular cells | MaterialPlatform -[VALIDATED_AT]-> ValidationStage: Human-derived","TargetCell={Endothelial/vascular cells} | ValidationStage={Human-derived}","FS0795","EV001541; EV001543"
"CQ14","Cell-deposited extracellular matrix","MaterialPlatform -[TARGETS]-> TargetCell: Mesenchymal stem/stromal cells | MaterialPlatform -[PROMOTES]-> RegenerativeEndpoint: Stemness/proliferation/differentiation restoration | MaterialPlatform -[VALIDATED_AT]-> ValidationStage: Human-derived","TargetCell={Mesenchymal stem/stromal cells} | RegenerativeEndpoint={Stemness/proliferation/differentiation restoration} | ValidationStage={Human-derived}","FS0797","EV001550; EV001551; EV001835"
"CQ14","Human-chondrocyte/polymer-scaffold tissue-engineered construct","MaterialPlatform -[TARGETS]-> TargetCell: Chondrocytes/cartilage progenitors | MaterialPlatform -[VALIDATED_AT]-> ValidationStage: Human-derived","TargetCell={Chondrocytes/cartilage progenitors} | ValidationStage={Human-derived}","FS0809","EV001554; EV001901"
"CQ14","Resveratrol-doped polyurethane–polylactide material","MaterialPlatform -[TARGETS]-> TargetCell: Mesenchymal stem/stromal cells | MaterialPlatform -[VALIDATED_AT]-> ValidationStage: Human-derived","TargetCell={Mesenchymal stem/stromal cells} | ValidationStage={Human-derived}","FS0842","EV001594; EV001902"
"CQ14","Dual-drug-encapsulated liposomal nanoparticles","MaterialPlatform -[TARGETS]-> TargetCell: Mesenchymal stem/stromal cells; Senescent cells | MaterialPlatform -[MODULATES]-> Mechanism: NF-κB/SASP/inflammatory signaling | MaterialPlatform -[VALIDATED_AT]-> ValidationStage: Human-derived","TargetCell={Mesenchymal stem/stromal cells; Senescent cells} | Mechanism={NF-κB/SASP/inflammatory signaling} | ValidationStage={Human-derived}","FS0912","EV001628; EV001629; EV001630; EV001632"
"CQ14","hTERT mRNA lipid nanoparticles","MaterialPlatform -[TARGETS]-> TargetCell: Fibroblasts/keratinocytes/skin cells | MaterialPlatform -[VALIDATED_AT]-> ValidationStage: Human-derived","TargetCell={Fibroblasts/keratinocytes/skin cells} | ValidationStage={Human-derived}","FS0927","EV001649; EV001651"
"CQ14","Molybdenum disulfide nanoparticles","MaterialPlatform -[TARGETS]-> TargetCell: Endothelial/vascular cells | MaterialPlatform -[VALIDATED_AT]-> ValidationStage: Human-derived","TargetCell={Endothelial/vascular cells} | ValidationStage={Human-derived}","FS0932","EV001661; EV001905"
"CQ14","SRT1720-loaded calcium-phosphate/magnesium-phosphate nanocarriers","MaterialPlatform -[TARGETS]-> TargetCell: Endothelial/vascular cells | MaterialPlatform -[MODULATES]-> Mechanism: Angiogenic/HIF–VEGF signaling | MaterialPlatform -[VALIDATED_AT]-> ValidationStage: Human-derived","TargetCell={Endothelial/vascular cells} | Mechanism={Angiogenic/HIF–VEGF signaling} | ValidationStage={Human-derived}","FS1020","EV001678; EV001679; EV001681"
"CQ14","Hairyvein-agrimony-nanovesicle-loaded microneedles","MaterialPlatform -[TARGETS]-> TargetCell: Endothelial/vascular cells; Fibroblasts/keratinocytes/skin cells; Macrophages/innate immune cells | MaterialPlatform -[PROMOTES]-> RegenerativeEndpoint: Bone regeneration/osteogenesis | MaterialPlatform -[VALIDATED_AT]-> ValidationStage: Human-derived","TargetCell={Endothelial/vascular cells; Fibroblasts/keratinocytes/skin cells; Macrophages/innate immune cells} | RegenerativeEndpoint={Bone regeneration/osteogenesis} | ValidationStage={Human-derived}","FS1040","EV001686; EV001688; EV001689; EV001690; EV001693"
"CQ14","EMHS HxMoO3-loaded bone-targeting lipid nanoparticles","MaterialPlatform -[TARGETS]-> TargetCell: Endothelial/vascular cells; Mesenchymal stem/stromal cells | MaterialPlatform -[MODULATES]-> Mechanism: Mitochondrial homeostasis/mitophagy | MaterialPlatform -[PROMOTES]-> RegenerativeEndpoint: Bone regeneration/osteogenesis | MaterialPlatform -[VALIDATED_AT]-> ValidationStage: Human-derived","TargetCell={Endothelial/vascular cells; Mesenchymal stem/stromal cells} | Mechanism={Mitochondrial homeostasis/mitophagy} | RegenerativeEndpoint={Bone regeneration/osteogenesis} | ValidationStage={Human-derived}","FS1052","EV001698; EV001699; EV001700; EV001701; EV001705"
"CQ15","MRRH@UB multilayer ROS-responsive hydrogel","MaterialPlatform -[USES]-> DesignMode: ROS-cleavable multilayer drug-delivery hydrogel | MaterialPlatform -[COMPOSED_OF]-> MaterialComposition: HA/PLL-Glu/TPA middle layer loaded with urolithin B; Inner PLL-Glu/TPA phenylboronate network | MaterialPlatform -[FABRICATED_BY]-> FabricationStrategy: outer PLL/acrylamide/LAP photocuring at 405 nm; TPA and PLL-Glu synthesis | MaterialPlatform -[RESPONDS_TO]-> Stimulus: ROS | MaterialPlatform -[TARGETS]-> TargetCell: Vascular endothelial cells (HUVECs) | MaterialPlatform -[PROMOTES]-> RegenerativeEndpoint: Diabetic wound closure, angiogenesis, collagen deposition and skin regeneration | MaterialPlatform -[VALIDATED_AT]-> ValidationStage: Cell; Small Animal","DesignMode={ROS-cleavable multilayer drug-delivery hydrogel} | MaterialComposition={HA/PLL-Glu/TPA middle layer loaded with urolithin B; Inner PLL-Glu/TPA phenylboronate network} | FabricationStrategy={outer PLL/acrylamide/LAP photocuring at 405 nm; TPA and PLL-Glu synthesis} | Stimulus={ROS} | TargetCell={Vascular endothelial cells (HUVECs)} | RegenerativeEndpoint={Diabetic wound closure, angiogenesis, collagen deposition and skin regeneration} | ValidationStage={Cell; Small Animal}","FS0009","EV000016; EV000017; EV000018; EV000019; EV000020; EV000021; EV000022; EV000023; EV000024; EV001715"
"CQ15","MPN/BMP@HA hydrogel","MaterialPlatform -[COMPOSED_OF]-> MaterialComposition: Mn2+-6-hydroxykaempferol MPN nanoparticles; Schiff-base HA-ADH/HA-ALD hydrogel | MaterialPlatform -[FABRICATED_BY]-> FabricationStrategy: BMP-2 electrostatic adsorption; HA-ADH and HA-ALD synthesis | MaterialPlatform -[RESPONDS_TO]-> Stimulus: Acidic pH | MaterialPlatform -[DELIVERS]-> TherapeuticCargo: BMP-2 | MaterialPlatform -[RELEASES]-> TherapeuticCargo: BMP-2 | MaterialPlatform -[VALIDATED_AT]-> ValidationStage: Cell; Small Animal","MaterialComposition={Mn2+-6-hydroxykaempferol MPN nanoparticles; Schiff-base HA-ADH/HA-ALD hydrogel} | FabricationStrategy={BMP-2 electrostatic adsorption; HA-ADH and HA-ALD synthesis} | Stimulus={Acidic pH} | TherapeuticCargo={BMP-2} | TherapeuticCargo={BMP-2} | ValidationStage={Cell; Small Animal}","FS0020","EV000037; EV000038; EV000039; EV000040; EV000041; EV000042; EV000043; EV000044; EV001719"
"CQ15","MSOH hydrogel","MaterialPlatform -[USES]-> DesignMode: Biomimetic ECM/cell construct; Hydrogel | MaterialPlatform -[COMPOSED_OF]-> MaterialComposition: PLGA microspheres containing miR-24 mimics; stem-cell organoids | MaterialPlatform -[FABRICATED_BY]-> FabricationStrategy: Self-assembly | MaterialPlatform -[DELIVERS]-> TherapeuticCargo: SMSCs | MaterialPlatform -[TARGETS]-> TargetCell: Chondrocytes/cartilage progenitors | MaterialPlatform -[VALIDATED_AT]-> ValidationStage: Cell; Organoid/chip; Small Animal","DesignMode={Biomimetic ECM/cell construct; Hydrogel} | MaterialComposition={PLGA microspheres containing miR-24 mimics; stem-cell organoids} | FabricationStrategy={Self-assembly} | TherapeuticCargo={SMSCs} | TargetCell={Chondrocytes/cartilage progenitors} | ValidationStage={Cell; Organoid/chip; Small Animal}","FS0022","EV000048; EV000049; EV000050; EV000051; EV000052; EV000053; EV000054; EV000055; EV000056; EV000057"
"CQ15","MM@MS@ABT macrophage-membrane-coated magnetic nanospheres","MaterialPlatform -[USES]-> DesignMode: Nanoparticle/nanoplatform | MaterialPlatform -[COMPOSED_OF]-> MaterialComposition: ABT-263; Fe3O4 nanoparticles; macrophage membrane; PLGA | MaterialPlatform -[FABRICATED_BY]-> FabricationStrategy: Surface coating | MaterialPlatform -[TARGETS]-> TargetCell: Macrophages/innate immune cells | MaterialPlatform -[VALIDATED_AT]-> ValidationStage: Cell; Human-derived; Small Animal","DesignMode={Nanoparticle/nanoplatform} | MaterialComposition={ABT-263; Fe3O4 nanoparticles; macrophage membrane; PLGA} | FabricationStrategy={Surface coating} | TargetCell={Macrophages/innate immune cells} | ValidationStage={Cell; Human-derived; Small Animal}","FS0033","EV000064; EV000065; EV000066; EV000067; EV000068; EV000069; EV000070; EV000071; EV000073; EV000074"
"CQ15","CCM@CS-HG hydrogel","MaterialPlatform -[USES]-> DesignMode: Hydrogel | MaterialPlatform -[COMPOSED_OF]-> MaterialComposition: C60(OH)n-based nanoparticles co-encapsulating Car; Carboxymethyl chitosan (CMCS); Oxidized sodium alginate (OSA) | MaterialPlatform -[FABRICATED_BY]-> FabricationStrategy: Schiff-base/hydrazone crosslinking | MaterialPlatform -[RESPONDS_TO]-> Stimulus: Glucose; ROS | MaterialPlatform -[DELIVERS]-> TherapeuticCargo: Car and MTP-131 | MaterialPlatform -[RELEASES]-> TherapeuticCargo: Car and MTP-131 | MaterialPlatform -[TARGETS]-> TargetCell: Fibroblasts/keratinocytes/skin cells | MaterialPlatform -[MODULATES]-> Mechanism: ROS/oxidative-stress control | MaterialPlatform -[PROMOTES]-> RegenerativeEndpoint: Wound healing/skin regeneration | MaterialPlatform -[VALIDATED_AT]-> ValidationStage: Cell; Small Animal","DesignMode={Hydrogel} | MaterialComposition={C60(OH)n-based nanoparticles co-encapsulating Car; Carboxymethyl chitosan (CMCS); Oxidized sodium alginate (OSA)} | FabricationStrategy={Schiff-base/hydrazone crosslinking} | Stimulus={Glucose; ROS} | TherapeuticCargo={Car and MTP-131} | TherapeuticCargo={Car and MTP-131} | TargetCell={Fibroblasts/keratinocytes/skin cells} | Mechanism={ROS/oxidative-stress control} | RegenerativeEndpoint={Wound healing/skin regeneration} | ValidationStage={Cell; Small Animal}","FS0036","EV000078; EV000079; EV000080; EV000081; EV000082; EV000083; EV000084; EV000085; EV000086; EV000087; EV000088; EV000089; EV000090; EV001722"
"CQ15","PAA–EDA-grafted porous PEEK scaffold","MaterialPlatform -[USES]-> DesignMode: Scaffold | MaterialPlatform -[COMPOSED_OF]-> MaterialComposition: poly(acrylic acid) (PAA) | MaterialPlatform -[FABRICATED_BY]-> FabricationStrategy: FDM 3D printing | MaterialPlatform -[TARGETS]-> TargetCell: Mesenchymal stem/stromal cells | MaterialPlatform -[MODULATES]-> Mechanism: βPIX–ITGB1–RAC1–NOX1 signaling | MaterialPlatform -[PROMOTES]-> RegenerativeEndpoint: Bone regeneration/osteogenesis | MaterialPlatform -[VALIDATED_AT]-> ValidationStage: Cell; Small Animal","DesignMode={Scaffold} | MaterialComposition={poly(acrylic acid) (PAA)} | FabricationStrategy={FDM 3D printing} | TargetCell={Mesenchymal stem/stromal cells} | Mechanism={βPIX–ITGB1–RAC1–NOX1 signaling} | RegenerativeEndpoint={Bone regeneration/osteogenesis} | ValidationStage={Cell; Small Animal}","FS0043","EV000106; EV000107; EV000108; EV000109; EV000110; EV000111; EV000112; EV001727"
"CQ15","Lubricated hydrogel with STING-inhibiting EXOs","MaterialPlatform -[USES]-> DesignMode: Hydrogel | MaterialPlatform -[COMPOSED_OF]-> MaterialComposition: CAP-EXO-si-STING; HA-SH; HABP-PEG-COLBP peptide; HBPD | MaterialPlatform -[FABRICATED_BY]-> FabricationStrategy: Click-chemistry crosslinking; RAFT polymerization | MaterialPlatform -[DELIVERS]-> TherapeuticCargo: EXO-si-STING | MaterialPlatform -[RELEASES]-> TherapeuticCargo: EXO-si-STING | MaterialPlatform -[TARGETS]-> TargetCell: Chondrocytes/cartilage progenitors; Mesenchymal stem/stromal cells | MaterialPlatform -[PROMOTES]-> RegenerativeEndpoint: Cartilage regeneration/chondroprotection | MaterialPlatform -[VALIDATED_AT]-> ValidationStage: Cell; Small Animal","DesignMode={Hydrogel} | MaterialComposition={CAP-EXO-si-STING; HA-SH; HABP-PEG-COLBP peptide; HBPD} | FabricationStrategy={Click-chemistry crosslinking; RAFT polymerization} | TherapeuticCargo={EXO-si-STING} | TherapeuticCargo={EXO-si-STING} | TargetCell={Chondrocytes/cartilage progenitors; Mesenchymal stem/stromal cells} | RegenerativeEndpoint={Cartilage regeneration/chondroprotection} | ValidationStage={Cell; Small Animal}","FS0044","EV000113; EV000114; EV000115; EV000116; EV000117; EV000118; EV000119; EV000120; EV000121; EV000122; EV000123; EV000124; EV000125; EV000126"
"CQ15","Polyphenol-armored miR-140-5p nanogene-loaded bioadhesive hydrogel","MaterialPlatform -[USES]-> DesignMode: Hydrogel | MaterialPlatform -[COMPOSED_OF]-> MaterialComposition: polyphenol-armored nanoparticle carrier | MaterialPlatform -[FABRICATED_BY]-> FabricationStrategy: Self-assembly; Surface coating | MaterialPlatform -[RESPONDS_TO]-> Stimulus: Mechanical force | MaterialPlatform -[DELIVERS]-> TherapeuticCargo: miR-140-5p | MaterialPlatform -[TARGETS]-> TargetCell: Chondrocytes/cartilage progenitors | MaterialPlatform -[VALIDATED_AT]-> ValidationStage: Cell; Ex vivo; Small Animal","DesignMode={Hydrogel} | MaterialComposition={polyphenol-armored nanoparticle carrier} | FabricationStrategy={Self-assembly; Surface coating} | Stimulus={Mechanical force} | TherapeuticCargo={miR-140-5p} | TargetCell={Chondrocytes/cartilage progenitors} | ValidationStage={Cell; Ex vivo; Small Animal}","FS0056","EV000139; EV000140; EV000141; EV000142; EV000143; EV000144; EV000145; EV000146; EV001730; EV001731"
"CQ15","MCTM metformin-loaded CMCS/tannic-acid/manganese hydrogel","MaterialPlatform -[USES]-> DesignMode: Hydrogel | MaterialPlatform -[COMPOSED_OF]-> MaterialComposition: Carboxymethyl chitosan; manganese; metformin; tannic acid | MaterialPlatform -[DELIVERS]-> TherapeuticCargo: metformin | MaterialPlatform -[RELEASES]-> TherapeuticCargo: metformin | MaterialPlatform -[MODULATES]-> Mechanism: ROS/oxidative-stress control | MaterialPlatform -[VALIDATED_AT]-> ValidationStage: Cell; Small Animal","DesignMode={Hydrogel} | MaterialComposition={Carboxymethyl chitosan; manganese; metformin; tannic acid} | TherapeuticCargo={metformin} | TherapeuticCargo={metformin} | Mechanism={ROS/oxidative-stress control} | ValidationStage={Cell; Small Animal}","FS0080","EV000184; EV000185; EV000186; EV000187; EV000188; EV000189; EV000190; EV000191; EV000192; EV001737"
"CQ15","3D-printed PCL/nHA/SA/COL loaded with M2 macrophage-derived exosomes","MaterialPlatform -[USES]-> DesignMode: Hydrogel; Scaffold | MaterialPlatform -[FABRICATED_BY]-> FabricationStrategy: 3D printing/bioprinting | MaterialPlatform -[DELIVERS]-> TherapeuticCargo: Exosomes | MaterialPlatform -[RELEASES]-> TherapeuticCargo: Exosomes | MaterialPlatform -[TARGETS]-> TargetCell: Macrophages/innate immune cells; Mesenchymal stem/stromal cells | MaterialPlatform -[MODULATES]-> Mechanism: Paracrine/EV-mediated signaling | MaterialPlatform -[PROMOTES]-> RegenerativeEndpoint: Bone regeneration/osteogenesis | MaterialPlatform -[VALIDATED_AT]-> ValidationStage: Cell; Small Animal","DesignMode={Hydrogel; Scaffold} | FabricationStrategy={3D printing/bioprinting} | TherapeuticCargo={Exosomes} | TherapeuticCargo={Exosomes} | TargetCell={Macrophages/innate immune cells; Mesenchymal stem/stromal cells} | Mechanism={Paracrine/EV-mediated signaling} | RegenerativeEndpoint={Bone regeneration/osteogenesis} | ValidationStage={Cell; Small Animal}","FS0082","EV000198; EV000199; EV000200; EV000201; EV000202; EV000203; EV000204; EV000205; EV000206; EV000207; EV000208"
"CQ15","TSH-Q quercetin-loaded temperature-sensitive hydrogel","MaterialPlatform -[USES]-> DesignMode: Hydrogel | MaterialPlatform -[COMPOSED_OF]-> MaterialComposition: Quercetin; temperature-sensitive hydrogel | MaterialPlatform -[FABRICATED_BY]-> FabricationStrategy: Quercetin loading into a temperature-sensitive hydrogel at 4 °C | MaterialPlatform -[DELIVERS]-> TherapeuticCargo: quercetin | MaterialPlatform -[RELEASES]-> TherapeuticCargo: quercetin | MaterialPlatform -[TARGETS]-> TargetCell: Endothelial/vascular cells; Mesenchymal stem/stromal cells; Osteoblasts/osteocytes/osteoclasts | MaterialPlatform -[MODULATES]-> Mechanism: p16/p21/p53–Rb cell-cycle arrest | MaterialPlatform -[VALIDATED_AT]-> ValidationStage: Cell; Small Animal","DesignMode={Hydrogel} | MaterialComposition={Quercetin; temperature-sensitive hydrogel} | FabricationStrategy={Quercetin loading into a temperature-sensitive hydrogel at 4 °C} | TherapeuticCargo={quercetin} | TherapeuticCargo={quercetin} | TargetCell={Endothelial/vascular cells; Mesenchymal stem/stromal cells; Osteoblasts/osteocytes/osteoclasts} | Mechanism={p16/p21/p53–Rb cell-cycle arrest} | ValidationStage={Cell; Small Animal}","FS0090","EV000213; EV000214; EV000215; EV000216; EV000217; EV000218; EV000219; EV000220; EV000221; EV000222; EV000223; EV000224"
"CQ15","GP@MgO asymmetric short-fiber aerogel","MaterialPlatform -[USES]-> DesignMode: Scaffold | MaterialPlatform -[FABRICATED_BY]-> FabricationStrategy: Electrospinning; Freeze-drying/lyophilization | MaterialPlatform -[MODULATES]-> Mechanism: NF-κB/SASP/inflammatory signaling | MaterialPlatform -[PROMOTES]-> RegenerativeEndpoint: Wound healing/skin regeneration | MaterialPlatform -[VALIDATED_AT]-> ValidationStage: Cell; Human-derived; Small Animal","DesignMode={Scaffold} | FabricationStrategy={Electrospinning; Freeze-drying/lyophilization} | Mechanism={NF-κB/SASP/inflammatory signaling} | RegenerativeEndpoint={Wound healing/skin regeneration} | ValidationStage={Cell; Human-derived; Small Animal}","FS0093","EV000225; EV000226; EV000227; EV000228; EV000229; EV000230; EV000232; EV000233"
"CQ15","Locally activated TGF-β3/MgSi immunoregulatory nanofiber patch","MaterialPlatform -[USES]-> DesignMode: Fiber/membrane | MaterialPlatform -[COMPOSED_OF]-> MaterialComposition: nanofiber patch; tannic acid; TGF-β3 | MaterialPlatform -[FABRICATED_BY]-> FabricationStrategy: Hydrothermal synthesis | MaterialPlatform -[RESPONDS_TO]-> Stimulus: Acidic pH | MaterialPlatform -[RELEASES]-> TherapeuticCargo: TGF-β3 | MaterialPlatform -[TARGETS]-> TargetCell: Macrophages/innate immune cells; Nucleus pulposus/annulus fibrosus cells | MaterialPlatform -[VALIDATED_AT]-> ValidationStage: Cell; Small Animal","DesignMode={Fiber/membrane} | MaterialComposition={nanofiber patch; tannic acid; TGF-β3} | FabricationStrategy={Hydrothermal synthesis} | Stimulus={Acidic pH} | TherapeuticCargo={TGF-β3} | TargetCell={Macrophages/innate immune cells; Nucleus pulposus/annulus fibrosus cells} | ValidationStage={Cell; Small Animal}","FS0105","EV000247; EV000248; EV000249; EV000250; EV000251; EV000252; EV000253; EV000254; EV000255; EV000256; EV001740"
"CQ15","Hydrogen-generating injectable short-fiber hydrogel","MaterialPlatform -[USES]-> DesignMode: Fiber/membrane; Hydrogel | MaterialPlatform -[FABRICATED_BY]-> FabricationStrategy: Electrospinning; Photocrosslinking | MaterialPlatform -[TARGETS]-> TargetCell: Chondrocytes/cartilage progenitors | MaterialPlatform -[PROMOTES]-> RegenerativeEndpoint: Cartilage regeneration/chondroprotection | MaterialPlatform -[VALIDATED_AT]-> ValidationStage: Cell; Small Animal","DesignMode={Fiber/membrane; Hydrogel} | FabricationStrategy={Electrospinning; Photocrosslinking} | TargetCell={Chondrocytes/cartilage progenitors} | RegenerativeEndpoint={Cartilage regeneration/chondroprotection} | ValidationStage={Cell; Small Animal}","FS0109","EV000261; EV000262; EV000263; EV000264; EV000265; EV000266; EV000267; EV000268"
"CQ15","NH@K nanozyme-reinforced hydrogel","MaterialPlatform -[USES]-> DesignMode: Hydrogel | MaterialPlatform -[COMPOSED_OF]-> MaterialComposition: Aminated hollow mesoporous Prussian Blue nanozyme; hydrogel matrix | MaterialPlatform -[TARGETS]-> TargetCell: Chondrocytes/cartilage progenitors; Macrophages/innate immune cells | MaterialPlatform -[MODULATES]-> Mechanism: ROS/oxidative-stress control | MaterialPlatform -[VALIDATED_AT]-> ValidationStage: Cell; Small Animal","DesignMode={Hydrogel} | MaterialComposition={Aminated hollow mesoporous Prussian Blue nanozyme; hydrogel matrix} | TargetCell={Chondrocytes/cartilage progenitors; Macrophages/innate immune cells} | Mechanism={ROS/oxidative-stress control} | ValidationStage={Cell; Small Animal}","FS0114","EV000286; EV000287; EV000288; EV000289; EV000290; EV000291; EV000292; EV000293"
"CQ15","Senomorphic Small Extracellular Vesicles Delivered by a Tissue-Adhesive α-Lipoic-Acid Hydrogel","MaterialPlatform -[USES]-> DesignMode: Hydrogel | MaterialPlatform -[COMPOSED_OF]-> MaterialComposition: quercetin-primed senomorphic small extracellular vesicles (SmsEV); α-lipoic acid hydrogel (αLA-Gel) | MaterialPlatform -[DELIVERS]-> TherapeuticCargo: quercetin-primed senomorphic small extracellular vesicles | MaterialPlatform -[TARGETS]-> TargetCell: Mesenchymal stem/stromal cells | MaterialPlatform -[PROMOTES]-> RegenerativeEndpoint: Bone regeneration/osteogenesis | MaterialPlatform -[VALIDATED_AT]-> ValidationStage: Cell; Small Animal","DesignMode={Hydrogel} | MaterialComposition={quercetin-primed senomorphic small extracellular vesicles (SmsEV); α-lipoic acid hydrogel (αLA-Gel)} | TherapeuticCargo={quercetin-primed senomorphic small extracellular vesicles} | TargetCell={Mesenchymal stem/stromal cells} | RegenerativeEndpoint={Bone regeneration/osteogenesis} | ValidationStage={Cell; Small Animal}","FS0117","EV000294; EV000295; EV000296; EV000297; EV000298; EV000299; EV000300; EV000302"
"CQ15","GM-Gel glycyrrhizic-acid-microsphere-loaded GEP/chitosan hydrogel","MaterialPlatform -[USES]-> DesignMode: Hydrogel | MaterialPlatform -[COMPOSED_OF]-> MaterialComposition: Gastrodia elata polysaccharide | MaterialPlatform -[FABRICATED_BY]-> FabricationStrategy: Emulsion fabrication | MaterialPlatform -[TARGETS]-> TargetCell: Macrophages/innate immune cells | MaterialPlatform -[MODULATES]-> Mechanism: Immune modulation/macrophage polarization | MaterialPlatform -[PROMOTES]-> RegenerativeEndpoint: Wound healing/skin regeneration | MaterialPlatform -[VALIDATED_AT]-> ValidationStage: Cell; Small Animal","DesignMode={Hydrogel} | MaterialComposition={Gastrodia elata polysaccharide} | FabricationStrategy={Emulsion fabrication} | TargetCell={Macrophages/innate immune cells} | Mechanism={Immune modulation/macrophage polarization} | RegenerativeEndpoint={Wound healing/skin regeneration} | ValidationStage={Cell; Small Animal}","FS0122","EV000303; EV000304; EV000305; EV000306; EV000307; EV000308; EV000309; EV000310"
"CQ15","OGPQ/G-NZ quercetin–greigite nanozyme hydrogel","MaterialPlatform -[USES]-> DesignMode: Hydrogel | MaterialPlatform -[COMPOSED_OF]-> MaterialComposition: gelatin; greigite nanozyme; Oxidized hyaluronic acid; PEGDA | MaterialPlatform -[FABRICATED_BY]-> FabricationStrategy: Photocrosslinking | MaterialPlatform -[RESPONDS_TO]-> Stimulus: Acidic pH; ROS | MaterialPlatform -[DELIVERS]-> TherapeuticCargo: quercetin and Quercetin greigite nanozymes (G-NZ) | MaterialPlatform -[RELEASES]-> TherapeuticCargo: quercetin and Quercetin greigite nanozymes (G-NZ) | MaterialPlatform -[TARGETS]-> TargetCell: Nucleus pulposus/annulus fibrosus cells | MaterialPlatform -[MODULATES]-> Mechanism: ROS/oxidative-stress control | MaterialPlatform -[VALIDATED_AT]-> ValidationStage: Cell; Small Animal","DesignMode={Hydrogel} | MaterialComposition={gelatin; greigite nanozyme; Oxidized hyaluronic acid; PEGDA} | FabricationStrategy={Photocrosslinking} | Stimulus={Acidic pH; ROS} | TherapeuticCargo={quercetin and Quercetin greigite nanozymes (G-NZ)} | TherapeuticCargo={quercetin and Quercetin greigite nanozymes (G-NZ)} | TargetCell={Nucleus pulposus/annulus fibrosus cells} | Mechanism={ROS/oxidative-stress control} | ValidationStage={Cell; Small Animal}","FS0133","EV000330; EV000331; EV000332; EV000333; EV000334; EV000335; EV000336; EV000337; EV000338; EV000339; EV000340; EV000342; EV001744; EV001745"
"CQ15","Electrospun scaffold–bioreactor system","MaterialPlatform -[USES]-> DesignMode: Fiber/membrane; Scaffold | MaterialPlatform -[DELIVERS]-> TherapeuticCargo: EVs | MaterialPlatform -[RELEASES]-> TherapeuticCargo: EVs | MaterialPlatform -[TARGETS]-> TargetCell: Macrophages/innate immune cells; Senescent cells | MaterialPlatform -[PROMOTES]-> RegenerativeEndpoint: Bone regeneration/osteogenesis | MaterialPlatform -[VALIDATED_AT]-> ValidationStage: Cell; Human-derived; Small Animal","DesignMode={Fiber/membrane; Scaffold} | TherapeuticCargo={EVs} | TherapeuticCargo={EVs} | TargetCell={Macrophages/innate immune cells; Senescent cells} | RegenerativeEndpoint={Bone regeneration/osteogenesis} | ValidationStage={Cell; Human-derived; Small Animal}","FS0134","EV000343; EV000344; EV000345; EV000346; EV000347; EV000348; EV000349; EV000350; EV000351; EV000352"
"CQ15","HPQ@K superlubricative drug-delivery nanoparticles","MaterialPlatform -[USES]-> DesignMode: Nanoparticle/nanoplatform | MaterialPlatform -[FABRICATED_BY]-> FabricationStrategy: Self-assembly | MaterialPlatform -[RESPONDS_TO]-> Stimulus: Acidic pH; ROS | MaterialPlatform -[TARGETS]-> TargetCell: Chondrocytes/cartilage progenitors | MaterialPlatform -[MODULATES]-> Mechanism: ROS/oxidative-stress control | MaterialPlatform -[PROMOTES]-> RegenerativeEndpoint: Cartilage regeneration/chondroprotection | MaterialPlatform -[VALIDATED_AT]-> ValidationStage: Cell; Human-derived; Small Animal","DesignMode={Nanoparticle/nanoplatform} | FabricationStrategy={Self-assembly} | Stimulus={Acidic pH; ROS} | TargetCell={Chondrocytes/cartilage progenitors} | Mechanism={ROS/oxidative-stress control} | RegenerativeEndpoint={Cartilage regeneration/chondroprotection} | ValidationStage={Cell; Human-derived; Small Animal}","FS0142","EV000364; EV000365; EV000366; EV000367; EV000368; EV000369; EV000370; EV000371; EV001747; EV001748"
"CQ15","TT@P-Gel hydrogel","MaterialPlatform -[USES]-> DesignMode: Hydrogel | MaterialPlatform -[RESPONDS_TO]-> Stimulus: Ultrasound | MaterialPlatform -[DELIVERS]-> TherapeuticCargo: tannic acid | MaterialPlatform -[RELEASES]-> TherapeuticCargo: tannic acid | MaterialPlatform -[TARGETS]-> TargetCell: Nucleus pulposus/annulus fibrosus cells | MaterialPlatform -[MODULATES]-> Mechanism: Mitochondrial homeostasis/mitophagy | MaterialPlatform -[VALIDATED_AT]-> ValidationStage: Cell; Small Animal","DesignMode={Hydrogel} | Stimulus={Ultrasound} | TherapeuticCargo={tannic acid} | TherapeuticCargo={tannic acid} | TargetCell={Nucleus pulposus/annulus fibrosus cells} | Mechanism={Mitochondrial homeostasis/mitophagy} | ValidationStage={Cell; Small Animal}","FS0147","EV000372; EV000373; EV000374; EV000375; EV000376; EV000377; EV000378; EV000379"
"CQ15","Se/PRP-OGel hydrogel","MaterialPlatform -[USES]-> DesignMode: Hydrogel | MaterialPlatform -[COMPOSED_OF]-> MaterialComposition: gelatin; platelet-rich plasma; selenium nanoparticles | MaterialPlatform -[FABRICATED_BY]-> FabricationStrategy: Schiff-base/hydrazone crosslinking | MaterialPlatform -[RESPONDS_TO]-> Stimulus: Acidic pH | MaterialPlatform -[TARGETS]-> TargetCell: Chondrocytes/cartilage progenitors | MaterialPlatform -[MODULATES]-> Mechanism: ROS/oxidative-stress control | MaterialPlatform -[VALIDATED_AT]-> ValidationStage: Cell; Small Animal","DesignMode={Hydrogel} | MaterialComposition={gelatin; platelet-rich plasma; selenium nanoparticles} | FabricationStrategy={Schiff-base/hydrazone crosslinking} | Stimulus={Acidic pH} | TargetCell={Chondrocytes/cartilage progenitors} | Mechanism={ROS/oxidative-stress control} | ValidationStage={Cell; Small Animal}","FS0148","EV000380; EV000381; EV000382; EV000383; EV000384; EV000385; EV000386; EV000387; EV001749; EV001855"
"CQ15","BAI1-PSTB nanocomposite hydrogel","MaterialPlatform -[USES]-> DesignMode: Hydrogel | MaterialPlatform -[COMPOSED_OF]-> MaterialComposition: alginate; BAI1-loaded mesoporous silica nanoparticles; borax; polyvinyl alcohol; tannic acid | MaterialPlatform -[FABRICATED_BY]-> FabricationStrategy: Mesoporous-silica loading followed by composite-hydrogel gelation | MaterialPlatform -[DELIVERS]-> TherapeuticCargo: BAI1 | MaterialPlatform -[TARGETS]-> TargetCell: Endothelial/vascular cells | MaterialPlatform -[VALIDATED_AT]-> ValidationStage: Cell; Human-derived; Small Animal","DesignMode={Hydrogel} | MaterialComposition={alginate; BAI1-loaded mesoporous silica nanoparticles; borax; polyvinyl alcohol; tannic acid} | FabricationStrategy={Mesoporous-silica loading followed by composite-hydrogel gelation} | TherapeuticCargo={BAI1} | TargetCell={Endothelial/vascular cells} | ValidationStage={Cell; Human-derived; Small Animal}","FS0150","EV000388; EV000389; EV000390; EV000391; EV000392; EV000393; EV000394; EV000395; EV000396; EV000397; EV000398; EV001750"
"CQ15","IL37OI@MS responsive hydrogel microspheres","MaterialPlatform -[USES]-> DesignMode: Hydrogel | MaterialPlatform -[RESPONDS_TO]-> Stimulus: Acidic pH | MaterialPlatform -[TARGETS]-> TargetCell: Macrophages/innate immune cells; Nucleus pulposus/annulus fibrosus cells; Senescent cells | MaterialPlatform -[MODULATES]-> Mechanism: NF-κB/SASP/inflammatory signaling | MaterialPlatform -[VALIDATED_AT]-> ValidationStage: Cell; Small Animal","DesignMode={Hydrogel} | Stimulus={Acidic pH} | TargetCell={Macrophages/innate immune cells; Nucleus pulposus/annulus fibrosus cells; Senescent cells} | Mechanism={NF-κB/SASP/inflammatory signaling} | ValidationStage={Cell; Small Animal}","FS0166","EV000421; EV000422; EV000423; EV000424; EV000425; EV001753; EV001754; EV001856"
"CQ15","SM@ME exosome-loaded methacrylated-silk-fibroin hydrogel","MaterialPlatform -[USES]-> DesignMode: Hydrogel | MaterialPlatform -[COMPOSED_OF]-> MaterialComposition: Methacrylated silk fibroin | MaterialPlatform -[DELIVERS]-> TherapeuticCargo: Exosomes | MaterialPlatform -[TARGETS]-> TargetCell: Nucleus pulposus/annulus fibrosus cells | MaterialPlatform -[MODULATES]-> Mechanism: Mitochondrial homeostasis/mitophagy | MaterialPlatform -[VALIDATED_AT]-> ValidationStage: Cell; Human-derived; Small Animal","DesignMode={Hydrogel} | MaterialComposition={Methacrylated silk fibroin} | TherapeuticCargo={Exosomes} | TargetCell={Nucleus pulposus/annulus fibrosus cells} | Mechanism={Mitochondrial homeostasis/mitophagy} | ValidationStage={Cell; Human-derived; Small Animal}","FS0168","EV000429; EV000430; EV000431; EV000432; EV000433; EV000434; EV000435; EV001857"
"CQ15","Hydrogel-coated micro/nanostructured titanium implant","MaterialPlatform -[COMPOSED_OF]-> MaterialComposition: hydrogel coating; Titanium implant | MaterialPlatform -[FABRICATED_BY]-> FabricationStrategy: Surface coating | MaterialPlatform -[RESPONDS_TO]-> Stimulus: ROS | MaterialPlatform -[TARGETS]-> TargetCell: Mesenchymal stem/stromal cells | MaterialPlatform -[MODULATES]-> Mechanism: NF-κB/SASP/inflammatory signaling | MaterialPlatform -[VALIDATED_AT]-> ValidationStage: Cell; Small Animal","MaterialComposition={hydrogel coating; Titanium implant} | FabricationStrategy={Surface coating} | Stimulus={ROS} | TargetCell={Mesenchymal stem/stromal cells} | Mechanism={NF-κB/SASP/inflammatory signaling} | ValidationStage={Cell; Small Animal}","FS0173","EV000436; EV000437; EV000438; EV000439; EV000440; EV000441; EV000442; EV000443"
"CQ15","D-EV-loaded thermosensitive injectable hydrogel","MaterialPlatform -[USES]-> DesignMode: Hydrogel | MaterialPlatform -[FABRICATED_BY]-> FabricationStrategy: Thermosensitive-polymer synthesis, hydrogel gelation and extracellular-vesicle loading | MaterialPlatform -[RESPONDS_TO]-> Stimulus: ROS | MaterialPlatform -[TARGETS]-> TargetCell: Mesenchymal stem/stromal cells; Nucleus pulposus/annulus fibrosus cells | MaterialPlatform -[MODULATES]-> Mechanism: Ferroptosis/lipid peroxidation | MaterialPlatform -[VALIDATED_AT]-> ValidationStage: Cell; Small Animal","DesignMode={Hydrogel} | FabricationStrategy={Thermosensitive-polymer synthesis, hydrogel gelation and extracellular-vesicle loading} | Stimulus={ROS} | TargetCell={Mesenchymal stem/stromal cells; Nucleus pulposus/annulus fibrosus cells} | Mechanism={Ferroptosis/lipid peroxidation} | ValidationStage={Cell; Small Animal}","FS0178","EV000444; EV000445; EV000446; EV000447; EV000448; EV000449; EV000450; EV000452"
"CQ15","ICAM1-directed MnO2@ZIF8/Tanshinone-IIA nanoplatform","MaterialPlatform -[USES]-> DesignMode: Nanoparticle/nanoplatform | MaterialPlatform -[COMPOSED_OF]-> MaterialComposition: Tanshinone IIA | MaterialPlatform -[RESPONDS_TO]-> Stimulus: Acidic pH; ROS | MaterialPlatform -[TARGETS]-> TargetCell: Senescent cells | MaterialPlatform -[VALIDATED_AT]-> ValidationStage: Cell; Organoid/chip; Small Animal","DesignMode={Nanoparticle/nanoplatform} | MaterialComposition={Tanshinone IIA} | Stimulus={Acidic pH; ROS} | TargetCell={Senescent cells} | ValidationStage={Cell; Organoid/chip; Small Animal}","FS0183","EV000453; EV000454; EV000455; EV000456; EV000457; EV000458; EV001755; EV001756"
"CQ15","GEA/NGel senolysis-targeting bioenergetic nanoplatform","MaterialPlatform -[USES]-> DesignMode: Nanoparticle/nanoplatform | MaterialPlatform -[FABRICATED_BY]-> FabricationStrategy: Surface coating | MaterialPlatform -[DELIVERS]-> TherapeuticCargo: AICAR | MaterialPlatform -[RELEASES]-> TherapeuticCargo: AICAR | MaterialPlatform -[TARGETS]-> TargetCell: Senescent cells | MaterialPlatform -[PROMOTES]-> RegenerativeEndpoint: Wound healing/skin regeneration | MaterialPlatform -[VALIDATED_AT]-> ValidationStage: Cell; Small Animal","DesignMode={Nanoparticle/nanoplatform} | FabricationStrategy={Surface coating} | TherapeuticCargo={AICAR} | TherapeuticCargo={AICAR} | TargetCell={Senescent cells} | RegenerativeEndpoint={Wound healing/skin regeneration} | ValidationStage={Cell; Small Animal}","FS0184","EV000459; EV000460; EV000461; EV000462; EV000463; EV000464; EV000465; EV000466"
"CQ15","(ZIF-8@CeO2)@GOx-loaded sprayable GelMA hydrogel","MaterialPlatform -[USES]-> DesignMode: Hydrogel | MaterialPlatform -[COMPOSED_OF]-> MaterialComposition: GelMA hydrogel; glucose oxidase | MaterialPlatform -[FABRICATED_BY]-> FabricationStrategy: ZIF-8/CeO2/GOx cascade-nanozyme assembly and GelMA encapsulation | MaterialPlatform -[DELIVERS]-> TherapeuticCargo: Nanozyme | MaterialPlatform -[RELEASES]-> TherapeuticCargo: Nanozyme | MaterialPlatform -[PROMOTES]-> RegenerativeEndpoint: Wound healing/skin regeneration | MaterialPlatform -[VALIDATED_AT]-> ValidationStage: Cell; Small Animal","DesignMode={Hydrogel} | MaterialComposition={GelMA hydrogel; glucose oxidase} | FabricationStrategy={ZIF-8/CeO2/GOx cascade-nanozyme assembly and GelMA encapsulation} | TherapeuticCargo={Nanozyme} | TherapeuticCargo={Nanozyme} | RegenerativeEndpoint={Wound healing/skin regeneration} | ValidationStage={Cell; Small Animal}","FS0186","EV000467; EV000468; EV000469; EV000470; EV000471; EV000472; EV000473; EV000474; EV000475"
"CQ15","Mn3O4-nanoparticle photothermal hydrogel","MaterialPlatform -[USES]-> DesignMode: Biomimetic ECM/cell construct; Hydrogel | MaterialPlatform -[COMPOSED_OF]-> MaterialComposition: Mn3O4 nanoparticles; photothermal hydrogel matrix | MaterialPlatform -[TARGETS]-> TargetCell: Nucleus pulposus/annulus fibrosus cells | MaterialPlatform -[MODULATES]-> Mechanism: ROS/oxidative-stress control | MaterialPlatform -[VALIDATED_AT]-> ValidationStage: Cell; Small Animal","DesignMode={Biomimetic ECM/cell construct; Hydrogel} | MaterialComposition={Mn3O4 nanoparticles; photothermal hydrogel matrix} | TargetCell={Nucleus pulposus/annulus fibrosus cells} | Mechanism={ROS/oxidative-stress control} | ValidationStage={Cell; Small Animal}","FS0187","EV000476; EV000477; EV000478; EV000479; EV000480; EV000481; EV000482; EV001757"
"CQ15","GG-5SS strontium-silicate hydrogel scaffold","MaterialPlatform -[USES]-> DesignMode: Hydrogel; Scaffold | MaterialPlatform -[COMPOSED_OF]-> MaterialComposition: hydrogel scaffold matrix; Strontium silicate | MaterialPlatform -[FABRICATED_BY]-> FabricationStrategy: Strontium-silicate incorporation and 3D printing | MaterialPlatform -[MODULATES]-> Mechanism: NF-κB/SASP/inflammatory signaling | MaterialPlatform -[PROMOTES]-> RegenerativeEndpoint: Neural regeneration/function | MaterialPlatform -[VALIDATED_AT]-> ValidationStage: Cell; Large Animal; Small Animal","DesignMode={Hydrogel; Scaffold} | MaterialComposition={hydrogel scaffold matrix; Strontium silicate} | FabricationStrategy={Strontium-silicate incorporation and 3D printing} | Mechanism={NF-κB/SASP/inflammatory signaling} | RegenerativeEndpoint={Neural regeneration/function} | ValidationStage={Cell; Large Animal; Small Animal}","FS0188","EV000483; EV000484; EV000485; EV000486; EV000487; EV000488; EV000489; EV001758; EV001858; EV001859"
"CQ15","Res@Lipo@HMs hydrogel","MaterialPlatform -[USES]-> DesignMode: Hydrogel | MaterialPlatform -[FABRICATED_BY]-> FabricationStrategy: Microfluidic fabrication; Thin-film hydration | MaterialPlatform -[DELIVERS]-> TherapeuticCargo: resveratrol | MaterialPlatform -[RELEASES]-> TherapeuticCargo: resveratrol | MaterialPlatform -[TARGETS]-> TargetCell: Chondrocytes/cartilage progenitors | MaterialPlatform -[VALIDATED_AT]-> ValidationStage: Cell; Small Animal","DesignMode={Hydrogel} | FabricationStrategy={Microfluidic fabrication; Thin-film hydration} | TherapeuticCargo={resveratrol} | TherapeuticCargo={resveratrol} | TargetCell={Chondrocytes/cartilage progenitors} | ValidationStage={Cell; Small Animal}","FS0203","EV000499; EV000500; EV000501; EV000502; EV000503; EV000504; EV000505; EV000506"
"CQ15","P16-siRNA-incorporated organoid hydrogel/3D-bioprinted scaffold","MaterialPlatform -[USES]-> DesignMode: Scaffold | MaterialPlatform -[FABRICATED_BY]-> FabricationStrategy: 3D printing/bioprinting; Self-assembly | MaterialPlatform -[DELIVERS]-> TherapeuticCargo: P16-siRNA | MaterialPlatform -[RELEASES]-> TherapeuticCargo: P16-siRNA | MaterialPlatform -[VALIDATED_AT]-> ValidationStage: Cell; Organoid/chip; Small Animal","DesignMode={Scaffold} | FabricationStrategy={3D printing/bioprinting; Self-assembly} | TherapeuticCargo={P16-siRNA} | TherapeuticCargo={P16-siRNA} | ValidationStage={Cell; Organoid/chip; Small Animal}","FS0205","EV000507; EV000508; EV000509; EV000510; EV000511; EV000512; EV000513; EV000514"
"CQ15","ABT-263-loaded asymmetric composite wound dressing","MaterialPlatform -[USES]-> DesignMode: Patch/dressing | MaterialPlatform -[TARGETS]-> TargetCell: Endothelial/vascular cells; Fibroblasts/keratinocytes/skin cells; Senescent cells | MaterialPlatform -[MODULATES]-> Mechanism: Senolytic cell clearance | MaterialPlatform -[PROMOTES]-> RegenerativeEndpoint: Wound healing/skin regeneration | MaterialPlatform -[VALIDATED_AT]-> ValidationStage: Cell; Small Animal","DesignMode={Patch/dressing} | TargetCell={Endothelial/vascular cells; Fibroblasts/keratinocytes/skin cells; Senescent cells} | Mechanism={Senolytic cell clearance} | RegenerativeEndpoint={Wound healing/skin regeneration} | ValidationStage={Cell; Small Animal}","FS0207","EV000515; EV000516; EV000517; EV000518; EV000519; EV000520; EV000521; EV001759"
"CQ15","FGF-4/IGF-1-loaded cationic thermosensitive polymer scaffold","MaterialPlatform -[USES]-> DesignMode: Scaffold | MaterialPlatform -[COMPOSED_OF]-> MaterialComposition: FGF-4; IGF-1 | MaterialPlatform -[FABRICATED_BY]-> FabricationStrategy: Surface coating | MaterialPlatform -[DELIVERS]-> TherapeuticCargo: FGF-4; IGF-1 | MaterialPlatform -[TARGETS]-> TargetCell: Mesenchymal stem/stromal cells; Senescent cells | MaterialPlatform -[PROMOTES]-> RegenerativeEndpoint: Hepatic repair/function | MaterialPlatform -[VALIDATED_AT]-> ValidationStage: Cell; Small Animal","DesignMode={Scaffold} | MaterialComposition={FGF-4; IGF-1} | FabricationStrategy={Surface coating} | TherapeuticCargo={FGF-4; IGF-1} | TargetCell={Mesenchymal stem/stromal cells; Senescent cells} | RegenerativeEndpoint={Hepatic repair/function} | ValidationStage={Cell; Small Animal}","FS0213","EV000530; EV000531; EV000532; EV000533; EV000534; EV000535; EV000536; EV000537; EV000538; EV000539; EV000540"
"CQ15","Zn@MOF-gel dual-polyphenol ECM-mimetic hydrogel","MaterialPlatform -[USES]-> DesignMode: Hydrogel; Nanoparticle/nanoplatform | MaterialPlatform -[COMPOSED_OF]-> MaterialComposition: Zn@MOF nanozyme | MaterialPlatform -[TARGETS]-> TargetCell: Nucleus pulposus/annulus fibrosus cells | MaterialPlatform -[MODULATES]-> Mechanism: NF-κB/SASP/inflammatory signaling | MaterialPlatform -[PROMOTES]-> RegenerativeEndpoint: Intervertebral-disc regeneration | MaterialPlatform -[VALIDATED_AT]-> ValidationStage: Cell; Large Animal; Small Animal","DesignMode={Hydrogel; Nanoparticle/nanoplatform} | MaterialComposition={Zn@MOF nanozyme} | TargetCell={Nucleus pulposus/annulus fibrosus cells} | Mechanism={NF-κB/SASP/inflammatory signaling} | RegenerativeEndpoint={Intervertebral-disc regeneration} | ValidationStage={Cell; Large Animal; Small Animal}","FS0222","EV000547; EV000548; EV000549; EV000550; EV000551; EV000552; EV000553; EV000554; EV001761"
"CQ15","Fisetin-functionalized photoresponsive DNA nanocage","MaterialPlatform -[COMPOSED_OF]-> MaterialComposition: fisetin; miR-29-targeting antisense oligonucleotide; Tetrahedral DNA nanocage | MaterialPlatform -[FABRICATED_BY]-> FabricationStrategy: Self-assembly | MaterialPlatform -[RESPONDS_TO]-> Stimulus: Light | MaterialPlatform -[DELIVERS]-> TherapeuticCargo: fisetin | MaterialPlatform -[RELEASES]-> TherapeuticCargo: fisetin | MaterialPlatform -[TARGETS]-> TargetCell: Senescent cells | MaterialPlatform -[VALIDATED_AT]-> ValidationStage: Cell; Human-derived; Small Animal","MaterialComposition={fisetin; miR-29-targeting antisense oligonucleotide; Tetrahedral DNA nanocage} | FabricationStrategy={Self-assembly} | Stimulus={Light} | TherapeuticCargo={fisetin} | TherapeuticCargo={fisetin} | TargetCell={Senescent cells} | ValidationStage={Cell; Human-derived; Small Animal}","FS0223","EV000555; EV000556; EV000557; EV000558; EV000559; EV000560; EV000561; EV000562; EV000563; EV000564; EV001762"
"CQ15","Pericyte-membrane-coated saMAT2A lipid nanoparticles","MaterialPlatform -[USES]-> DesignMode: Nanoparticle/nanoplatform | MaterialPlatform -[COMPOSED_OF]-> MaterialComposition: pericyte membrane; saMAT2A-loaded lipid nanoparticles | MaterialPlatform -[TARGETS]-> TargetCell: Endothelial/vascular cells | MaterialPlatform -[PROMOTES]-> RegenerativeEndpoint: Wound healing/skin regeneration | MaterialPlatform -[VALIDATED_AT]-> ValidationStage: Cell; Human-derived; Small Animal","DesignMode={Nanoparticle/nanoplatform} | MaterialComposition={pericyte membrane; saMAT2A-loaded lipid nanoparticles} | TargetCell={Endothelial/vascular cells} | RegenerativeEndpoint={Wound healing/skin regeneration} | ValidationStage={Cell; Human-derived; Small Animal}","FS0230","EV000578; EV000579; EV000580; EV000581; EV000582; EV000583; EV000584; EV000585"
"CQ15","GPQ pH-responsive anti-senescence hydrogel","MaterialPlatform -[USES]-> DesignMode: Hydrogel | MaterialPlatform -[COMPOSED_OF]-> MaterialComposition: GPQ hydrogel; pH-responsive therapeutic cargo | MaterialPlatform -[FABRICATED_BY]-> FabricationStrategy: Photocrosslinking and therapeutic-cargo loading | MaterialPlatform -[RESPONDS_TO]-> Stimulus: Acidic pH | MaterialPlatform -[DELIVERS]-> TherapeuticCargo: quercetin | MaterialPlatform -[RELEASES]-> TherapeuticCargo: quercetin | MaterialPlatform -[TARGETS]-> TargetCell: Nucleus pulposus/annulus fibrosus cells | MaterialPlatform -[VALIDATED_AT]-> ValidationStage: Cell; Small Animal","DesignMode={Hydrogel} | MaterialComposition={GPQ hydrogel; pH-responsive therapeutic cargo} | FabricationStrategy={Photocrosslinking and therapeutic-cargo loading} | Stimulus={Acidic pH} | TherapeuticCargo={quercetin} | TherapeuticCargo={quercetin} | TargetCell={Nucleus pulposus/annulus fibrosus cells} | ValidationStage={Cell; Small Animal}","FS0232","EV000586; EV000587; EV000588; EV000589; EV000590; EV000591; EV000592; EV000593; EV000594; EV001763"
"CQ15","PEG-HS/TiO2 nanocomposite","MaterialPlatform -[COMPOSED_OF]-> MaterialComposition: PEG-HS; TiO2 | MaterialPlatform -[TARGETS]-> TargetCell: Endothelial/vascular cells; Macrophages/innate immune cells | MaterialPlatform -[MODULATES]-> Mechanism: ROS/oxidative-stress control | MaterialPlatform -[PROMOTES]-> RegenerativeEndpoint: Wound healing/skin regeneration | MaterialPlatform -[VALIDATED_AT]-> ValidationStage: Cell; Human-derived; Small Animal","MaterialComposition={PEG-HS; TiO2} | TargetCell={Endothelial/vascular cells; Macrophages/innate immune cells} | Mechanism={ROS/oxidative-stress control} | RegenerativeEndpoint={Wound healing/skin regeneration} | ValidationStage={Cell; Human-derived; Small Animal}","FS0238","EV000600; EV000601; EV000602; EV000603; EV000604; EV000605; EV000606; EV000608; EV001764"
"CQ15","PCC1/PHCF-Gel senolytic hydrogel","MaterialPlatform -[USES]-> DesignMode: Hydrogel | MaterialPlatform -[COMPOSED_OF]-> MaterialComposition: PHCF-Gel hydrogel network; Procyanidin C1 | MaterialPlatform -[FABRICATED_BY]-> FabricationStrategy: PHCF-Gel preparation | MaterialPlatform -[RESPONDS_TO]-> Stimulus: ROS | MaterialPlatform -[RELEASES]-> TherapeuticCargo: Procyanidin C1 | MaterialPlatform -[TARGETS]-> TargetCell: Endothelial/vascular cells; Macrophages/innate immune cells | MaterialPlatform -[VALIDATED_AT]-> ValidationStage: Cell; Small Animal","DesignMode={Hydrogel} | MaterialComposition={PHCF-Gel hydrogel network; Procyanidin C1} | FabricationStrategy={PHCF-Gel preparation} | Stimulus={ROS} | TherapeuticCargo={Procyanidin C1} | TargetCell={Endothelial/vascular cells; Macrophages/innate immune cells} | ValidationStage={Cell; Small Animal}","FS0247","EV000633; EV000634; EV000635; EV000636; EV000637; EV000638; EV000639; EV000640; EV000641; EV001766"
"CQ15","Smart spatiotemporal drug-delivery hydrogels","MaterialPlatform -[USES]-> DesignMode: Hydrogel | MaterialPlatform -[FABRICATED_BY]-> FabricationStrategy: One-pot synthesis | MaterialPlatform -[RESPONDS_TO]-> Stimulus: Acidic pH; ROS | MaterialPlatform -[DELIVERS]-> TherapeuticCargo: metformin | MaterialPlatform -[TARGETS]-> TargetCell: Endothelial/vascular cells; Mesenchymal stem/stromal cells | MaterialPlatform -[MODULATES]-> Mechanism: ROS/oxidative-stress control | MaterialPlatform -[PROMOTES]-> RegenerativeEndpoint: Bone regeneration/osteogenesis | MaterialPlatform -[VALIDATED_AT]-> ValidationStage: Cell; Human-derived; Small Animal","DesignMode={Hydrogel} | FabricationStrategy={One-pot synthesis} | Stimulus={Acidic pH; ROS} | TherapeuticCargo={metformin} | TargetCell={Endothelial/vascular cells; Mesenchymal stem/stromal cells} | Mechanism={ROS/oxidative-stress control} | RegenerativeEndpoint={Bone regeneration/osteogenesis} | ValidationStage={Cell; Human-derived; Small Animal}","FS0248","EV000642; EV000643; EV000644; EV000645; EV000646; EV000647; EV000648; EV000649; EV000650; EV000651; EV001767; EV001863"
"CQ15","PTHrP supramolecular-peptide-loaded dual-network hydrogel","MaterialPlatform -[USES]-> DesignMode: Hydrogel | MaterialPlatform -[COMPOSED_OF]-> MaterialComposition: dual-network hydrogel; Parathyroid-hormone-related peptide; supramolecular peptide | MaterialPlatform -[RESPONDS_TO]-> Stimulus: Mechanical force | MaterialPlatform -[TARGETS]-> TargetCell: Fibroblasts/keratinocytes/skin cells | MaterialPlatform -[PROMOTES]-> RegenerativeEndpoint: Wound healing/skin regeneration | MaterialPlatform -[VALIDATED_AT]-> ValidationStage: Cell; Small Animal","DesignMode={Hydrogel} | MaterialComposition={dual-network hydrogel; Parathyroid-hormone-related peptide; supramolecular peptide} | Stimulus={Mechanical force} | TargetCell={Fibroblasts/keratinocytes/skin cells} | RegenerativeEndpoint={Wound healing/skin regeneration} | ValidationStage={Cell; Small Animal}","FS0270","EV000673; EV000674; EV000675; EV000676; EV000678; EV000679; EV000680; EV000681; EV001865"
"CQ15","Lesion-localized hydrogels functionalized with engineered extracellular matrix","MaterialPlatform -[USES]-> DesignMode: Biomimetic ECM/cell construct; Hydrogel | MaterialPlatform -[FABRICATED_BY]-> FabricationStrategy: Decellularization and ECM processing | MaterialPlatform -[TARGETS]-> TargetCell: Chondrocytes/cartilage progenitors | MaterialPlatform -[MODULATES]-> Mechanism: Mitochondrial homeostasis/mitophagy | MaterialPlatform -[PROMOTES]-> RegenerativeEndpoint: Cartilage regeneration/chondroprotection | MaterialPlatform -[VALIDATED_AT]-> ValidationStage: Cell; Small Animal","DesignMode={Biomimetic ECM/cell construct; Hydrogel} | FabricationStrategy={Decellularization and ECM processing} | TargetCell={Chondrocytes/cartilage progenitors} | Mechanism={Mitochondrial homeostasis/mitophagy} | RegenerativeEndpoint={Cartilage regeneration/chondroprotection} | ValidationStage={Cell; Small Animal}","FS0279","EV000690; EV000691; EV000692; EV000693; EV000694; EV000695; EV000696; EV000697"
"CQ15","Orbital hybridization-mediated nanozymes","MaterialPlatform -[COMPOSED_OF]-> MaterialComposition: CuSn dual-atom-site nanozymes (CuSnDASNs); n-Butylphthalide (NBP) | MaterialPlatform -[FABRICATED_BY]-> FabricationStrategy: Surface coating | MaterialPlatform -[TARGETS]-> TargetCell: Endothelial/vascular cells; Mesenchymal stem/stromal cells | MaterialPlatform -[MODULATES]-> Mechanism: ROS/oxidative-stress control | MaterialPlatform -[PROMOTES]-> RegenerativeEndpoint: Bone regeneration/osteogenesis | MaterialPlatform -[VALIDATED_AT]-> ValidationStage: Cell; Small Animal","MaterialComposition={CuSn dual-atom-site nanozymes (CuSnDASNs); n-Butylphthalide (NBP)} | FabricationStrategy={Surface coating} | TargetCell={Endothelial/vascular cells; Mesenchymal stem/stromal cells} | Mechanism={ROS/oxidative-stress control} | RegenerativeEndpoint={Bone regeneration/osteogenesis} | ValidationStage={Cell; Small Animal}","FS0283","EV000705; EV000706; EV000707; EV000708; EV000709; EV000710; EV000711; EV000712; EV001771"
"CQ15","GelMA@ZIF-8/PGE microsphere–hydrogel platform","MaterialPlatform -[USES]-> DesignMode: Hydrogel | MaterialPlatform -[COMPOSED_OF]-> MaterialComposition: gelatin methacryloyl (GelMA); Poly(ethylene glycol) diacrylate (PEGDA); Zeolitic imidazolate framework-8 (ZIF-8) | MaterialPlatform -[FABRICATED_BY]-> FabricationStrategy: Microfluidic fabrication; One-pot synthesis | MaterialPlatform -[DELIVERS]-> TherapeuticCargo: rapamycin | MaterialPlatform -[RELEASES]-> TherapeuticCargo: rapamycin | MaterialPlatform -[TARGETS]-> TargetCell: Fibroblasts/keratinocytes/skin cells | MaterialPlatform -[PROMOTES]-> RegenerativeEndpoint: Wound healing/skin regeneration | MaterialPlatform -[VALIDATED_AT]-> ValidationStage: Cell; Small Animal","DesignMode={Hydrogel} | MaterialComposition={gelatin methacryloyl (GelMA); Poly(ethylene glycol) diacrylate (PEGDA); Zeolitic imidazolate framework-8 (ZIF-8)} | FabricationStrategy={Microfluidic fabrication; One-pot synthesis} | TherapeuticCargo={rapamycin} | TherapeuticCargo={rapamycin} | TargetCell={Fibroblasts/keratinocytes/skin cells} | RegenerativeEndpoint={Wound healing/skin regeneration} | ValidationStage={Cell; Small Animal}","FS0295","EV000724; EV000725; EV000726; EV000727; EV000728; EV000729; EV000730; EV000731; EV000732; EV000733; EV001845; EV001846"
"CQ15","MMZ@Si–P53 hydrogel","MaterialPlatform -[USES]-> DesignMode: Hydrogel | MaterialPlatform -[COMPOSED_OF]-> MaterialComposition: MMZ | MaterialPlatform -[RESPONDS_TO]-> Stimulus: Acidic pH | MaterialPlatform -[TARGETS]-> TargetCell: Mesenchymal stem/stromal cells; Neural stem cells/neurons/glia | MaterialPlatform -[MODULATES]-> Mechanism: p16/p21/p53–Rb cell-cycle arrest | MaterialPlatform -[PROMOTES]-> RegenerativeEndpoint: Bone regeneration/osteogenesis | MaterialPlatform -[VALIDATED_AT]-> ValidationStage: Cell; Small Animal","DesignMode={Hydrogel} | MaterialComposition={MMZ} | Stimulus={Acidic pH} | TargetCell={Mesenchymal stem/stromal cells; Neural stem cells/neurons/glia} | Mechanism={p16/p21/p53–Rb cell-cycle arrest} | RegenerativeEndpoint={Bone regeneration/osteogenesis} | ValidationStage={Cell; Small Animal}","FS0296","EV000734; EV000735; EV000736; EV000737; EV000738; EV000739; EV000740; EV001773; EV001774"
"CQ15","Injectable microgels carrying engineered biomimetic nanoparticles","MaterialPlatform -[USES]-> DesignMode: Nanoparticle/nanoplatform | MaterialPlatform -[FABRICATED_BY]-> FabricationStrategy: Extrusion | MaterialPlatform -[DELIVERS]-> TherapeuticCargo: ABT263 | MaterialPlatform -[RELEASES]-> TherapeuticCargo: ABT263 | MaterialPlatform -[TARGETS]-> TargetCell: Chondrocytes/cartilage progenitors; Mesenchymal stem/stromal cells; Senescent cells | MaterialPlatform -[VALIDATED_AT]-> ValidationStage: Cell; Small Animal","DesignMode={Nanoparticle/nanoplatform} | FabricationStrategy={Extrusion} | TherapeuticCargo={ABT263} | TherapeuticCargo={ABT263} | TargetCell={Chondrocytes/cartilage progenitors; Mesenchymal stem/stromal cells; Senescent cells} | ValidationStage={Cell; Small Animal}","FS0300","EV000741; EV000742; EV000743; EV000744; EV000745; EV000746; EV000747; EV000748; EV001869"
"CQ15","LINE1-ASO-loaded selectin-binding-peptide-engineered extracellular vesicles","MaterialPlatform -[COMPOSED_OF]-> MaterialComposition: LINE1 antisense oligonucleotide; selectin-binding-peptide-engineered extracellular vesicles | MaterialPlatform -[FABRICATED_BY]-> FabricationStrategy: Electroporation loading of LINE1-targeting ASO into SBP-EVs | MaterialPlatform -[TARGETS]-> TargetCell: Endothelial/vascular cells | MaterialPlatform -[PROMOTES]-> RegenerativeEndpoint: Cardiac repair/function | MaterialPlatform -[VALIDATED_AT]-> ValidationStage: Cell; Human-derived; Small Animal","MaterialComposition={LINE1 antisense oligonucleotide; selectin-binding-peptide-engineered extracellular vesicles} | FabricationStrategy={Electroporation loading of LINE1-targeting ASO into SBP-EVs} | TargetCell={Endothelial/vascular cells} | RegenerativeEndpoint={Cardiac repair/function} | ValidationStage={Cell; Human-derived; Small Animal}","FS0303","EV000749; EV000750; EV000751; EV000752; EV000753; EV000754; EV000756; EV001775"
"CQ15","OSK-protein-delivery and inflammatory-niche-remodeling platform","MaterialPlatform -[USES]-> DesignMode: Coating/surface; Nanoparticle/nanoplatform | MaterialPlatform -[FABRICATED_BY]-> FabricationStrategy: Surface coating | MaterialPlatform -[RESPONDS_TO]-> Stimulus: Glutathione | MaterialPlatform -[DELIVERS]-> TherapeuticCargo: OSK reprogramming proteins | MaterialPlatform -[TARGETS]-> TargetCell: Nucleus pulposus/annulus fibrosus cells | MaterialPlatform -[MODULATES]-> Mechanism: NF-κB/SASP/inflammatory signaling | MaterialPlatform -[VALIDATED_AT]-> ValidationStage: Cell; Small Animal","DesignMode={Coating/surface; Nanoparticle/nanoplatform} | FabricationStrategy={Surface coating} | Stimulus={Glutathione} | TherapeuticCargo={OSK reprogramming proteins} | TargetCell={Nucleus pulposus/annulus fibrosus cells} | Mechanism={NF-κB/SASP/inflammatory signaling} | ValidationStage={Cell; Small Animal}","FS0308","EV000762; EV000763; EV000764; EV000765; EV000766; EV000767; EV000768; EV000769; EV000770"
"CQ15","rhCOL17-P334 conjugate","MaterialPlatform -[USES]-> DesignMode: Hydrogel | MaterialPlatform -[COMPOSED_OF]-> MaterialComposition: P334 peptide; Recombinant human collagen XVII fragment | MaterialPlatform -[FABRICATED_BY]-> FabricationStrategy: Photocrosslinking | MaterialPlatform -[TARGETS]-> TargetCell: Fibroblasts/keratinocytes/skin cells | MaterialPlatform -[PROMOTES]-> RegenerativeEndpoint: Wound healing/skin regeneration | MaterialPlatform -[VALIDATED_AT]-> ValidationStage: Cell; Human-derived; Small Animal","DesignMode={Hydrogel} | MaterialComposition={P334 peptide; Recombinant human collagen XVII fragment} | FabricationStrategy={Photocrosslinking} | TargetCell={Fibroblasts/keratinocytes/skin cells} | RegenerativeEndpoint={Wound healing/skin regeneration} | ValidationStage={Cell; Human-derived; Small Animal}","FS0310","EV000771; EV000772; EV000773; EV000774; EV000775; EV000776; EV000777; EV001870; EV001871"
"CQ15","TPG@ChSMA mitochondrial-targeted hydrogel","MaterialPlatform -[USES]-> DesignMode: Hydrogel | MaterialPlatform -[COMPOSED_OF]-> MaterialComposition: chondroitin-sulfate-methacrylate hydrogel; TPG | MaterialPlatform -[DELIVERS]-> TherapeuticCargo: TPG | MaterialPlatform -[RELEASES]-> TherapeuticCargo: TPG | MaterialPlatform -[TARGETS]-> TargetCell: Mesenchymal stem/stromal cells; Senescent cells | MaterialPlatform -[PROMOTES]-> RegenerativeEndpoint: Bone regeneration/osteogenesis | MaterialPlatform -[VALIDATED_AT]-> ValidationStage: Cell; Small Animal","DesignMode={Hydrogel} | MaterialComposition={chondroitin-sulfate-methacrylate hydrogel; TPG} | TherapeuticCargo={TPG} | TherapeuticCargo={TPG} | TargetCell={Mesenchymal stem/stromal cells; Senescent cells} | RegenerativeEndpoint={Bone regeneration/osteogenesis} | ValidationStage={Cell; Small Animal}","FS0313","EV000791; EV000792; EV000793; EV000794; EV000795; EV000796; EV000797; EV000798; EV000799; EV000800"
"CQ15","CAP-CD56+CD271+ BMSC-exosome-loaded PVA/SA hydrogel","MaterialPlatform -[USES]-> DesignMode: Hydrogel | MaterialPlatform -[RELEASES]-> TherapeuticCargo: Exosomes | MaterialPlatform -[TARGETS]-> TargetCell: Chondrocytes/cartilage progenitors; Mesenchymal stem/stromal cells | MaterialPlatform -[MODULATES]-> Mechanism: p16/p21/p53–Rb cell-cycle arrest | MaterialPlatform -[PROMOTES]-> RegenerativeEndpoint: Cartilage regeneration/chondroprotection | MaterialPlatform -[VALIDATED_AT]-> ValidationStage: Cell; Small Animal","DesignMode={Hydrogel} | TherapeuticCargo={Exosomes} | TargetCell={Chondrocytes/cartilage progenitors; Mesenchymal stem/stromal cells} | Mechanism={p16/p21/p53–Rb cell-cycle arrest} | RegenerativeEndpoint={Cartilage regeneration/chondroprotection} | ValidationStage={Cell; Small Animal}","FS0322","EV000801; EV000802; EV000803; EV000804; EV000805; EV000806; EV000807; EV000808"
"CQ15","AAV-loaded extracellular-vesicle biomimetic gene-delivery system","MaterialPlatform -[USES]-> DesignMode: Hydrogel; Scaffold | MaterialPlatform -[FABRICATED_BY]-> FabricationStrategy: Self-assembly | MaterialPlatform -[TARGETS]-> TargetCell: Endothelial/vascular cells; Macrophages/innate immune cells | MaterialPlatform -[MODULATES]-> Mechanism: Angiogenic/HIF–VEGF signaling | MaterialPlatform -[VALIDATED_AT]-> ValidationStage: Cell; Human-derived","DesignMode={Hydrogel; Scaffold} | FabricationStrategy={Self-assembly} | TargetCell={Endothelial/vascular cells; Macrophages/innate immune cells} | Mechanism={Angiogenic/HIF–VEGF signaling} | ValidationStage={Cell; Human-derived}","FS0326","EV000819; EV000820; EV000821; EV000822; EV000823; EV000824; EV000825; EV001780"
"CQ15","Mitochondria-targeted MET-MA carbon dots","MaterialPlatform -[USES]-> DesignMode: Coating/surface; Hydrogel | MaterialPlatform -[COMPOSED_OF]-> MaterialComposition: MET-MA carbon dots | MaterialPlatform -[TARGETS]-> TargetCell: Mesenchymal stem/stromal cells; Osteoblasts/osteocytes/osteoclasts | MaterialPlatform -[PROMOTES]-> RegenerativeEndpoint: Vascular regeneration/angiogenesis | MaterialPlatform -[VALIDATED_AT]-> ValidationStage: Cell; Small Animal","DesignMode={Coating/surface; Hydrogel} | MaterialComposition={MET-MA carbon dots} | TargetCell={Mesenchymal stem/stromal cells; Osteoblasts/osteocytes/osteoclasts} | RegenerativeEndpoint={Vascular regeneration/angiogenesis} | ValidationStage={Cell; Small Animal}","FS0328","EV000832; EV000833; EV000834; EV000835; EV000836; EV000837; EV000838; EV000839"
"CQ15","MOTS-c-modified functional self-assembly peptide hydrogels","MaterialPlatform -[USES]-> DesignMode: Hydrogel | MaterialPlatform -[FABRICATED_BY]-> FabricationStrategy: Self-assembly | MaterialPlatform -[DELIVERS]-> TherapeuticCargo: NP-MSCs | MaterialPlatform -[TARGETS]-> TargetCell: Mesenchymal stem/stromal cells; Nucleus pulposus/annulus fibrosus cells | MaterialPlatform -[MODULATES]-> Mechanism: AMPK–mTOR–sirtuin signaling | MaterialPlatform -[PROMOTES]-> RegenerativeEndpoint: Intervertebral-disc regeneration | MaterialPlatform -[VALIDATED_AT]-> ValidationStage: Cell; Human-derived; Small Animal","DesignMode={Hydrogel} | FabricationStrategy={Self-assembly} | TherapeuticCargo={NP-MSCs} | TargetCell={Mesenchymal stem/stromal cells; Nucleus pulposus/annulus fibrosus cells} | Mechanism={AMPK–mTOR–sirtuin signaling} | RegenerativeEndpoint={Intervertebral-disc regeneration} | ValidationStage={Cell; Human-derived; Small Animal}","FS0338","EV000845; EV000846; EV000847; EV000848; EV000849; EV000850; EV000851; EV000852; EV000853; EV001781"
"CQ15","Injectable glycyrrhizic-acid hydrogel microspheres","MaterialPlatform -[USES]-> DesignMode: Hydrogel | MaterialPlatform -[FABRICATED_BY]-> FabricationStrategy: Microfluidic fabrication | MaterialPlatform -[TARGETS]-> TargetCell: Macrophages/innate immune cells; Mesenchymal stem/stromal cells; Senescent cells | MaterialPlatform -[PROMOTES]-> RegenerativeEndpoint: Bone regeneration/osteogenesis | MaterialPlatform -[VALIDATED_AT]-> ValidationStage: Cell; Small Animal","DesignMode={Hydrogel} | FabricationStrategy={Microfluidic fabrication} | TargetCell={Macrophages/innate immune cells; Mesenchymal stem/stromal cells; Senescent cells} | RegenerativeEndpoint={Bone regeneration/osteogenesis} | ValidationStage={Cell; Small Animal}","FS0341","EV000854; EV000855; EV000856; EV000857; EV000858; EV000859; EV000860; EV000861"
"CQ15","Multifunctional pH-responsive microneedles","MaterialPlatform -[USES]-> DesignMode: Microneedle | MaterialPlatform -[RESPONDS_TO]-> Stimulus: Acidic pH | MaterialPlatform -[TARGETS]-> TargetCell: Periodontal/dental stem cells | MaterialPlatform -[MODULATES]-> Mechanism: Angiogenic/HIF–VEGF signaling | MaterialPlatform -[PROMOTES]-> RegenerativeEndpoint: Bone regeneration/osteogenesis | MaterialPlatform -[VALIDATED_AT]-> ValidationStage: Cell; Human-derived; Small Animal","DesignMode={Microneedle} | Stimulus={Acidic pH} | TargetCell={Periodontal/dental stem cells} | Mechanism={Angiogenic/HIF–VEGF signaling} | RegenerativeEndpoint={Bone regeneration/osteogenesis} | ValidationStage={Cell; Human-derived; Small Animal}","FS0346","EV000867; EV000868; EV000869; EV000870; EV000871; EV000872; EV000873; EV001783"
"CQ15","Bioinspired Microgel Assembly of Liver-Derived Decellularized Extracellular Matrix","MaterialPlatform -[USES]-> DesignMode: Biomimetic ECM/cell construct | MaterialPlatform -[COMPOSED_OF]-> MaterialComposition: gelatin methacryloyl (GelMA); porcine liver-derived decellularized extracellular matrix (dECM) | MaterialPlatform -[FABRICATED_BY]-> FabricationStrategy: Decellularization and ECM processing; Microfluidic fabrication | MaterialPlatform -[TARGETS]-> TargetCell: Periodontal/dental stem cells | MaterialPlatform -[VALIDATED_AT]-> ValidationStage: Cell; Human-derived; Small Animal","DesignMode={Biomimetic ECM/cell construct} | MaterialComposition={gelatin methacryloyl (GelMA); porcine liver-derived decellularized extracellular matrix (dECM)} | FabricationStrategy={Decellularization and ECM processing; Microfluidic fabrication} | TargetCell={Periodontal/dental stem cells} | ValidationStage={Cell; Human-derived; Small Animal}","FS0358","EV000889; EV000890; EV000891; EV000892; EV000893; EV000894; EV001787; EV001875; EV001876"
"CQ15","Adhesive injectable NRF2-modulating hydrogel microspheres","MaterialPlatform -[USES]-> DesignMode: Hydrogel | MaterialPlatform -[FABRICATED_BY]-> FabricationStrategy: Biomineralization; Emulsion fabrication; Surface coating | MaterialPlatform -[DELIVERS]-> TherapeuticCargo: Cordycepin | MaterialPlatform -[RELEASES]-> TherapeuticCargo: Cordycepin | MaterialPlatform -[TARGETS]-> TargetCell: Periodontal/dental stem cells | MaterialPlatform -[PROMOTES]-> RegenerativeEndpoint: Bone regeneration/osteogenesis | MaterialPlatform -[VALIDATED_AT]-> ValidationStage: Cell; Small Animal","DesignMode={Hydrogel} | FabricationStrategy={Biomineralization; Emulsion fabrication; Surface coating} | TherapeuticCargo={Cordycepin} | TherapeuticCargo={Cordycepin} | TargetCell={Periodontal/dental stem cells} | RegenerativeEndpoint={Bone regeneration/osteogenesis} | ValidationStage={Cell; Small Animal}","FS0367","EV000913; EV000914; EV000915; EV000916; EV000917; EV000918; EV000919; EV000920; EV000921; EV000922"
"CQ15","Mitochondrial-metabolism/efferocytosis-modulating microcarriers","MaterialPlatform -[USES]-> DesignMode: Nanoparticle/nanoplatform | MaterialPlatform -[DELIVERS]-> TherapeuticCargo: VGX-1027 | MaterialPlatform -[RELEASES]-> TherapeuticCargo: VGX-1027 | MaterialPlatform -[TARGETS]-> TargetCell: Macrophages/innate immune cells; Senescent cells | MaterialPlatform -[PROMOTES]-> RegenerativeEndpoint: Bone regeneration/osteogenesis | MaterialPlatform -[VALIDATED_AT]-> ValidationStage: Cell; Small Animal","DesignMode={Nanoparticle/nanoplatform} | TherapeuticCargo={VGX-1027} | TherapeuticCargo={VGX-1027} | TargetCell={Macrophages/innate immune cells; Senescent cells} | RegenerativeEndpoint={Bone regeneration/osteogenesis} | ValidationStage={Cell; Small Animal}","FS0376","EV000933; EV000934; EV000935; EV000936; EV000937; EV000938; EV000939; EV000940"
"CQ15","Phenylboronic-acid-grafted hyaluronic-acid/TIMP-3 hydrogel","MaterialPlatform -[USES]-> DesignMode: Biomimetic ECM/cell construct; Hydrogel | MaterialPlatform -[COMPOSED_OF]-> MaterialComposition: HA-ADH-PBA; Oxidized dextran (Ox-Dex) | MaterialPlatform -[DELIVERS]-> TherapeuticCargo: TIMP-3 | MaterialPlatform -[RELEASES]-> TherapeuticCargo: TIMP-3 | MaterialPlatform -[TARGETS]-> TargetCell: Macrophages/innate immune cells; Nucleus pulposus/annulus fibrosus cells | MaterialPlatform -[VALIDATED_AT]-> ValidationStage: Cell; Human-derived; Small Animal","DesignMode={Biomimetic ECM/cell construct; Hydrogel} | MaterialComposition={HA-ADH-PBA; Oxidized dextran (Ox-Dex)} | TherapeuticCargo={TIMP-3} | TherapeuticCargo={TIMP-3} | TargetCell={Macrophages/innate immune cells; Nucleus pulposus/annulus fibrosus cells} | ValidationStage={Cell; Human-derived; Small Animal}","FS0380","EV000941; EV000942; EV000943; EV000944; EV000946; EV000947; EV000948; EV000949; EV000950; EV000951; EV000952"
"CQ15","α-Arbutin-crosslinked chitosan/gelatin film","MaterialPlatform -[COMPOSED_OF]-> MaterialComposition: Chitosan; gelatin; α-arbutin | MaterialPlatform -[FABRICATED_BY]-> FabricationStrategy: Surface coating | MaterialPlatform -[TARGETS]-> TargetCell: Osteoblasts/osteocytes/osteoclasts; Senescent cells | MaterialPlatform -[MODULATES]-> Mechanism: ROS/oxidative-stress control | MaterialPlatform -[PROMOTES]-> RegenerativeEndpoint: Bone regeneration/osteogenesis | MaterialPlatform -[VALIDATED_AT]-> ValidationStage: Cell; Small Animal","MaterialComposition={Chitosan; gelatin; α-arbutin} | FabricationStrategy={Surface coating} | TargetCell={Osteoblasts/osteocytes/osteoclasts; Senescent cells} | Mechanism={ROS/oxidative-stress control} | RegenerativeEndpoint={Bone regeneration/osteogenesis} | ValidationStage={Cell; Small Animal}","FS0384","EV000959; EV000960; EV000961; EV000962; EV000963; EV000964; EV000965; EV000966; EV000967; EV000968"
"CQ15","Quercetin-loaded homogeneous PLGA microspheres","MaterialPlatform -[COMPOSED_OF]-> MaterialComposition: PLGA | MaterialPlatform -[FABRICATED_BY]-> FabricationStrategy: Microfluidic fabrication | MaterialPlatform -[DELIVERS]-> TherapeuticCargo: quercetin | MaterialPlatform -[RELEASES]-> TherapeuticCargo: quercetin | MaterialPlatform -[TARGETS]-> TargetCell: Mesenchymal stem/stromal cells | MaterialPlatform -[PROMOTES]-> RegenerativeEndpoint: Stemness/proliferation/differentiation restoration | MaterialPlatform -[VALIDATED_AT]-> ValidationStage: Cell; Human-derived","MaterialComposition={PLGA} | FabricationStrategy={Microfluidic fabrication} | TherapeuticCargo={quercetin} | TherapeuticCargo={quercetin} | TargetCell={Mesenchymal stem/stromal cells} | RegenerativeEndpoint={Stemness/proliferation/differentiation restoration} | ValidationStage={Cell; Human-derived}","FS0394","EV001001; EV001002; EV001003; EV001004; EV001005; EV001006; EV001007; EV001008"
"CQ15","FMAG nanoplatform","MaterialPlatform -[USES]-> DesignMode: Nanoparticle/nanoplatform | MaterialPlatform -[COMPOSED_OF]-> MaterialComposition: boric acid-functionalized GelMA hydrogels; MnO₂ nanoenzymes | MaterialPlatform -[FABRICATED_BY]-> FabricationStrategy: Thin-film hydration | MaterialPlatform -[RESPONDS_TO]-> Stimulus: ROS | MaterialPlatform -[DELIVERS]-> TherapeuticCargo: fisetin | MaterialPlatform -[RELEASES]-> TherapeuticCargo: fisetin | MaterialPlatform -[TARGETS]-> TargetCell: Fibroblasts/keratinocytes/skin cells | MaterialPlatform -[VALIDATED_AT]-> ValidationStage: Cell; Small Animal","DesignMode={Nanoparticle/nanoplatform} | MaterialComposition={boric acid-functionalized GelMA hydrogels; MnO₂ nanoenzymes} | FabricationStrategy={Thin-film hydration} | Stimulus={ROS} | TherapeuticCargo={fisetin} | TherapeuticCargo={fisetin} | TargetCell={Fibroblasts/keratinocytes/skin cells} | ValidationStage={Cell; Small Animal}","FS0399","EV001021; EV001022; EV001023; EV001024; EV001025; EV001026; EV001027; EV001028; EV001029; EV001791"
"CQ15","Multimodal ROS-logic-gated therapeutic platform","MaterialPlatform -[FABRICATED_BY]-> FabricationStrategy: 3D printing/bioprinting; Photocrosslinking | MaterialPlatform -[RESPONDS_TO]-> Stimulus: ROS | MaterialPlatform -[DELIVERS]-> TherapeuticCargo: rapamycin | MaterialPlatform -[RELEASES]-> TherapeuticCargo: rapamycin | MaterialPlatform -[TARGETS]-> TargetCell: Senescent cells | MaterialPlatform -[MODULATES]-> Mechanism: ROS/oxidative-stress control | MaterialPlatform -[PROMOTES]-> RegenerativeEndpoint: Bone regeneration/osteogenesis | MaterialPlatform -[VALIDATED_AT]-> ValidationStage: Cell; Small Animal","FabricationStrategy={3D printing/bioprinting; Photocrosslinking} | Stimulus={ROS} | TherapeuticCargo={rapamycin} | TherapeuticCargo={rapamycin} | TargetCell={Senescent cells} | Mechanism={ROS/oxidative-stress control} | RegenerativeEndpoint={Bone regeneration/osteogenesis} | ValidationStage={Cell; Small Animal}","FS0400","EV001030; EV001031; EV001032; EV001033; EV001034; EV001035; EV001036; EV001037; EV001792; EV001793"
"CQ15","PDA@RES NIR-responsive core–shell nanoplatform","MaterialPlatform -[USES]-> DesignMode: Nanoparticle/nanoplatform | MaterialPlatform -[RESPONDS_TO]-> Stimulus: Acidic pH; NIR light | MaterialPlatform -[TARGETS]-> TargetCell: Endothelial/vascular cells | MaterialPlatform -[MODULATES]-> Mechanism: Mitochondrial homeostasis/mitophagy | MaterialPlatform -[PROMOTES]-> RegenerativeEndpoint: Wound healing/skin regeneration | MaterialPlatform -[VALIDATED_AT]-> ValidationStage: Cell; Small Animal","DesignMode={Nanoparticle/nanoplatform} | Stimulus={Acidic pH; NIR light} | TargetCell={Endothelial/vascular cells} | Mechanism={Mitochondrial homeostasis/mitophagy} | RegenerativeEndpoint={Wound healing/skin regeneration} | ValidationStage={Cell; Small Animal}","FS0402","EV001043; EV001044; EV001045; EV001046; EV001047; EV001048; EV001795; EV001881"
"CQ15","synFGF18 mRNA lipid nanoparticles","MaterialPlatform -[USES]-> DesignMode: Nanoparticle/nanoplatform | MaterialPlatform -[COMPOSED_OF]-> MaterialComposition: FGF18 mRNA; lipid nanoparticles | MaterialPlatform -[DELIVERS]-> TherapeuticCargo: FGF18 mRNA | MaterialPlatform -[TARGETS]-> TargetCell: Chondrocytes/cartilage progenitors | MaterialPlatform -[MODULATES]-> Mechanism: Autophagy/lysosomal homeostasis | MaterialPlatform -[VALIDATED_AT]-> ValidationStage: Cell; Small Animal","DesignMode={Nanoparticle/nanoplatform} | MaterialComposition={FGF18 mRNA; lipid nanoparticles} | TherapeuticCargo={FGF18 mRNA} | TargetCell={Chondrocytes/cartilage progenitors} | Mechanism={Autophagy/lysosomal homeostasis} | ValidationStage={Cell; Small Animal}","FS0404","EV001049; EV001050; EV001051; EV001052; EV001053; EV001054; EV001055; EV001796"
"CQ15","Self-healing hydrogels loaded with Spatholobi Caulis","MaterialPlatform -[USES]-> DesignMode: Hydrogel | MaterialPlatform -[COMPOSED_OF]-> MaterialComposition: Oxidized starch (OST); Quaternized chitosan (QCS) | MaterialPlatform -[FABRICATED_BY]-> FabricationStrategy: Schiff-base/hydrazone crosslinking | MaterialPlatform -[RESPONDS_TO]-> Stimulus: Mechanical strain | MaterialPlatform -[DELIVERS]-> TherapeuticCargo: Spatholobi Caulis | MaterialPlatform -[RELEASES]-> TherapeuticCargo: Spatholobi Caulis | MaterialPlatform -[TARGETS]-> TargetCell: Nucleus pulposus/annulus fibrosus cells | MaterialPlatform -[MODULATES]-> Mechanism: Autophagy/lysosomal homeostasis | MaterialPlatform -[VALIDATED_AT]-> ValidationStage: Cell; Small Animal","DesignMode={Hydrogel} | MaterialComposition={Oxidized starch (OST); Quaternized chitosan (QCS)} | FabricationStrategy={Schiff-base/hydrazone crosslinking} | Stimulus={Mechanical strain} | TherapeuticCargo={Spatholobi Caulis} | TherapeuticCargo={Spatholobi Caulis} | TargetCell={Nucleus pulposus/annulus fibrosus cells} | Mechanism={Autophagy/lysosomal homeostasis} | ValidationStage={Cell; Small Animal}","FS0428","EV001083; EV001084; EV001085; EV001086; EV001087; EV001088; EV001089; EV001090; EV001091; EV001800; EV001801"
"CQ15","Quercetin-loaded aligned-nanowire hydrogel","MaterialPlatform -[USES]-> DesignMode: Hydrogel | MaterialPlatform -[FABRICATED_BY]-> FabricationStrategy: 3D printing/bioprinting; Biomineralization; Photocrosslinking | MaterialPlatform -[DELIVERS]-> TherapeuticCargo: quercetin | MaterialPlatform -[RELEASES]-> TherapeuticCargo: quercetin | MaterialPlatform -[TARGETS]-> TargetCell: Mesenchymal stem/stromal cells | MaterialPlatform -[PROMOTES]-> RegenerativeEndpoint: Bone regeneration/osteogenesis | MaterialPlatform -[VALIDATED_AT]-> ValidationStage: Cell; Small Animal","DesignMode={Hydrogel} | FabricationStrategy={3D printing/bioprinting; Biomineralization; Photocrosslinking} | TherapeuticCargo={quercetin} | TherapeuticCargo={quercetin} | TargetCell={Mesenchymal stem/stromal cells} | RegenerativeEndpoint={Bone regeneration/osteogenesis} | ValidationStage={Cell; Small Animal}","FS0433","EV001099; EV001100; EV001101; EV001102; EV001103; EV001104; EV001105; EV001106; EV001107; EV001108"
"CQ15","TA-PFC/PCK fiber scaffold","MaterialPlatform -[USES]-> DesignMode: Scaffold | MaterialPlatform -[COMPOSED_OF]-> MaterialComposition: α-Ketoglutarate (αKG) | MaterialPlatform -[FABRICATED_BY]-> FabricationStrategy: Surface coating | MaterialPlatform -[TARGETS]-> TargetCell: Endothelial/vascular cells; Macrophages/innate immune cells; Mesenchymal stem/stromal cells | MaterialPlatform -[MODULATES]-> Mechanism: Angiogenic/HIF–VEGF signaling | MaterialPlatform -[VALIDATED_AT]-> ValidationStage: Cell; Human-derived; Small Animal","DesignMode={Scaffold} | MaterialComposition={α-Ketoglutarate (αKG)} | FabricationStrategy={Surface coating} | TargetCell={Endothelial/vascular cells; Macrophages/innate immune cells; Mesenchymal stem/stromal cells} | Mechanism={Angiogenic/HIF–VEGF signaling} | ValidationStage={Cell; Human-derived; Small Animal}","FS0439","EV001120; EV001121; EV001122; EV001123; EV001124; EV001125; EV001126; EV001127; EV001128; EV001802"
"CQ15","MG@IFN-γ-ECM cartilage-anchoring microgels","MaterialPlatform -[USES]-> DesignMode: Hydrogel | MaterialPlatform -[COMPOSED_OF]-> MaterialComposition: Aldehyde- and methacrylate-modified hyaluronic acid (AHAMA) | MaterialPlatform -[FABRICATED_BY]-> FabricationStrategy: Decellularization and ECM processing; Microfluidic fabrication; Photocrosslinking | MaterialPlatform -[DELIVERS]-> TherapeuticCargo: IFN-γ-stimulated ECM | MaterialPlatform -[TARGETS]-> TargetCell: Chondrocytes/cartilage progenitors; Mesenchymal stem/stromal cells | MaterialPlatform -[VALIDATED_AT]-> ValidationStage: Cell; Ex vivo; Small Animal","DesignMode={Hydrogel} | MaterialComposition={Aldehyde- and methacrylate-modified hyaluronic acid (AHAMA)} | FabricationStrategy={Decellularization and ECM processing; Microfluidic fabrication; Photocrosslinking} | TherapeuticCargo={IFN-γ-stimulated ECM} | TargetCell={Chondrocytes/cartilage progenitors; Mesenchymal stem/stromal cells} | ValidationStage={Cell; Ex vivo; Small Animal}","FS0459","EV001169; EV001171; EV001172; EV001173; EV001174; EV001175; EV001176; EV001177; EV001178; EV001179; EV001806"
"CQ15","LT-NPs nanoplatform","MaterialPlatform -[USES]-> DesignMode: Nanoparticle/nanoplatform | MaterialPlatform -[COMPOSED_OF]-> MaterialComposition: DSPE-PEG2000; DSPE-TK-PEG2000; TPA-TCNQ-loaded nanoparticles | MaterialPlatform -[FABRICATED_BY]-> FabricationStrategy: Co-assembly of cargo with DSPE-TK-PEG2000 and DSPE-PEG2000 into nanomicelles | MaterialPlatform -[RESPONDS_TO]-> Stimulus: ROS | MaterialPlatform -[DELIVERS]-> TherapeuticCargo: Licochalcone A; TPA-TCNQ | MaterialPlatform -[RELEASES]-> TherapeuticCargo: Licochalcone A | MaterialPlatform -[TARGETS]-> TargetCell: Macrophages/innate immune cells; Tenocytes/tendon progenitors | MaterialPlatform -[VALIDATED_AT]-> ValidationStage: Cell; Small Animal","DesignMode={Nanoparticle/nanoplatform} | MaterialComposition={DSPE-PEG2000; DSPE-TK-PEG2000; TPA-TCNQ-loaded nanoparticles} | FabricationStrategy={Co-assembly of cargo with DSPE-TK-PEG2000 and DSPE-PEG2000 into nanomicelles} | Stimulus={ROS} | TherapeuticCargo={Licochalcone A; TPA-TCNQ} | TherapeuticCargo={Licochalcone A} | TargetCell={Macrophages/innate immune cells; Tenocytes/tendon progenitors} | ValidationStage={Cell; Small Animal}","FS0462","EV001186; EV001187; EV001188; EV001189; EV001190; EV001191; EV001192; EV001193; EV001194; EV001195; EV001196; EV001197; EV001198"
"CQ15","HydroWrap hydrogen-sulfide-delivery hydrogel","MaterialPlatform -[USES]-> DesignMode: Hydrogel | MaterialPlatform -[COMPOSED_OF]-> MaterialComposition: Glucose-responsive hydrogel matrix | MaterialPlatform -[RESPONDS_TO]-> Stimulus: NIR light | MaterialPlatform -[DELIVERS]-> TherapeuticCargo: Hydrogen sulfide (H2S) | MaterialPlatform -[RELEASES]-> TherapeuticCargo: Hydrogen sulfide (H2S) | MaterialPlatform -[TARGETS]-> TargetCell: Macrophages/innate immune cells | MaterialPlatform -[MODULATES]-> Mechanism: NF-κB/SASP/inflammatory signaling | MaterialPlatform -[PROMOTES]-> RegenerativeEndpoint: Bone regeneration/osteogenesis | MaterialPlatform -[VALIDATED_AT]-> ValidationStage: Cell; Small Animal","DesignMode={Hydrogel} | MaterialComposition={Glucose-responsive hydrogel matrix} | Stimulus={NIR light} | TherapeuticCargo={Hydrogen sulfide (H2S)} | TherapeuticCargo={Hydrogen sulfide (H2S)} | TargetCell={Macrophages/innate immune cells} | Mechanism={NF-κB/SASP/inflammatory signaling} | RegenerativeEndpoint={Bone regeneration/osteogenesis} | ValidationStage={Cell; Small Animal}","FS0472","EV001221; EV001222; EV001223; EV001224; EV001225; EV001226; EV001227; EV001228; EV001229; EV001811"
"CQ15","3D-printed titanium scaffolds coated with a multifunctional photothermal-responsive hydrogel","MaterialPlatform -[USES]-> DesignMode: Coating/surface; Hydrogel; Scaffold | MaterialPlatform -[FABRICATED_BY]-> FabricationStrategy: 3D printing/bioprinting; Surface coating | MaterialPlatform -[RESPONDS_TO]-> Stimulus: NIR light | MaterialPlatform -[TARGETS]-> TargetCell: Macrophages/innate immune cells; Mesenchymal stem/stromal cells | MaterialPlatform -[MODULATES]-> Mechanism: ROS/oxidative-stress control | MaterialPlatform -[PROMOTES]-> RegenerativeEndpoint: Bone regeneration/osteogenesis | MaterialPlatform -[VALIDATED_AT]-> ValidationStage: Cell; Small Animal","DesignMode={Coating/surface; Hydrogel; Scaffold} | FabricationStrategy={3D printing/bioprinting; Surface coating} | Stimulus={NIR light} | TargetCell={Macrophages/innate immune cells; Mesenchymal stem/stromal cells} | Mechanism={ROS/oxidative-stress control} | RegenerativeEndpoint={Bone regeneration/osteogenesis} | ValidationStage={Cell; Small Animal}","FS0487","EV001241; EV001242; EV001243; EV001244; EV001245; EV001246; EV001247; EV001248; EV001249; EV001250; EV001251; EV001813"
"CQ15","EGCG@MAB hydrogel","MaterialPlatform -[USES]-> DesignMode: Hydrogel | MaterialPlatform -[FABRICATED_BY]-> FabricationStrategy: Dynamic covalent crosslinking; Schiff-base/hydrazone crosslinking; Self-assembly; Sol–gel synthesis; Surface coating | MaterialPlatform -[RESPONDS_TO]-> Stimulus: Acidic pH; ROS | MaterialPlatform -[DELIVERS]-> TherapeuticCargo: stem cells | MaterialPlatform -[TARGETS]-> TargetCell: Senescent cells | MaterialPlatform -[MODULATES]-> Mechanism: Mitochondrial homeostasis/mitophagy | MaterialPlatform -[PROMOTES]-> RegenerativeEndpoint: Wound healing/skin regeneration | MaterialPlatform -[VALIDATED_AT]-> ValidationStage: Cell; Small Animal","DesignMode={Hydrogel} | FabricationStrategy={Dynamic covalent crosslinking; Schiff-base/hydrazone crosslinking; Self-assembly; Sol–gel synthesis; Surface coating} | Stimulus={Acidic pH; ROS} | TherapeuticCargo={stem cells} | TargetCell={Senescent cells} | Mechanism={Mitochondrial homeostasis/mitophagy} | RegenerativeEndpoint={Wound healing/skin regeneration} | ValidationStage={Cell; Small Animal}","FS0490","EV001252; EV001253; EV001254; EV001255; EV001256; EV001257; EV001258; EV001259; EV001260; EV001261; EV001262; EV001263; EV001264; EV001814"
"CQ15","Tannic-acid-loaded calcium-alginate/silk-fibroin-peptide/Bletilla-polysaccharide microspheres","MaterialPlatform -[COMPOSED_OF]-> MaterialComposition: Bletilla striata polysaccharide; Calcium alginate; silk-fibroin peptide; tannic acid | MaterialPlatform -[FABRICATED_BY]-> FabricationStrategy: Emulsion fabrication | MaterialPlatform -[DELIVERS]-> TherapeuticCargo: tannic acid | MaterialPlatform -[RELEASES]-> TherapeuticCargo: Calcium ions (Ca2+); tannic acid | MaterialPlatform -[TARGETS]-> TargetCell: Fibroblasts/keratinocytes/skin cells | MaterialPlatform -[PROMOTES]-> RegenerativeEndpoint: Wound healing/skin regeneration | MaterialPlatform -[VALIDATED_AT]-> ValidationStage: Cell; Small Animal","MaterialComposition={Bletilla striata polysaccharide; Calcium alginate; silk-fibroin peptide; tannic acid} | FabricationStrategy={Emulsion fabrication} | TherapeuticCargo={tannic acid} | TherapeuticCargo={Calcium ions (Ca2+); tannic acid} | TargetCell={Fibroblasts/keratinocytes/skin cells} | RegenerativeEndpoint={Wound healing/skin regeneration} | ValidationStage={Cell; Small Animal}","FS0507","EV001278; EV001279; EV001280; EV001281; EV001282; EV001283; EV001284; EV001285; EV001286; EV001287; EV001288; EV001289"
"CQ15","Metformin-loaded HA/gelatin electrospun nanofibers","MaterialPlatform -[COMPOSED_OF]-> MaterialComposition: gelatin; Hyaluronic acid; metformin | MaterialPlatform -[FABRICATED_BY]-> FabricationStrategy: Electrospinning | MaterialPlatform -[DELIVERS]-> TherapeuticCargo: metformin | MaterialPlatform -[TARGETS]-> TargetCell: Mesenchymal stem/stromal cells | MaterialPlatform -[VALIDATED_AT]-> ValidationStage: Cell; Human-derived","MaterialComposition={gelatin; Hyaluronic acid; metformin} | FabricationStrategy={Electrospinning} | TherapeuticCargo={metformin} | TargetCell={Mesenchymal stem/stromal cells} | ValidationStage={Cell; Human-derived}","FS0526","EV001306; EV001307; EV001308; EV001309; EV001310; EV001311; EV001312; EV001313"
"CQ15","F@GP galactose-modified Fe3O4-loaded PLGA nanoparticles","MaterialPlatform -[USES]-> DesignMode: Nanoparticle/nanoplatform | MaterialPlatform -[COMPOSED_OF]-> MaterialComposition: Fe3O4 nanoparticles; galactose; PLGA | MaterialPlatform -[RESPONDS_TO]-> Stimulus: Acidic pH; Magnetic field; β-galactosidase | MaterialPlatform -[DELIVERS]-> TherapeuticCargo: Fe3O4 nanoparticles | MaterialPlatform -[RELEASES]-> TherapeuticCargo: Iron ions | MaterialPlatform -[TARGETS]-> TargetCell: Senescent cells | MaterialPlatform -[VALIDATED_AT]-> ValidationStage: Cell; Small Animal","DesignMode={Nanoparticle/nanoplatform} | MaterialComposition={Fe3O4 nanoparticles; galactose; PLGA} | Stimulus={Acidic pH; Magnetic field; β-galactosidase} | TherapeuticCargo={Fe3O4 nanoparticles} | TherapeuticCargo={Iron ions} | TargetCell={Senescent cells} | ValidationStage={Cell; Small Animal}","FS0534","EV001314; EV001315; EV001316; EV001317; EV001318; EV001319; EV001320; EV001321; EV001322; EV001815; EV001890; EV001891"
"CQ15","ZIF-8/resveratrol nanoformulation","MaterialPlatform -[USES]-> DesignMode: Nanoparticle/nanoplatform | MaterialPlatform -[RESPONDS_TO]-> Stimulus: Acidic pH | MaterialPlatform -[DELIVERS]-> TherapeuticCargo: resveratrol | MaterialPlatform -[TARGETS]-> TargetCell: Endothelial/vascular cells; Macrophages/innate immune cells; Mesenchymal stem/stromal cells; Osteoblasts/osteocytes/osteoclasts; Senescent cells | MaterialPlatform -[PROMOTES]-> RegenerativeEndpoint: Bone regeneration/osteogenesis | MaterialPlatform -[VALIDATED_AT]-> ValidationStage: Cell; Human-derived","DesignMode={Nanoparticle/nanoplatform} | Stimulus={Acidic pH} | TherapeuticCargo={resveratrol} | TargetCell={Endothelial/vascular cells; Macrophages/innate immune cells; Mesenchymal stem/stromal cells; Osteoblasts/osteocytes/osteoclasts; Senescent cells} | RegenerativeEndpoint={Bone regeneration/osteogenesis} | ValidationStage={Cell; Human-derived}","FS0538","EV001332; EV001333; EV001334; EV001335; EV001336; EV001337; EV001338; EV001339; EV001340; EV001341; EV001817"
"CQ15","α-Klotho gene-activated scaffold","MaterialPlatform -[USES]-> DesignMode: Scaffold | MaterialPlatform -[COMPOSED_OF]-> MaterialComposition: Collagen–chondroitin sulfate | MaterialPlatform -[FABRICATED_BY]-> FabricationStrategy: Freeze-drying/lyophilization | MaterialPlatform -[TARGETS]-> TargetCell: Endothelial/vascular cells; Mesenchymal stem/stromal cells | MaterialPlatform -[MODULATES]-> Mechanism: Angiogenic/HIF–VEGF signaling | MaterialPlatform -[PROMOTES]-> RegenerativeEndpoint: Wound healing/skin regeneration | MaterialPlatform -[VALIDATED_AT]-> ValidationStage: Cell","DesignMode={Scaffold} | MaterialComposition={Collagen–chondroitin sulfate} | FabricationStrategy={Freeze-drying/lyophilization} | TargetCell={Endothelial/vascular cells; Mesenchymal stem/stromal cells} | Mechanism={Angiogenic/HIF–VEGF signaling} | RegenerativeEndpoint={Wound healing/skin regeneration} | ValidationStage={Cell}","FS0598","EV001383; EV001384; EV001385; EV001386; EV001387; EV001388; EV001389; EV001390"
"CQ15","Baghdadite Ceramics","MaterialPlatform -[USES]-> DesignMode: Ceramic/bioceramic | MaterialPlatform -[COMPOSED_OF]-> MaterialComposition: approximately 40% HA | MaterialPlatform -[FABRICATED_BY]-> FabricationStrategy: 3D printing/bioprinting | MaterialPlatform -[TARGETS]-> TargetCell: Osteoblasts/osteocytes/osteoclasts; Senescent cells | MaterialPlatform -[MODULATES]-> Mechanism: Mitochondrial homeostasis/mitophagy | MaterialPlatform -[VALIDATED_AT]-> ValidationStage: Cell; Small Animal","DesignMode={Ceramic/bioceramic} | MaterialComposition={approximately 40% HA} | FabricationStrategy={3D printing/bioprinting} | TargetCell={Osteoblasts/osteocytes/osteoclasts; Senescent cells} | Mechanism={Mitochondrial homeostasis/mitophagy} | ValidationStage={Cell; Small Animal}","FS0642","EV001407; EV001408; EV001409; EV001410; EV001411; EV001412; EV001413; EV001826"
"CQ15","Recombinant-Yap1-loaded platelet-derived exosomes","MaterialPlatform -[USES]-> DesignMode: Hydrogel | MaterialPlatform -[COMPOSED_OF]-> MaterialComposition: recombinant YAP1 | MaterialPlatform -[FABRICATED_BY]-> FabricationStrategy: 3D printing/bioprinting | MaterialPlatform -[DELIVERS]-> TherapeuticCargo: Exosomes | MaterialPlatform -[RELEASES]-> TherapeuticCargo: Exosomes | MaterialPlatform -[TARGETS]-> TargetCell: Tenocytes/tendon progenitors | MaterialPlatform -[VALIDATED_AT]-> ValidationStage: Cell; Small Animal","DesignMode={Hydrogel} | MaterialComposition={recombinant YAP1} | FabricationStrategy={3D printing/bioprinting} | TherapeuticCargo={Exosomes} | TherapeuticCargo={Exosomes} | TargetCell={Tenocytes/tendon progenitors} | ValidationStage={Cell; Small Animal}","FS0651","EV001423; EV001424; EV001425; EV001426; EV001427; EV001428; EV001429; EV001431"
"CQ15","Quercetin/HA-loaded TG-18 hydrogel","MaterialPlatform -[USES]-> DesignMode: Hydrogel | MaterialPlatform -[COMPOSED_OF]-> MaterialComposition: Glycerol monostearate (TG-18); Quercetin | MaterialPlatform -[FABRICATED_BY]-> FabricationStrategy: Self-assembly | MaterialPlatform -[RESPONDS_TO]-> Stimulus: Senescence-associated esterase/SASP-associated enzymatic milieu | MaterialPlatform -[DELIVERS]-> TherapeuticCargo: quercetin | MaterialPlatform -[RELEASES]-> TherapeuticCargo: quercetin | MaterialPlatform -[TARGETS]-> TargetCell: Mesenchymal stem/stromal cells; Senescent cells | MaterialPlatform -[PROMOTES]-> RegenerativeEndpoint: Bone regeneration/osteogenesis | MaterialPlatform -[VALIDATED_AT]-> ValidationStage: Cell; Small Animal","DesignMode={Hydrogel} | MaterialComposition={Glycerol monostearate (TG-18); Quercetin} | FabricationStrategy={Self-assembly} | Stimulus={Senescence-associated esterase/SASP-associated enzymatic milieu} | TherapeuticCargo={quercetin} | TherapeuticCargo={quercetin} | TargetCell={Mesenchymal stem/stromal cells; Senescent cells} | RegenerativeEndpoint={Bone regeneration/osteogenesis} | ValidationStage={Cell; Small Animal}","FS0657","EV001436; EV001437; EV001439; EV001440; EV001441; EV001442; EV001443; EV001444; EV001445; EV001446; EV001828; EV001829"
"CQ15","QCS-OST@Exos self-healing hydrogel","MaterialPlatform -[USES]-> DesignMode: Hydrogel | MaterialPlatform -[COMPOSED_OF]-> MaterialComposition: oxidized starch | MaterialPlatform -[FABRICATED_BY]-> FabricationStrategy: Schiff-base/hydrazone crosslinking | MaterialPlatform -[RESPONDS_TO]-> Stimulus: Mechanical force | MaterialPlatform -[TARGETS]-> TargetCell: Nucleus pulposus/annulus fibrosus cells | MaterialPlatform -[PROMOTES]-> RegenerativeEndpoint: Intervertebral-disc regeneration | MaterialPlatform -[VALIDATED_AT]-> ValidationStage: Cell; Small Animal","DesignMode={Hydrogel} | MaterialComposition={oxidized starch} | FabricationStrategy={Schiff-base/hydrazone crosslinking} | Stimulus={Mechanical force} | TargetCell={Nucleus pulposus/annulus fibrosus cells} | RegenerativeEndpoint={Intervertebral-disc regeneration} | ValidationStage={Cell; Small Animal}","FS0704","EV001469; EV001470; EV001471; EV001472; EV001473; EV001474; EV001475; EV001476"
"CQ15","Curcumin/ZSM-5 electrospun nanofibers","MaterialPlatform -[USES]-> DesignMode: Fiber/membrane | MaterialPlatform -[COMPOSED_OF]-> MaterialComposition: Curcumin; ZSM-5 | MaterialPlatform -[FABRICATED_BY]-> FabricationStrategy: Electrospinning; Hydrothermal synthesis | MaterialPlatform -[RELEASES]-> TherapeuticCargo: Curcumin | MaterialPlatform -[TARGETS]-> TargetCell: Mesenchymal stem/stromal cells | MaterialPlatform -[VALIDATED_AT]-> ValidationStage: Cell","DesignMode={Fiber/membrane} | MaterialComposition={Curcumin; ZSM-5} | FabricationStrategy={Electrospinning; Hydrothermal synthesis} | TherapeuticCargo={Curcumin} | TargetCell={Mesenchymal stem/stromal cells} | ValidationStage={Cell}","FS0726","EV001489; EV001490; EV001491; EV001492; EV001493; EV001494; EV001495; EV001496"
"CQ15","Gelatin-microcarrier-based MSC microtissues","MaterialPlatform -[USES]-> DesignMode: Hydrogel | MaterialPlatform -[COMPOSED_OF]-> MaterialComposition: Gelatin microcarriers | MaterialPlatform -[FABRICATED_BY]-> FabricationStrategy: 3D printing/bioprinting; Self-assembly | MaterialPlatform -[TARGETS]-> TargetCell: Mesenchymal stem/stromal cells | MaterialPlatform -[MODULATES]-> Mechanism: Apoptosis/cell-survival regulation | MaterialPlatform -[PROMOTES]-> RegenerativeEndpoint: Neural regeneration/function | MaterialPlatform -[VALIDATED_AT]-> ValidationStage: Cell; Small Animal","DesignMode={Hydrogel} | MaterialComposition={Gelatin microcarriers} | FabricationStrategy={3D printing/bioprinting; Self-assembly} | TargetCell={Mesenchymal stem/stromal cells} | Mechanism={Apoptosis/cell-survival regulation} | RegenerativeEndpoint={Neural regeneration/function} | ValidationStage={Cell; Small Animal}","FS0738","EV001505; EV001506; EV001507; EV001508; EV001509; EV001510; EV001511; EV001512; EV001513"
"CQ15","ASD all-in-one smart hydrogel dressing","MaterialPlatform -[USES]-> DesignMode: Patch/dressing | MaterialPlatform -[COMPOSED_OF]-> MaterialComposition: CXCL12; GelMA; ginsenoside Rg1 | MaterialPlatform -[RESPONDS_TO]-> Stimulus: Acidic pH | MaterialPlatform -[DELIVERS]-> TherapeuticCargo: CXCL12; Ginsenoside Rg1; Ligustroflavone | MaterialPlatform -[RELEASES]-> TherapeuticCargo: Cobalt ions (Co2+); CXCL12; Ginsenoside Rg1; Ligustroflavone | MaterialPlatform -[TARGETS]-> TargetCell: Mesenchymal stem/stromal cells | MaterialPlatform -[PROMOTES]-> RegenerativeEndpoint: Wound healing/skin regeneration | MaterialPlatform -[VALIDATED_AT]-> ValidationStage: Cell; Small Animal","DesignMode={Patch/dressing} | MaterialComposition={CXCL12; GelMA; ginsenoside Rg1} | Stimulus={Acidic pH} | TherapeuticCargo={CXCL12; Ginsenoside Rg1; Ligustroflavone} | TherapeuticCargo={Cobalt ions (Co2+); CXCL12; Ginsenoside Rg1; Ligustroflavone} | TargetCell={Mesenchymal stem/stromal cells} | RegenerativeEndpoint={Wound healing/skin regeneration} | ValidationStage={Cell; Small Animal}","FS0810","EV001557; EV001558; EV001559; EV001560; EV001561; EV001562; EV001563; EV001564; EV001565; EV001566; EV001567; EV001568; EV001569; EV001570; EV001836; EV001837"
"CQ15","Nanocatalytic MOF-coated titanium implant","MaterialPlatform -[USES]-> DesignMode: Coating/surface | MaterialPlatform -[COMPOSED_OF]-> MaterialComposition: metal-organic-framework coating; Titanium implant | MaterialPlatform -[FABRICATED_BY]-> FabricationStrategy: Hydrothermal synthesis; Surface coating | MaterialPlatform -[RESPONDS_TO]-> Stimulus: Acidic pH | MaterialPlatform -[TARGETS]-> TargetCell: Mesenchymal stem/stromal cells | MaterialPlatform -[PROMOTES]-> RegenerativeEndpoint: Bone regeneration/osteogenesis | MaterialPlatform -[VALIDATED_AT]-> ValidationStage: Cell; Small Animal","DesignMode={Coating/surface} | MaterialComposition={metal-organic-framework coating; Titanium implant} | FabricationStrategy={Hydrothermal synthesis; Surface coating} | Stimulus={Acidic pH} | TargetCell={Mesenchymal stem/stromal cells} | RegenerativeEndpoint={Bone regeneration/osteogenesis} | ValidationStage={Cell; Small Animal}","FS0834","EV001577; EV001578; EV001579; EV001580; EV001581; EV001582; EV001583; EV001584; EV001585; EV001841"
"CQ15","GLRX3+ extracellular-vesicle redox-modulatory hydrogel","MaterialPlatform -[USES]-> DesignMode: Hydrogel | MaterialPlatform -[COMPOSED_OF]-> MaterialComposition: hydrogel matrix | MaterialPlatform -[RESPONDS_TO]-> Stimulus: ROS | MaterialPlatform -[TARGETS]-> TargetCell: Mesenchymal stem/stromal cells; Nucleus pulposus/annulus fibrosus cells | MaterialPlatform -[MODULATES]-> Mechanism: ROS/oxidative-stress control | MaterialPlatform -[PROMOTES]-> RegenerativeEndpoint: Intervertebral-disc regeneration | MaterialPlatform -[VALIDATED_AT]-> ValidationStage: Cell; Small Animal","DesignMode={Hydrogel} | MaterialComposition={hydrogel matrix} | Stimulus={ROS} | TargetCell={Mesenchymal stem/stromal cells; Nucleus pulposus/annulus fibrosus cells} | Mechanism={ROS/oxidative-stress control} | RegenerativeEndpoint={Intervertebral-disc regeneration} | ValidationStage={Cell; Small Animal}","FS0913","EV001633; EV001634; EV001635; EV001636; EV001637; EV001638; EV001639; EV001640; EV001904"
"CQ15","Hierarchically patterned porous honey/silk-fibroin scaffold","MaterialPlatform -[USES]-> DesignMode: Scaffold | MaterialPlatform -[COMPOSED_OF]-> MaterialComposition: Honey; silk fibroin | MaterialPlatform -[FABRICATED_BY]-> FabricationStrategy: Freeze-drying/lyophilization; Template molding/replication | MaterialPlatform -[DELIVERS]-> TherapeuticCargo: Honey | MaterialPlatform -[TARGETS]-> TargetCell: Mesenchymal stem/stromal cells | MaterialPlatform -[VALIDATED_AT]-> ValidationStage: Cell","DesignMode={Scaffold} | MaterialComposition={Honey; silk fibroin} | FabricationStrategy={Freeze-drying/lyophilization; Template molding/replication} | TherapeuticCargo={Honey} | TargetCell={Mesenchymal stem/stromal cells} | ValidationStage={Cell}","FS0956","EV001663; EV001664; EV001665; EV001666; EV001667; EV001668; EV001669; EV001670"
"CQ15","Hairyvein-agrimony-nanovesicle-loaded microneedles","MaterialPlatform -[USES]-> DesignMode: Microneedle | MaterialPlatform -[DELIVERS]-> TherapeuticCargo: Hairyvein agrimony-derived nanovesicles (HA-NVs) | MaterialPlatform -[RELEASES]-> TherapeuticCargo: Hairyvein agrimony-derived nanovesicles (HA-NVs) | MaterialPlatform -[TARGETS]-> TargetCell: Endothelial/vascular cells; Fibroblasts/keratinocytes/skin cells; Macrophages/innate immune cells | MaterialPlatform -[PROMOTES]-> RegenerativeEndpoint: Bone regeneration/osteogenesis | MaterialPlatform -[VALIDATED_AT]-> ValidationStage: Cell; Human-derived; Small Animal","DesignMode={Microneedle} | TherapeuticCargo={Hairyvein agrimony-derived nanovesicles (HA-NVs)} | TherapeuticCargo={Hairyvein agrimony-derived nanovesicles (HA-NVs)} | TargetCell={Endothelial/vascular cells; Fibroblasts/keratinocytes/skin cells; Macrophages/innate immune cells} | RegenerativeEndpoint={Bone regeneration/osteogenesis} | ValidationStage={Cell; Human-derived; Small Animal}","FS1040","EV001685; EV001686; EV001687; EV001688; EV001689; EV001690; EV001691; EV001692; EV001693; EV001694"
"CQ15","EMHS HxMoO3-loaded bone-targeting lipid nanoparticles","MaterialPlatform -[USES]-> DesignMode: Nanoparticle/nanoplatform | MaterialPlatform -[COMPOSED_OF]-> MaterialComposition: HxMoO3; phospholipid/PEOz | MaterialPlatform -[FABRICATED_BY]-> FabricationStrategy: Surface coating | MaterialPlatform -[RESPONDS_TO]-> Stimulus: Acidic pH | MaterialPlatform -[TARGETS]-> TargetCell: Endothelial/vascular cells; Mesenchymal stem/stromal cells | MaterialPlatform -[MODULATES]-> Mechanism: Mitochondrial homeostasis/mitophagy | MaterialPlatform -[PROMOTES]-> RegenerativeEndpoint: Bone regeneration/osteogenesis | MaterialPlatform -[VALIDATED_AT]-> ValidationStage: Cell; Human-derived; Small Animal","DesignMode={Nanoparticle/nanoplatform} | MaterialComposition={HxMoO3; phospholipid/PEOz} | FabricationStrategy={Surface coating} | Stimulus={Acidic pH} | TargetCell={Endothelial/vascular cells; Mesenchymal stem/stromal cells} | Mechanism={Mitochondrial homeostasis/mitophagy} | RegenerativeEndpoint={Bone regeneration/osteogenesis} | ValidationStage={Cell; Human-derived; Small Animal}","FS1052","EV001695; EV001696; EV001697; EV001698; EV001699; EV001700; EV001701; EV001702; EV001703; EV001705; EV001706; EV001844"
"CQ15","HPTC ECM-mimetic injectable hydrogel","MaterialPlatform -[USES]-> DesignMode: Hydrogel | MaterialPlatform -[COMPOSED_OF]-> MaterialComposition: HA-PBA | MaterialPlatform -[RESPONDS_TO]-> Stimulus: Mechanical force | MaterialPlatform -[TARGETS]-> TargetCell: Nucleus pulposus/annulus fibrosus cells | MaterialPlatform -[PROMOTES]-> RegenerativeEndpoint: Intervertebral-disc regeneration | MaterialPlatform -[VALIDATED_AT]-> ValidationStage: Cell; Ex vivo; Small Animal","DesignMode={Hydrogel} | MaterialComposition={HA-PBA} | Stimulus={Mechanical force} | TargetCell={Nucleus pulposus/annulus fibrosus cells} | RegenerativeEndpoint={Intervertebral-disc regeneration} | ValidationStage={Cell; Ex vivo; Small Animal}","FS1054","EV001707; EV001708; EV001709; EV001710; EV001711; EV001712; EV001713; EV001906"
