"Evidence_ID","Edge_ID","Record_ID","DOI","Evidence_source","Evidence_location","Evidence_strength","Evidence_excerpt_available_locally"
"EV000001","E000001","FS0001","10.1016/j.bioactmat.2025.12.052","Abstract","PDF p.1/Abstract","Medium",TRUE
"EV000002","E000002","FS0001","10.1016/j.bioactmat.2025.12.052","Results","PDF p.3/Results","High",TRUE
"EV000003","E000003","FS0001","10.1016/j.bioactmat.2025.12.052","Results","PDF p.2/Results","High",TRUE
"EV000004","E000004","FS0001","10.1016/j.bioactmat.2025.12.052","Abstract","PDF p.1/Abstract","Medium",TRUE
"EV000005","E000005","FS0001","10.1016/j.bioactmat.2025.12.052","Results","PDF p.9/Results","High",TRUE
"EV000006","E000006","FS0001","10.1016/j.bioactmat.2025.12.052","Methods","PDF p.14/Methods","High",TRUE
"EV000007","E000007","FS0001","10.1016/j.bioactmat.2025.12.052","Results","PDF p.9/Results","High",TRUE
"EV000008","E000008","FS0005","10.1016/j.biomaterials.2026.124195","Results","PDF p.6/Results","High",TRUE
"EV000009","E000009","FS0005","10.1016/j.biomaterials.2026.124195","Abstract","PDF p.2/Abstract","High",TRUE
"EV000010","E000010","FS0007","10.1039/d5tb01165e","Results","PDF p.3/Results","High",TRUE
"EV000011","E000011","FS0007","10.1039/d5tb01165e","Methods","PDF p.13/Methods","High",TRUE
"EV000012","E000012","FS0007","10.1039/d5tb01165e","Methods","PDF p.12/Methods","High",TRUE
"EV000013","E000013","FS0007","10.1039/d5tb01165e","Methods","PDF p.12/Methods","High",TRUE
"EV000014","E000014","FS0007","10.1039/d5tb01165e","Methods","PDF p.13/Methods","High",TRUE
"EV000015","E000015","FS0007","10.1039/d5tb01165e","Methods","PDF p.14/Methods","High",TRUE
"EV000016","E000016","FS0009","10.1016/j.cej.2024.153661","Results","PDF p.3/Results","High",TRUE
"EV000017","E000017","FS0009","10.1016/j.cej.2024.153661","Methods","PDF p.13/Methods","High",TRUE
"EV000018","E000018","FS0009","10.1016/j.cej.2024.153661","Methods","PDF p.13/Methods","High",TRUE
"EV000019","E000019","FS0009","10.1016/j.cej.2024.153661","Methods","PDF p.13/Methods","High",TRUE
"EV000020","E000020","FS0009","10.1016/j.cej.2024.153661","Results","PDF p.9/Results","High",TRUE
"EV000021","E000021","FS0009","10.1016/j.cej.2024.153661","Results","PDF p.4/Results","High",TRUE
"EV000022","E000022","FS0009","10.1016/j.cej.2024.153661","Results","PDF p.6/Results","High",TRUE
"EV000023","E000023","FS0009","10.1016/j.cej.2024.153661","Abstract","PDF p.13/Abstract","High",TRUE
"EV000024","E000024","FS0009","10.1016/j.cej.2024.153661","Abstract","PDF p.9/Abstract","High",TRUE
"EV000025","E000025","FS0011","10.1021/acsami.5c15449","Results","PDF p.4/Results","Medium",TRUE
"EV000026","E000026","FS0011","10.1021/acsami.5c15449","Abstract","PDF p.7/Abstract","High",TRUE
"EV000027","E000027","FS0011","10.1021/acsami.5c15449","Abstract","PDF p.5/Abstract","High",TRUE
"EV000028","E000028","FS0013","10.1016/j.nantod.2026.103043","Results","PDF p.5/Results","High",TRUE
"EV000029","E000029","FS0013","10.1016/j.nantod.2026.103043","Results","PDF p.8/Results","High",TRUE
"EV000030","E000030","FS0013","10.1016/j.nantod.2026.103043","Methods","PDF p.6/Methods","High",TRUE
"EV000031","E000031","FS0013","10.1016/j.nantod.2026.103043","Methods","PDF p.11/Methods","High",TRUE
"EV000032","E000032","FS0016","10.1002/adma.202521645","Abstract","PDF p.1/Abstract","Medium",TRUE
"EV000033","E000033","FS0016","10.1002/adma.202521645","Abstract","PDF p.1/Abstract","High",TRUE
"EV000034","E000034","FS0016","10.1002/adma.202521645","Abstract","PDF p.1/Abstract","Medium",TRUE
"EV000035","E000035","FS0016","10.1002/adma.202521645","Results","PDF p.12/Results","Medium",TRUE
"EV000036","E000036","FS0018","10.1002/adma.202306552","Results","PDF p.3/Results","High",TRUE
"EV000037","E000037","FS0020","10.1039/d5tb00965k","Methods","PDF p.4/Methods","High",TRUE
"EV000038","E000038","FS0020","10.1039/d5tb00965k","Results","PDF p.6/Results","High",TRUE
"EV000039","E000039","FS0020","10.1039/d5tb00965k","Figure","PDF p.2/Figure","High",TRUE
"EV000040","E000040","FS0020","10.1039/d5tb00965k","Results","PDF p.5/Results","High",TRUE
"EV000041","E000041","FS0020","10.1039/d5tb00965k","Methods","PDF p.4/Methods","High",TRUE
"EV000042","E000042","FS0020","10.1039/d5tb00965k","Results","PDF p.6/Results","High",TRUE
"EV000043","E000043","FS0020","10.1039/d5tb00965k","Methods","PDF p.9/Methods","High",TRUE
"EV000044","E000044","FS0020","10.1039/d5tb00965k","Methods","PDF p.9/Methods","High",TRUE
"EV000045","E000045","FS0021","10.1002/adma.202523197","Abstract","PDF p.1/Abstract","Medium",TRUE
"EV000046","E000046","FS0021","10.1002/adma.202523197","Abstract","PDF p.1/Abstract","Medium",TRUE
"EV000047","E000047","FS0021","10.1002/adma.202523197","Results","PDF p.9/Results","High",TRUE
"EV000048","E000048","FS0022","10.1016/j.bioactmat.2024.05.036","Results","PDF p.4/Results","High",TRUE
"EV000049","E000049","FS0022","10.1016/j.bioactmat.2024.05.036","Results","PDF p.8/Results","High",TRUE
"EV000050","E000050","FS0022","10.1016/j.bioactmat.2024.05.036","Results","PDF p.10/Results","High",TRUE
"EV000051","E000051","FS0022","10.1016/j.bioactmat.2024.05.036","Results","PDF p.7/Results","High",TRUE
"EV000052","E000052","FS0022","10.1016/j.bioactmat.2024.05.036","Results","PDF p.2/Results","High",TRUE
"EV000053","E000053","FS0022","10.1016/j.bioactmat.2024.05.036","Results","PDF p.10/Results","High",TRUE
"EV000054","E000054","FS0022","10.1016/j.bioactmat.2024.05.036","Results","PDF p.4/Results","High",TRUE
"EV000055","E000055","FS0022","10.1016/j.bioactmat.2024.05.036","Abstract","PDF p.1/Abstract","High",TRUE
"EV000056","E000056","FS0022","10.1016/j.bioactmat.2024.05.036","Methods","PDF p.1/Methods","High",TRUE
"EV000057","E000057","FS0022","10.1016/j.bioactmat.2024.05.036","Methods","PDF p.1/Methods","High",TRUE
"EV000058","E000058","FS0026","10.1016/j.jconrel.2025.114247","Methods","PDF p.3/Methods","High",TRUE
"EV000059","E000059","FS0026","10.1016/j.jconrel.2025.114247","Abstract","PDF p.1/Abstract","Medium",TRUE
"EV000060","E000060","FS0026","10.1016/j.jconrel.2025.114247","Methods","PDF p.3/Methods","High",TRUE
"EV000061","E000061","FS0026","10.1016/j.jconrel.2025.114247","Methods","PDF p.3/Methods","High",TRUE
"EV000062","E000062","FS0026","10.1016/j.jconrel.2025.114247","Methods","PDF p.4/Methods","High",TRUE
"EV000063","E000063","FS0026","10.1016/j.jconrel.2025.114247","Methods","PDF p.4/Methods","High",TRUE
"EV000064","E000064","FS0033","10.1016/j.jare.2026.01.054","Methods","PDF p.5/Methods","High",TRUE
"EV000065","E000065","FS0033","10.1016/j.jare.2026.01.054","Methods","PDF p.4/Methods","High",TRUE
"EV000066","E000066","FS0033","10.1016/j.jare.2026.01.054","Methods","PDF p.4/Methods","High",TRUE
"EV000067","E000067","FS0033","10.1016/j.jare.2026.01.054","Methods","PDF p.4/Methods","High",TRUE
"EV000068","E000068","FS0033","10.1016/j.jare.2026.01.054","Methods","PDF p.4/Methods","High",TRUE
"EV000069","E000069","FS0033","10.1016/j.jare.2026.01.054","Results","PDF p.9/Results","High",TRUE
"EV000070","E000070","FS0033","10.1016/j.jare.2026.01.054","Methods","PDF p.4/Methods","High",TRUE
"EV000071","E000071","FS0033","10.1016/j.jare.2026.01.054","Methods","PDF p.5/Methods","High",TRUE
"EV000073","E000073","FS0033","10.1016/j.jare.2026.01.054","Methods","PDF p.2/Methods","High",TRUE
"EV000074","E000074","FS0033","10.1016/j.jare.2026.01.054","Results","PDF p.9/Results","High",TRUE
"EV000075","E000075","FS0035","10.1002/smll.202508752","Results","PDF p.5/Results","High",TRUE
"EV000076","E000076","FS0035","10.1002/smll.202508752","Results","PDF p.11/Results","High",TRUE
"EV000077","E000077","FS0035","10.1002/smll.202508752","Results","PDF p.15/Results","High",TRUE
"EV000078","E000078","FS0036","10.1016/j.cej.2025.170469","Methods","PDF p.12/Methods","High",TRUE
"EV000079","E000079","FS0036","10.1016/j.cej.2025.170469","Results","PDF p.19/Results","High",TRUE
"EV000080","E000080","FS0036","10.1016/j.cej.2025.170469","Methods","PDF p.10/Methods","High",TRUE
"EV000081","E000081","FS0036","10.1016/j.cej.2025.170469","Results","PDF p.18/Results","High",TRUE
"EV000082","E000082","FS0036","10.1016/j.cej.2025.170469","Results","PDF p.20/Results","High",TRUE
"EV000083","E000083","FS0036","10.1016/j.cej.2025.170469","Results","PDF p.16/Results","Medium",TRUE
"EV000084","E000084","FS0036","10.1016/j.cej.2025.170469","Results","PDF p.28/Results","High",TRUE
"EV000085","E000085","FS0036","10.1016/j.cej.2025.170469","Results","PDF p.23/Results","High",TRUE
"EV000086","E000086","FS0036","10.1016/j.cej.2025.170469","Results","PDF p.22/Results","High",TRUE
"EV000087","E000087","FS0036","10.1016/j.cej.2025.170469","Results","PDF p.23/Results","High",TRUE
"EV000088","E000088","FS0036","10.1016/j.cej.2025.170469","Results","PDF p.26/Results","High",TRUE
"EV000089","E000089","FS0036","10.1016/j.cej.2025.170469","Methods","PDF p.10/Methods","High",TRUE
"EV000090","E000090","FS0036","10.1016/j.cej.2025.170469","Results","PDF p.30/Results","High",TRUE
"EV000091","E000091","FS0038","10.1016/j.biomaterials.2026.123989","Methods","PDF p.14/Methods","High",TRUE
"EV000092","E000092","FS0038","10.1016/j.biomaterials.2026.123989","Results","PDF p.4/Results","High",TRUE
"EV000093","E000093","FS0038","10.1016/j.biomaterials.2026.123989","Results","PDF p.7/Results","High",TRUE
"EV000094","E000094","FS0038","10.1016/j.biomaterials.2026.123989","Methods","PDF p.14/Methods","High",TRUE
"EV000095","E000095","FS0038","10.1016/j.biomaterials.2026.123989","Abstract","PDF p.4/Abstract","High",TRUE
"EV000096","E000096","FS0038","10.1016/j.biomaterials.2026.123989","Methods","PDF p.15/Methods","High",TRUE
"EV000097","E000097","FS0041","10.1016/j.bioactmat.2026.04.024","Abstract","PDF p.1/Abstract","Medium",TRUE
"EV000098","E000098","FS0041","10.1016/j.bioactmat.2026.04.024","Abstract","PDF p.1/Abstract","Medium",TRUE
"EV000099","E000099","FS0041","10.1016/j.bioactmat.2026.04.024","Abstract","PDF p.1/Abstract","Medium",TRUE
"EV000100","E000100","FS0041","10.1016/j.bioactmat.2026.04.024","Results","PDF p.7/Results","High",TRUE
"EV000101","E000101","FS0041","10.1016/j.bioactmat.2026.04.024","Results","PDF p.9/Results","High",TRUE
"EV000102","E000102","FS0041","10.1016/j.bioactmat.2026.04.024","Results","PDF p.9/Results","High",TRUE
"EV000103","E000103","FS0042","10.1021/acsnano.4c14874","Abstract","PDF p.1/Abstract","Medium",TRUE
"EV000104","E000104","FS0042","10.1021/acsnano.4c14874","Abstract","PDF p.1/Abstract","Medium",TRUE
"EV000105","E000105","FS0042","10.1021/acsnano.4c14874","Abstract","PDF p.1/Abstract","Medium",TRUE
"EV000106","E000106","FS0043","10.1016/j.bioadv.2026.214718","Methods","PDF p.2/Methods","High",TRUE
"EV000107","E000107","FS0043","10.1016/j.bioadv.2026.214718","Abstract","PDF p.1/Abstract","Medium",TRUE
"EV000108","E000108","FS0043","10.1016/j.bioadv.2026.214718","Results","PDF p.7/Results","High",TRUE
"EV000109","E000109","FS0043","10.1016/j.bioadv.2026.214718","Results","PDF p.8/Results","High",TRUE
"EV000110","E000110","FS0043","10.1016/j.bioadv.2026.214718","Results","PDF p.7/Results","High",TRUE
"EV000111","E000111","FS0043","10.1016/j.bioadv.2026.214718","Methods","PDF p.2/Methods","High",TRUE
"EV000112","E000112","FS0043","10.1016/j.bioadv.2026.214718","Results","PDF p.7/Results","High",TRUE
"EV000113","E000113","FS0044","10.1016/j.nantod.2025.102688","Results","PDF p.7/Results","High",TRUE
"EV000114","E000114","FS0044","10.1016/j.nantod.2025.102688","Methods","PDF p.12/Methods","High",TRUE
"EV000115","E000115","FS0044","10.1016/j.nantod.2025.102688","Methods","PDF p.12/Methods","High",TRUE
"EV000116","E000116","FS0044","10.1016/j.nantod.2025.102688","Methods","PDF p.12/Methods","High",TRUE
"EV000117","E000117","FS0044","10.1016/j.nantod.2025.102688","Methods","PDF p.12/Methods","High",TRUE
"EV000118","E000118","FS0044","10.1016/j.nantod.2025.102688","Results","PDF p.4/Results","High",TRUE
"EV000119","E000119","FS0044","10.1016/j.nantod.2025.102688","Methods","PDF p.12/Methods","High",TRUE
"EV000120","E000120","FS0044","10.1016/j.nantod.2025.102688","Results","PDF p.9/Results","High",TRUE
"EV000121","E000121","FS0044","10.1016/j.nantod.2025.102688","Results","PDF p.9/Results","High",TRUE
"EV000122","E000122","FS0044","10.1016/j.nantod.2025.102688","Results","PDF p.7/Results","High",TRUE
"EV000123","E000123","FS0044","10.1016/j.nantod.2025.102688","Methods","PDF p.13/Methods","High",TRUE
"EV000124","E000124","FS0044","10.1016/j.nantod.2025.102688","Methods","PDF p.13/Methods","High",TRUE
"EV000125","E000125","FS0044","10.1016/j.nantod.2025.102688","Results","PDF p.7/Results","High",TRUE
"EV000126","E000126","FS0044","10.1016/j.nantod.2025.102688","Results","PDF p.6/Results","High",TRUE
"EV000127","E000127","FS0048","10.1016/j.biomaterials.2024.122659","Results","PDF p.3/Results","High",TRUE
"EV000128","E000128","FS0048","10.1016/j.biomaterials.2024.122659","Results","PDF p.13/Results","High",TRUE
"EV000129","E000129","FS0048","10.1016/j.biomaterials.2024.122659","Results","PDF p.12/Results","High",TRUE
"EV000130","E000130","FS0048","10.1016/j.biomaterials.2024.122659","Results","PDF p.3/Results","High",TRUE
"EV000131","E000131","FS0048","10.1016/j.biomaterials.2024.122659","Results","PDF p.16/Results","High",TRUE
"EV000132","E000132","FS0048","10.1016/j.biomaterials.2024.122659","Results","PDF p.18/Results","High",TRUE
"EV000133","E000133","FS0049","10.1002/adma.72951","Abstract","PDF p.1/Abstract","Medium",TRUE
"EV000134","E000134","FS0049","10.1002/adma.72951","Figure","PDF p.3/Figure","High",TRUE
"EV000135","E000135","FS0049","10.1002/adma.72951","Methods","PDF p.17/Methods","High",TRUE
"EV000136","E000136","FS0050","10.1016/j.actbio.2024.01.044","Methods","PDF p.4/Methods","High",TRUE
"EV000137","E000137","FS0050","10.1016/j.actbio.2024.01.044","Results","PDF p.9/Results","High",TRUE
"EV000138","E000138","FS0054","10.1002/adhm.202501164","Methods","PDF p.11/Methods","High",TRUE
"EV000139","E000139","FS0056","10.1002/advs.202600014","Results","PDF p.2/Results","High",TRUE
"EV000140","E000140","FS0056","10.1002/advs.202600014","Abstract","PDF p.1/Abstract","Medium",TRUE
"EV000141","E000141","FS0056","10.1002/advs.202600014","Results","PDF p.2/Results","High",TRUE
"EV000142","E000142","FS0056","10.1002/advs.202600014","Results","PDF p.2/Results","High",TRUE
"EV000143","E000143","FS0056","10.1002/advs.202600014","Results","PDF p.8/Results","High",TRUE
"EV000144","E000144","FS0056","10.1002/advs.202600014","Results","PDF p.2/Results","High",TRUE
"EV000145","E000145","FS0056","10.1002/advs.202600014","Results","PDF p.9/Results","High",TRUE
"EV000146","E000146","FS0056","10.1002/advs.202600014","Methods","PDF p.17/Methods","High",TRUE
"EV000147","E000147","FS0058","10.1021/acsbiomaterials.4c02043","Results","PDF p.5/Results","High",TRUE
"EV000148","E000148","FS0058","10.1021/acsbiomaterials.4c02043","Abstract","PDF p.1/Abstract","Medium",TRUE
"EV000149","E000149","FS0058","10.1021/acsbiomaterials.4c02043","Abstract","PDF p.1/Abstract","Medium",TRUE
"EV000150","E000150","FS0058","10.1021/acsbiomaterials.4c02043","Results","PDF p.5/Results","High",TRUE
"EV000151","E000151","FS0058","10.1021/acsbiomaterials.4c02043","Methods","PDF p.2/Methods","High",TRUE
"EV000152","E000152","FS0058","10.1021/acsbiomaterials.4c02043","Methods","PDF p.2/Methods","High",TRUE
"EV000153","E000153","FS0059","10.1038/s41467-026-70176-x","Results","PDF p.7/Results","High",TRUE
"EV000154","E000154","FS0059","10.1038/s41467-026-70176-x","Results","PDF p.5/Results","High",TRUE
"EV000155","E000155","FS0059","10.1038/s41467-026-70176-x","Methods","PDF p.14/Methods","High",TRUE
"EV000156","E000156","FS0059","10.1038/s41467-026-70176-x","Methods","PDF p.15/Methods","High",TRUE
"EV000157","E000157","FS0059","10.1038/s41467-026-70176-x","Methods","PDF p.13/Methods","High",TRUE
"EV000158","E000158","FS0062","10.1002/advs.202400345","Figure","PDF p.11/Figure","Low",TRUE
"EV000159","E000159","FS0062","10.1002/advs.202400345","Figure","PDF p.3/Figure","High",TRUE
"EV000160","E000160","FS0062","10.1002/advs.202400345","Figure","PDF p.6/Figure","High",TRUE
"EV000161","E000161","FS0062","10.1002/advs.202400345","Results","PDF p.10/Results","High",TRUE
"EV000162","E000162","FS0067","10.1186/s12951-026-04138-2","Results","PDF p.9/Results","High",TRUE
"EV000163","E000163","FS0067","10.1186/s12951-026-04138-2","Abstract","PDF p.1/Abstract","Medium",TRUE
"EV000164","E000164","FS0067","10.1186/s12951-026-04138-2","Abstract","PDF p.1/Abstract","Medium",TRUE
"EV000165","E000165","FS0067","10.1186/s12951-026-04138-2","Results","PDF p.9/Results","High",TRUE
"EV000166","E000166","FS0067","10.1186/s12951-026-04138-2","Results","PDF p.12/Results","High",TRUE
"EV000168","E000168","FS0067","10.1186/s12951-026-04138-2","Results","PDF p.6/Results","High",TRUE
"EV000169","E000169","FS0071","10.1038/s41467-025-63376-4","Results","PDF p.3/Results","High",TRUE
"EV000170","E000170","FS0071","10.1038/s41467-025-63376-4","Results","PDF p.11/Results","High",TRUE
"EV000171","E000171","FS0071","10.1038/s41467-025-63376-4","Methods","PDF p.16/Methods","High",TRUE
"EV000173","E000173","FS0071","10.1038/s41467-025-63376-4","Results","PDF p.8/Results","High",TRUE
"EV000174","E000174","FS0073","10.1038/s41467-024-50045-1","Results","PDF p.3/Results","High",TRUE
"EV000175","E000175","FS0073","10.1038/s41467-024-50045-1","Results","PDF p.3/Results","High",TRUE
"EV000176","E000176","FS0073","10.1038/s41467-024-50045-1","Methods","PDF p.15/Methods","High",TRUE
"EV000177","E000177","FS0077","10.1002/advs.76364","Abstract","PDF p.1/Abstract","Medium",TRUE
"EV000178","E000178","FS0077","10.1002/advs.76364","Abstract","PDF p.1/Abstract","Medium",TRUE
"EV000179","E000179","FS0077","10.1002/advs.76364","Abstract","PDF p.1/Abstract","Medium",TRUE
"EV000180","E000180","FS0077","10.1002/advs.76364","Results","PDF p.14/Results","High",TRUE
"EV000181","E000181","FS0077","10.1002/advs.76364","Results","PDF p.11/Results","High",TRUE
"EV000182","E000182","FS0079","10.1016/j.heliyon.2024.e30968","Results","PDF p.12/Results","High",TRUE
"EV000183","E000183","FS0079","10.1016/j.heliyon.2024.e30968","Methods","PDF p.2/Methods","High",TRUE
"EV000184","E000184","FS0080","10.1016/j.carbpol.2025.123526","Methods","PDF p.4/Methods","High",TRUE
"EV000185","E000185","FS0080","10.1016/j.carbpol.2025.123526","Methods","PDF p.4/Methods","High",TRUE
"EV000186","E000186","FS0080","10.1016/j.carbpol.2025.123526","Methods","PDF p.4/Methods","High",TRUE
"EV000187","E000187","FS0080","10.1016/j.carbpol.2025.123526","Methods","PDF p.4/Methods","High",TRUE
"EV000188","E000188","FS0080","10.1016/j.carbpol.2025.123526","Methods","PDF p.4/Methods","High",TRUE
"EV000189","E000189","FS0080","10.1016/j.carbpol.2025.123526","Results","PDF p.13/Results","Medium",TRUE
"EV000190","E000190","FS0080","10.1016/j.carbpol.2025.123526","Results","PDF p.8/Results","High",TRUE
"EV000191","E000191","FS0080","10.1016/j.carbpol.2025.123526","Methods","PDF p.4/Methods","High",TRUE
"EV000192","E000192","FS0080","10.1016/j.carbpol.2025.123526","Methods","PDF p.6/Methods","High",TRUE
"EV000193","E000193","FS0081","10.1021/acs.langmuir.5c04365","Abstract","PDF p.1/Abstract","Medium",TRUE
"EV000194","E000194","FS0081","10.1021/acs.langmuir.5c04365","Results","PDF p.8/Results","High",TRUE
"EV000195","E000195","FS0081","10.1021/acs.langmuir.5c04365","Results","PDF p.3/Results","High",TRUE
"EV000196","E000196","FS0081","10.1021/acs.langmuir.5c04365","Results","PDF p.7/Results","High",TRUE
"EV000197","E000197","FS0081","10.1021/acs.langmuir.5c04365","Results","PDF p.11/Results","High",TRUE
"EV000198","E000198","FS0082","10.1016/j.intimp.2026.116950","Methods","PDF p.2/Methods","High",TRUE
"EV000199","E000199","FS0082","10.1016/j.intimp.2026.116950","Methods","PDF p.2/Methods","High",TRUE
"EV000200","E000200","FS0082","10.1016/j.intimp.2026.116950","Results","PDF p.6/Results","High",TRUE
"EV000201","E000201","FS0082","10.1016/j.intimp.2026.116950","Results","PDF p.10/Results","High",TRUE
"EV000202","E000202","FS0082","10.1016/j.intimp.2026.116950","Results","PDF p.6/Results","High",TRUE
"EV000203","E000203","FS0082","10.1016/j.intimp.2026.116950","Methods","PDF p.2/Methods","High",TRUE
"EV000204","E000204","FS0082","10.1016/j.intimp.2026.116950","Results","PDF p.6/Results","High",TRUE
"EV000205","E000205","FS0082","10.1016/j.intimp.2026.116950","Methods","PDF p.2/Methods","High",TRUE
"EV000206","E000206","FS0082","10.1016/j.intimp.2026.116950","Methods","PDF p.2/Methods","High",TRUE
"EV000207","E000207","FS0082","10.1016/j.intimp.2026.116950","Methods","PDF p.6/Methods","High",TRUE
"EV000208","E000208","FS0082","10.1016/j.intimp.2026.116950","Methods","PDF p.1/Methods","High",TRUE
"EV000209","E000209","FS0087","10.1007/s00192-025-06117-x","Results","PDF p.7/Results","High",TRUE
"EV000210","E000210","FS0087","10.1007/s00192-025-06117-x","Results","PDF p.7/Results","High",TRUE
"EV000211","E000211","FS0087","10.1007/s00192-025-06117-x","Methods","PDF p.7/Methods","High",TRUE
"EV000212","E000212","FS0087","10.1007/s00192-025-06117-x","Methods","PDF p.2/Methods","High",TRUE
"EV000213","E000213","FS0090","10.1186/s12967-026-08500-8","Methods","PDF p.4/Methods","High",TRUE
"EV000214","E000214","FS0090","10.1186/s12967-026-08500-8","Methods","PDF p.4/Methods","High",TRUE
"EV000215","E000215","FS0090","10.1186/s12967-026-08500-8","Methods","PDF p.4/Methods","High",TRUE
"EV000216","E000216","FS0090","10.1186/s12967-026-08500-8","Methods","PDF p.4/Methods","High",TRUE
"EV000217","E000217","FS0090","10.1186/s12967-026-08500-8","Results","PDF p.6/Results","Low",TRUE
"EV000218","E000218","FS0090","10.1186/s12967-026-08500-8","Methods","PDF p.4/Methods","High",TRUE
"EV000219","E000219","FS0090","10.1186/s12967-026-08500-8","Results","PDF p.5/Results","High",TRUE
"EV000220","E000220","FS0090","10.1186/s12967-026-08500-8","Results","PDF p.6/Results","High",TRUE
"EV000221","E000221","FS0090","10.1186/s12967-026-08500-8","Abstract","PDF p.1/Abstract","Medium",TRUE
"EV000222","E000222","FS0090","10.1186/s12967-026-08500-8","Methods","PDF p.4/Methods","High",TRUE
"EV000223","E000223","FS0090","10.1186/s12967-026-08500-8","Results","PDF p.7/Results","High",TRUE
"EV000224","E000224","FS0090","10.1186/s12967-026-08500-8","Results","PDF p.7/Results","High",TRUE
"EV000225","E000225","FS0093","10.1016/j.mtbio.2025.102079","Methods","PDF p.2/Methods","High",TRUE
"EV000226","E000226","FS0093","10.1016/j.mtbio.2025.102079","Methods","PDF p.2/Methods","High",TRUE
"EV000227","E000227","FS0093","10.1016/j.mtbio.2025.102079","Results","PDF p.8/Results","Medium",TRUE
"EV000228","E000228","FS0093","10.1016/j.mtbio.2025.102079","Results","PDF p.12/Results","High",TRUE
"EV000229","E000229","FS0093","10.1016/j.mtbio.2025.102079","Methods","PDF p.2/Methods","High",TRUE
"EV000230","E000230","FS0093","10.1016/j.mtbio.2025.102079","Methods","PDF p.4/Methods","High",TRUE
"EV000232","E000232","FS0093","10.1016/j.mtbio.2025.102079","Abstract","PDF p.4/Abstract","High",TRUE
"EV000233","E000233","FS0093","10.1016/j.mtbio.2025.102079","Results","PDF p.11/Results","High",TRUE
"EV000234","E000234","FS0097","10.1002/advs.202522408","Results","PDF p.2/Results","High",TRUE
"EV000235","E000235","FS0097","10.1002/advs.202522408","Results","PDF p.14/Results","High",TRUE
"EV000237","E000237","FS0097","10.1002/advs.202522408","Methods","PDF p.15/Methods","High",TRUE
"EV000238","E000238","FS0098","10.1016/j.jconrel.2025.114500","Methods","PDF p.17/Methods","High",TRUE
"EV000239","E000239","FS0098","10.1016/j.jconrel.2025.114500","Results","PDF p.11/Results","High",TRUE
"EV000240","E000240","FS0098","10.1016/j.jconrel.2025.114500","Results","PDF p.15/Results","High",TRUE
"EV000241","E000241","FS0098","10.1016/j.jconrel.2025.114500","Methods","PDF p.15/Methods","High",TRUE
"EV000242","E000242","FS0098","10.1016/j.jconrel.2025.114500","Results","PDF p.6/Results","High",TRUE
"EV000243","E000243","FS0098","10.1016/j.jconrel.2025.114500","Abstract","PDF p.1/Abstract","High",TRUE
"EV000244","E000244","FS0102","10.1002/adma.202310476","Results","PDF p.5/Results","Low",TRUE
"EV000245","E000245","FS0102","10.1002/adma.202310476","Results","PDF p.9/Results","High",TRUE
"EV000246","E000246","FS0102","10.1002/adma.202310476","Results","PDF p.15/Results","High",TRUE
"EV000247","E000247","FS0105","10.1007/s42765-025-00672-0","Methods","PDF p.15/Methods","High",TRUE
"EV000248","E000248","FS0105","10.1007/s42765-025-00672-0","Abstract","PDF p.1/Abstract","Medium",TRUE
"EV000249","E000249","FS0105","10.1007/s42765-025-00672-0","Abstract","PDF p.1/Abstract","Medium",TRUE
"EV000250","E000250","FS0105","10.1007/s42765-025-00672-0","Methods","PDF p.20/Methods","High",TRUE
"EV000251","E000251","FS0105","10.1007/s42765-025-00672-0","Methods","PDF p.18/Methods","High",TRUE
"EV000252","E000252","FS0105","10.1007/s42765-025-00672-0","Methods","PDF p.17/Methods","High",TRUE
"EV000253","E000253","FS0105","10.1007/s42765-025-00672-0","Abstract","PDF p.1/Abstract","Medium",TRUE
"EV000254","E000254","FS0105","10.1007/s42765-025-00672-0","Methods","PDF p.16/Methods","High",TRUE
"EV000255","E000255","FS0105","10.1007/s42765-025-00672-0","Results","PDF p.8/Results","High",TRUE
"EV000256","E000256","FS0105","10.1007/s42765-025-00672-0","Results","PDF p.9/Results","High",TRUE
"EV000257","E000257","FS0107","10.1016/j.mtbio.2024.101175","Methods","PDF p.2/Methods","High",TRUE
"EV000258","E000258","FS0107","10.1016/j.mtbio.2024.101175","Methods","PDF p.3/Methods","High",TRUE
"EV000259","E000259","FS0107","10.1016/j.mtbio.2024.101175","Results","PDF p.5/Results","High",TRUE
"EV000260","E000260","FS0107","10.1016/j.mtbio.2024.101175","Abstract","PDF p.3/Abstract","High",TRUE
"EV000261","E000261","FS0109","10.1016/j.actbio.2024.09.008","Methods","PDF p.2/Methods","High",TRUE
"EV000262","E000262","FS0109","10.1016/j.actbio.2024.09.008","Methods","PDF p.3/Methods","High",TRUE
"EV000263","E000263","FS0109","10.1016/j.actbio.2024.09.008","Results","PDF p.10/Results","High",TRUE
"EV000264","E000264","FS0109","10.1016/j.actbio.2024.09.008","Results","PDF p.8/Results","High",TRUE
"EV000265","E000265","FS0109","10.1016/j.actbio.2024.09.008","Methods","PDF p.4/Methods","High",TRUE
"EV000266","E000266","FS0109","10.1016/j.actbio.2024.09.008","Methods","PDF p.5/Methods","High",TRUE
"EV000267","E000267","FS0109","10.1016/j.actbio.2024.09.008","Results","PDF p.7/Results","High",TRUE
"EV000268","E000268","FS0109","10.1016/j.actbio.2024.09.008","Results","PDF p.4/Results","High",TRUE
"EV000269","E000269","FS0111","10.2147/jir.s545622","Results","PDF p.15/Results","Medium",TRUE
"EV000270","E000270","FS0111","10.2147/jir.s545622","Results","PDF p.17/Results","High",TRUE
"EV000271","E000271","FS0111","10.2147/jir.s545622","Results","PDF p.14/Results","High",TRUE
"EV000272","E000272","FS0111","10.2147/jir.s545622","Methods","PDF p.6/Methods","High",TRUE
"EV000273","E000273","FS0111","10.2147/jir.s545622","Methods","PDF p.17/Methods","High",TRUE
"EV000274","E000274","FS0111","10.2147/jir.s545622","Methods","PDF p.17/Methods","High",TRUE
"EV000275","E000275","FS0112","10.1002/adma.202511840","Results","PDF p.13/Results","High",TRUE
"EV000276","E000276","FS0112","10.1002/adma.202511840","Results","PDF p.10/Results","High",TRUE
"EV000277","E000277","FS0112","10.1002/adma.202511840","Results","PDF p.5/Results","High",TRUE
"EV000278","E000278","FS0112","10.1002/adma.202511840","Results","PDF p.15/Results","High",TRUE
"EV000279","E000279","FS0113","10.1016/j.bioactmat.2026.05.016","Results","PDF p.6/Results","High",TRUE
"EV000280","E000280","FS0113","10.1016/j.bioactmat.2026.05.016","Results","PDF p.13/Results","High",TRUE
"EV000281","E000281","FS0113","10.1016/j.bioactmat.2026.05.016","Results","PDF p.5/Results","High",TRUE
"EV000282","E000282","FS0113","10.1016/j.bioactmat.2026.05.016","Results","PDF p.5/Results","High",TRUE
"EV000283","E000283","FS0113","10.1016/j.bioactmat.2026.05.016","Results","PDF p.5/Results","High",TRUE
"EV000284","E000284","FS0113","10.1016/j.bioactmat.2026.05.016","Abstract","PDF p.9/Abstract","High",TRUE
"EV000285","E000285","FS0113","10.1016/j.bioactmat.2026.05.016","Abstract","PDF p.11/Abstract","High",TRUE
"EV000286","E000286","FS0114","10.1002/sstr.202400592","Figure","PDF p.4/Figure","High",TRUE
"EV000287","E000287","FS0114","10.1002/sstr.202400592","Results","PDF p.3/Results","High",TRUE
"EV000288","E000288","FS0114","10.1002/sstr.202400592","Results","PDF p.7/Results","Medium",TRUE
"EV000289","E000289","FS0114","10.1002/sstr.202400592","Results","PDF p.6/Results","High",TRUE
"EV000290","E000290","FS0114","10.1002/sstr.202400592","Results","PDF p.10/Results","High",TRUE
"EV000291","E000291","FS0114","10.1002/sstr.202400592","Results","PDF p.3/Results","High",TRUE
"EV000292","E000292","FS0114","10.1002/sstr.202400592","Results","PDF p.13/Results","High",TRUE
"EV000293","E000293","FS0114","10.1002/sstr.202400592","Results","PDF p.13/Results","High",TRUE
"EV000294","E000294","FS0117","10.1002/advs.202524366","Abstract","PDF p.1/Abstract","Medium",TRUE
"EV000295","E000295","FS0117","10.1002/advs.202524366","Abstract","PDF p.1/Abstract","Medium",TRUE
"EV000296","E000296","FS0117","10.1002/advs.202524366","Abstract","PDF p.1/Abstract","Medium",TRUE
"EV000297","E000297","FS0117","10.1002/advs.202524366","Results","PDF p.13/Results","High",TRUE
"EV000298","E000298","FS0117","10.1002/advs.202524366","Results","PDF p.13/Results","High",TRUE
"EV000299","E000299","FS0117","10.1002/advs.202524366","Abstract","PDF p.1/Abstract","Medium",TRUE
"EV000300","E000300","FS0117","10.1002/advs.202524366","Methods","PDF p.20/Methods","High",TRUE
"EV000302","E000302","FS0117","10.1002/advs.202524366","Methods","PDF p.18/Methods","High",TRUE
"EV000303","E000303","FS0122","10.1016/j.bioadv.2025.214571","Abstract","PDF p.1/Abstract","Medium",TRUE
"EV000304","E000304","FS0122","10.1016/j.bioadv.2025.214571","Methods","PDF p.3/Methods","High",TRUE
"EV000305","E000305","FS0122","10.1016/j.bioadv.2025.214571","Results","PDF p.8/Results","Medium",TRUE
"EV000306","E000306","FS0122","10.1016/j.bioadv.2025.214571","Results","PDF p.5/Results","High",TRUE
"EV000307","E000307","FS0122","10.1016/j.bioadv.2025.214571","Results","PDF p.8/Results","High",TRUE
"EV000308","E000308","FS0122","10.1016/j.bioadv.2025.214571","Methods","PDF p.3/Methods","High",TRUE
"EV000309","E000309","FS0122","10.1016/j.bioadv.2025.214571","Results","PDF p.8/Results","High",TRUE
"EV000310","E000310","FS0122","10.1016/j.bioadv.2025.214571","Abstract","PDF p.1/Abstract","High",TRUE
"EV000311","E000311","FS0124","10.1038/s41598-024-82614-1","Results","PDF p.4/Results","High",TRUE
"EV000312","E000312","FS0124","10.1038/s41598-024-82614-1","Results","PDF p.3/Results","High",TRUE
"EV000313","E000313","FS0124","10.1038/s41598-024-82614-1","Results","PDF p.7/Results","High",TRUE
"EV000314","E000314","FS0125","10.1039/d3tb02828c","Results","PDF p.5/Results","High",TRUE
"EV000315","E000315","FS0125","10.1039/d3tb02828c","Results","PDF p.6/Results","High",TRUE
"EV000316","E000316","FS0129","10.1016/j.biopha.2025.118940","Methods","PDF p.3/Methods","High",TRUE
"EV000317","E000317","FS0129","10.1016/j.biopha.2025.118940","Methods","PDF p.3/Methods","High",TRUE
"EV000318","E000318","FS0129","10.1016/j.biopha.2025.118940","Methods","PDF p.3/Methods","High",TRUE
"EV000319","E000319","FS0129","10.1016/j.biopha.2025.118940","Abstract","PDF p.1/Abstract","Medium",TRUE
"EV000320","E000320","FS0129","10.1016/j.biopha.2025.118940","Results","PDF p.10/Results","High",TRUE
"EV000321","E000321","FS0129","10.1016/j.biopha.2025.118940","Methods","PDF p.7/Methods","High",TRUE
"EV000322","E000322","FS0129","10.1016/j.biopha.2025.118940","Results","PDF p.17/Results","High",TRUE
"EV000323","E000323","FS0130","10.1186/s12951-024-02608-z","Abstract","PDF p.1/Abstract","Medium",TRUE
"EV000324","E000324","FS0130","10.1186/s12951-024-02608-z","Results","PDF p.10/Results","High",TRUE
"EV000325","E000325","FS0130","10.1186/s12951-024-02608-z","Results","PDF p.7/Results","High",TRUE
"EV000326","E000326","FS0130","10.1186/s12951-024-02608-z","Results","PDF p.10/Results","High",TRUE
"EV000327","E000327","FS0130","10.1186/s12951-024-02608-z","Results","PDF p.7/Results","High",TRUE
"EV000328","E000328","FS0130","10.1186/s12951-024-02608-z","Methods","PDF p.4/Methods","High",TRUE
"EV000329","E000329","FS0130","10.1186/s12951-024-02608-z","Results","PDF p.10/Results","High",TRUE
"EV000330","E000330","FS0133","10.1016/j.cej.2026.175804","Abstract","PDF p.1/Abstract","Medium",TRUE
"EV000331","E000331","FS0133","10.1016/j.cej.2026.175804","Results","PDF p.8/Results","High",TRUE
"EV000332","E000332","FS0133","10.1016/j.cej.2026.175804","Abstract","PDF p.1/Abstract","Medium",TRUE
"EV000333","E000333","FS0133","10.1016/j.cej.2026.175804","Methods","PDF p.6/Methods","High",TRUE
"EV000334","E000334","FS0133","10.1016/j.cej.2026.175804","Methods","PDF p.6/Methods","High",TRUE
"EV000335","E000335","FS0133","10.1016/j.cej.2026.175804","Results","PDF p.8/Results","High",TRUE
"EV000336","E000336","FS0133","10.1016/j.cej.2026.175804","Results","PDF p.18/Results","High",TRUE
"EV000337","E000337","FS0133","10.1016/j.cej.2026.175804","Methods","PDF p.5/Methods","High",TRUE
"EV000338","E000338","FS0133","10.1016/j.cej.2026.175804","Results","PDF p.7/Results","High",TRUE
"EV000339","E000339","FS0133","10.1016/j.cej.2026.175804","Methods","PDF p.5/Methods","High",TRUE
"EV000340","E000340","FS0133","10.1016/j.cej.2026.175804","Abstract","PDF p.13/Abstract","High",TRUE
"EV000342","E000342","FS0133","10.1016/j.cej.2026.175804","Abstract","PDF p.13/Abstract","High",TRUE
"EV000343","E000343","FS0134","10.1007/s42765-026-00733-y","Results","PDF p.14/Results","High",TRUE
"EV000344","E000344","FS0134","10.1007/s42765-026-00733-y","Results","PDF p.16/Results","High",TRUE
"EV000345","E000345","FS0134","10.1007/s42765-026-00733-y","Results","PDF p.14/Results","High",TRUE
"EV000346","E000346","FS0134","10.1007/s42765-026-00733-y","Results","PDF p.11/Results","High",TRUE
"EV000347","E000347","FS0134","10.1007/s42765-026-00733-y","Results","PDF p.9/Results","High",TRUE
"EV000348","E000348","FS0134","10.1007/s42765-026-00733-y","Methods","PDF p.22/Methods","High",TRUE
"EV000349","E000349","FS0134","10.1007/s42765-026-00733-y","Results","PDF p.14/Results","High",TRUE
"EV000350","E000350","FS0134","10.1007/s42765-026-00733-y","Results","PDF p.14/Results","High",TRUE
"EV000351","E000351","FS0134","10.1007/s42765-026-00733-y","Results","PDF p.13/Results","High",TRUE
"EV000352","E000352","FS0134","10.1007/s42765-026-00733-y","Results","PDF p.24/Results","High",TRUE
"EV000353","E000353","FS0135","10.1016/j.biomaterials.2026.124254","Results","PDF p.13/Results","High",TRUE
"EV000355","E000355","FS0135","10.1016/j.biomaterials.2026.124254","Results","PDF p.5/Results","High",TRUE
"EV000356","E000356","FS0135","10.1016/j.biomaterials.2026.124254","Methods","PDF p.4/Methods","High",TRUE
"EV000357","E000357","FS0135","10.1016/j.biomaterials.2026.124254","Results","PDF p.15/Results","High",TRUE
"EV000358","E000358","FS0136","10.1016/j.biomaterials.2025.123830","Results","PDF p.10/Results","High",TRUE
"EV000359","E000359","FS0136","10.1016/j.biomaterials.2025.123830","Results","PDF p.8/Results","High",TRUE
"EV000360","E000360","FS0136","10.1016/j.biomaterials.2025.123830","Results","PDF p.4/Results","High",TRUE
"EV000361","E000361","FS0136","10.1016/j.biomaterials.2025.123830","Results","PDF p.6/Results","High",TRUE
"EV000362","E000362","FS0136","10.1016/j.biomaterials.2025.123830","Results","PDF p.10/Results","High",TRUE
"EV000363","E000363","FS0136","10.1016/j.biomaterials.2025.123830","Methods","PDF p.10/Methods","High",TRUE
"EV000364","E000364","FS0142","10.1016/j.mtbio.2025.102359","Abstract","PDF p.1/Abstract","Medium",TRUE
"EV000365","E000365","FS0142","10.1016/j.mtbio.2025.102359","Results","PDF p.11/Results","Medium",TRUE
"EV000366","E000366","FS0142","10.1016/j.mtbio.2025.102359","Results","PDF p.11/Results","High",TRUE
"EV000367","E000367","FS0142","10.1016/j.mtbio.2025.102359","Methods","PDF p.5/Methods","High",TRUE
"EV000368","E000368","FS0142","10.1016/j.mtbio.2025.102359","Results","PDF p.11/Results","High",TRUE
"EV000369","E000369","FS0142","10.1016/j.mtbio.2025.102359","Results","PDF p.6/Results","High",TRUE
"EV000370","E000370","FS0142","10.1016/j.mtbio.2025.102359","Methods","PDF p.8/Methods","High",TRUE
"EV000371","E000371","FS0142","10.1016/j.mtbio.2025.102359","Methods","PDF p.5/Methods","High",TRUE
"EV000372","E000372","FS0147","10.1016/j.biomaterials.2025.123828","Abstract","PDF p.1/Abstract","Medium",TRUE
"EV000373","E000373","FS0147","10.1016/j.biomaterials.2025.123828","Results","PDF p.14/Results","High",TRUE
"EV000374","E000374","FS0147","10.1016/j.biomaterials.2025.123828","Abstract","PDF p.1/Abstract","Medium",TRUE
"EV000375","E000375","FS0147","10.1016/j.biomaterials.2025.123828","Results","PDF p.6/Results","High",TRUE
"EV000376","E000376","FS0147","10.1016/j.biomaterials.2025.123828","Results","PDF p.14/Results","High",TRUE
"EV000377","E000377","FS0147","10.1016/j.biomaterials.2025.123828","Results","PDF p.6/Results","High",TRUE
"EV000378","E000378","FS0147","10.1016/j.biomaterials.2025.123828","Abstract","PDF p.4/Abstract","High",TRUE
"EV000379","E000379","FS0147","10.1016/j.biomaterials.2025.123828","Methods","PDF p.18/Methods","High",TRUE
"EV000380","E000380","FS0148","10.1016/j.jcis.2025.137612","Results","PDF p.5/Results","High",TRUE
"EV000381","E000381","FS0148","10.1016/j.jcis.2025.137612","Abstract","PDF p.1/Abstract","Medium",TRUE
"EV000382","E000382","FS0148","10.1016/j.jcis.2025.137612","Abstract","PDF p.1/Abstract","Medium",TRUE
"EV000383","E000383","FS0148","10.1016/j.jcis.2025.137612","Results","PDF p.5/Results","High",TRUE
"EV000384","E000384","FS0148","10.1016/j.jcis.2025.137612","Results","PDF p.6/Results","Medium",TRUE
"EV000385","E000385","FS0148","10.1016/j.jcis.2025.137612","Results","PDF p.8/Results","High",TRUE
"EV000386","E000386","FS0148","10.1016/j.jcis.2025.137612","Results","PDF p.5/Results","High",TRUE
"EV000387","E000387","FS0148","10.1016/j.jcis.2025.137612","Abstract","PDF p.4/Abstract","High",TRUE
"EV000388","E000388","FS0150","10.1016/j.bioactmat.2026.05.024","Results","PDF p.11/Results","High",TRUE
"EV000389","E000389","FS0150","10.1016/j.bioactmat.2026.05.024","Results","PDF p.11/Results","High",TRUE
"EV000390","E000390","FS0150","10.1016/j.bioactmat.2026.05.024","Results","PDF p.11/Results","High",TRUE
"EV000391","E000391","FS0150","10.1016/j.bioactmat.2026.05.024","Results","PDF p.11/Results","High",TRUE
"EV000392","E000392","FS0150","10.1016/j.bioactmat.2026.05.024","Results","PDF p.11/Results","High",TRUE
"EV000393","E000393","FS0150","10.1016/j.bioactmat.2026.05.024","Results","PDF p.11/Results","High",TRUE
"EV000394","E000394","FS0150","10.1016/j.bioactmat.2026.05.024","Results","PDF p.11/Results","High",TRUE
"EV000395","E000395","FS0150","10.1016/j.bioactmat.2026.05.024","Results","PDF p.3/Results","High",TRUE
"EV000396","E000396","FS0150","10.1016/j.bioactmat.2026.05.024","Results","PDF p.11/Results","High",TRUE
"EV000397","E000397","FS0150","10.1016/j.bioactmat.2026.05.024","Methods","PDF p.17/Methods","High",TRUE
"EV000398","E000398","FS0150","10.1016/j.bioactmat.2026.05.024","Methods","PDF p.17/Methods","High",TRUE
"EV000399","E000399","FS0151","10.1016/j.bioactmat.2026.06.036","Results","PDF p.3/Results","High",TRUE
"EV000400","E000400","FS0151","10.1016/j.bioactmat.2026.06.036","Abstract","PDF p.1/Abstract","Medium",TRUE
"EV000401","E000401","FS0151","10.1016/j.bioactmat.2026.06.036","Results","PDF p.3/Results","High",TRUE
"EV000402","E000402","FS0151","10.1016/j.bioactmat.2026.06.036","Results","PDF p.6/Results","High",TRUE
"EV000403","E000403","FS0151","10.1016/j.bioactmat.2026.06.036","Results","PDF p.6/Results","High",TRUE
"EV000404","E000404","FS0151","10.1016/j.bioactmat.2026.06.036","Abstract","PDF p.2/Abstract","High",TRUE
"EV000405","E000405","FS0153","10.1016/j.bioactmat.2026.06.011","Results","PDF p.6/Results","High",TRUE
"EV000406","E000406","FS0153","10.1016/j.bioactmat.2026.06.011","Results","PDF p.9/Results","High",TRUE
"EV000407","E000407","FS0153","10.1016/j.bioactmat.2026.06.011","Methods","PDF p.5/Methods","High",TRUE
"EV000408","E000408","FS0153","10.1016/j.bioactmat.2026.06.011","Abstract","PDF p.4/Abstract","High",TRUE
"EV000409","E000409","FS0157","10.1016/j.bioactmat.2026.03.036","Results","PDF p.5/Results","High",TRUE
"EV000410","E000410","FS0157","10.1016/j.bioactmat.2026.03.036","Abstract","PDF p.1/Abstract","Medium",TRUE
"EV000411","E000411","FS0157","10.1016/j.bioactmat.2026.03.036","Results","PDF p.8/Results","High",TRUE
"EV000412","E000412","FS0157","10.1016/j.bioactmat.2026.03.036","Results","PDF p.5/Results","High",TRUE
"EV000413","E000413","FS0157","10.1016/j.bioactmat.2026.03.036","Results","PDF p.5/Results","High",TRUE
"EV000414","E000414","FS0157","10.1016/j.bioactmat.2026.03.036","Abstract","PDF p.3/Abstract","High",TRUE
"EV000415","E000415","FS0164","10.1002/adfm.202514199","Results","PDF p.2/Results","High",TRUE
"EV000416","E000416","FS0164","10.1002/adfm.202514199","Results","PDF p.3/Results","High",TRUE
"EV000417","E000417","FS0164","10.1002/adfm.202514199","Results","PDF p.3/Results","High",TRUE
"EV000418","E000418","FS0164","10.1002/adfm.202514199","Results","PDF p.2/Results","High",TRUE
"EV000419","E000419","FS0164","10.1002/adfm.202514199","Results","PDF p.4/Results","High",TRUE
"EV000420","E000420","FS0164","10.1002/adfm.202514199","Results","PDF p.13/Results","High",TRUE
"EV000421","E000421","FS0166","10.1021/acsnano.5c11287","Abstract","PDF p.1/Abstract","Medium",TRUE
"EV000422","E000422","FS0166","10.1021/acsnano.5c11287","Abstract","PDF p.1/Abstract","Medium",TRUE
"EV000423","E000423","FS0166","10.1021/acsnano.5c11287","Abstract","PDF p.1/Abstract","Medium",TRUE
"EV000424","E000424","FS0166","10.1021/acsnano.5c11287","Abstract","PDF p.1/Abstract","Medium",TRUE
"EV000425","E000425","FS0166","10.1021/acsnano.5c11287","Abstract","PDF p.1/Abstract","Medium",TRUE
"EV000426","E000426","FS0167","10.1016/j.cclet.2023.109414","Abstract","PDF p.1/Abstract","Medium",TRUE
"EV000427","E000427","FS0167","10.1016/j.cclet.2023.109414","Abstract","PDF p.1/Abstract","Medium",TRUE
"EV000428","E000428","FS0167","10.1016/j.cclet.2023.109414","Abstract","PDF p.3/Abstract","Medium",TRUE
"EV000429","E000429","FS0168","10.1016/j.cej.2025.162191","Abstract","PDF p.1/Abstract","Medium",TRUE
"EV000430","E000430","FS0168","10.1016/j.cej.2025.162191","Abstract","PDF p.1/Abstract","Medium",TRUE
"EV000431","E000431","FS0168","10.1016/j.cej.2025.162191","Results","PDF p.10/Results","High",TRUE
"EV000432","E000432","FS0168","10.1016/j.cej.2025.162191","Results","PDF p.10/Results","High",TRUE
"EV000433","E000433","FS0168","10.1016/j.cej.2025.162191","Abstract","PDF p.1/Abstract","Medium",TRUE
"EV000434","E000434","FS0168","10.1016/j.cej.2025.162191","Abstract","PDF p.3/Abstract","High",TRUE
"EV000435","E000435","FS0168","10.1016/j.cej.2025.162191","Abstract","PDF p.1/Abstract","High",TRUE
"EV000436","E000436","FS0173","10.1016/j.biomaterials.2025.123604","Methods","PDF p.2/Methods","High",TRUE
"EV000437","E000437","FS0173","10.1016/j.biomaterials.2025.123604","Results","PDF p.6/Results","High",TRUE
"EV000438","E000438","FS0173","10.1016/j.biomaterials.2025.123604","Methods","PDF p.2/Methods","High",TRUE
"EV000439","E000439","FS0173","10.1016/j.biomaterials.2025.123604","Results","PDF p.10/Results","Low",TRUE
"EV000440","E000440","FS0173","10.1016/j.biomaterials.2025.123604","Methods","PDF p.6/Methods","High",TRUE
"EV000441","E000441","FS0173","10.1016/j.biomaterials.2025.123604","Results","PDF p.8/Results","High",TRUE
"EV000442","E000442","FS0173","10.1016/j.biomaterials.2025.123604","Abstract","PDF p.3/Abstract","High",TRUE
"EV000443","E000443","FS0173","10.1016/j.biomaterials.2025.123604","Results","PDF p.13/Results","High",TRUE
"EV000444","E000444","FS0178","10.1016/j.bioactmat.2026.02.030","Methods","PDF p.20/Methods","High",TRUE
"EV000445","E000445","FS0178","10.1016/j.bioactmat.2026.02.030","Results","PDF p.7/Results","High",TRUE
"EV000446","E000446","FS0178","10.1016/j.bioactmat.2026.02.030","Figure","PDF p.6/Figure","High",TRUE
"EV000447","E000447","FS0178","10.1016/j.bioactmat.2026.02.030","Results","PDF p.3/Results","High",TRUE
"EV000448","E000448","FS0178","10.1016/j.bioactmat.2026.02.030","Results","PDF p.11/Results","High",TRUE
"EV000449","E000449","FS0178","10.1016/j.bioactmat.2026.02.030","Methods","PDF p.20/Methods","High",TRUE
"EV000450","E000450","FS0178","10.1016/j.bioactmat.2026.02.030","Abstract","PDF p.7/Abstract","High",TRUE
"EV000452","E000452","FS0178","10.1016/j.bioactmat.2026.02.030","Abstract","PDF p.3/Abstract","High",TRUE
"EV000453","E000453","FS0183","10.1186/s12951-026-04362-w","Methods","PDF p.3/Methods","High",TRUE
"EV000454","E000454","FS0183","10.1186/s12951-026-04362-w","Results","PDF p.10/Results","High",TRUE
"EV000455","E000455","FS0183","10.1186/s12951-026-04362-w","Results","PDF p.12/Results","High",TRUE
"EV000456","E000456","FS0183","10.1186/s12951-026-04362-w","Methods","PDF p.3/Methods","High",TRUE
"EV000457","E000457","FS0183","10.1186/s12951-026-04362-w","Methods","PDF p.24/Methods","High",TRUE
"EV000458","E000458","FS0183","10.1186/s12951-026-04362-w","Results","PDF p.15/Results","High",TRUE
"EV000459","E000459","FS0184","10.1007/s42114-025-01509-5","Abstract","PDF p.1/Abstract","Medium",TRUE
"EV000460","E000460","FS0184","10.1007/s42114-025-01509-5","Results","PDF p.6/Results","High",TRUE
"EV000461","E000461","FS0184","10.1007/s42114-025-01509-5","Results","PDF p.11/Results","High",TRUE
"EV000462","E000462","FS0184","10.1007/s42114-025-01509-5","Results","PDF p.11/Results","High",TRUE
"EV000463","E000463","FS0184","10.1007/s42114-025-01509-5","Results","PDF p.3/Results","High",TRUE
"EV000464","E000464","FS0184","10.1007/s42114-025-01509-5","Results","PDF p.7/Results","High",TRUE
"EV000465","E000465","FS0184","10.1007/s42114-025-01509-5","Results","PDF p.11/Results","High",TRUE
"EV000466","E000466","FS0184","10.1007/s42114-025-01509-5","Results","PDF p.11/Results","High",TRUE
"EV000467","E000467","FS0186","10.1021/acsami.5c02168","Results","PDF p.7/Results","High",TRUE
"EV000468","E000468","FS0186","10.1021/acsami.5c02168","Abstract","PDF p.1/Abstract","Medium",TRUE
"EV000469","E000469","FS0186","10.1021/acsami.5c02168","Results","PDF p.4/Results","High",TRUE
"EV000470","E000470","FS0186","10.1021/acsami.5c02168","Results","PDF p.9/Results","High",TRUE
"EV000471","E000471","FS0186","10.1021/acsami.5c02168","Results","PDF p.9/Results","High",TRUE
"EV000472","E000472","FS0186","10.1021/acsami.5c02168","Results","PDF p.6/Results","High",TRUE
"EV000473","E000473","FS0186","10.1021/acsami.5c02168","Results","PDF p.9/Results","High",TRUE
"EV000474","E000474","FS0186","10.1021/acsami.5c02168","Results","PDF p.6/Results","High",TRUE
"EV000475","E000475","FS0186","10.1021/acsami.5c02168","Results","PDF p.7/Results","High",TRUE
"EV000476","E000476","FS0187","10.1002/adfm.202422817","Figure","PDF p.3/Figure","High",TRUE
"EV000477","E000477","FS0187","10.1002/adfm.202422817","Figure","PDF p.3/Figure","High",TRUE
"EV000478","E000478","FS0187","10.1002/adfm.202422817","Results","PDF p.10/Results","Medium",TRUE
"EV000479","E000479","FS0187","10.1002/adfm.202422817","Results","PDF p.7/Results","High",TRUE
"EV000480","E000480","FS0187","10.1002/adfm.202422817","Results","PDF p.12/Results","High",TRUE
"EV000481","E000481","FS0187","10.1002/adfm.202422817","Results","PDF p.12/Results","High",TRUE
"EV000482","E000482","FS0187","10.1002/adfm.202422817","Results","PDF p.10/Results","High",TRUE
"EV000483","E000483","FS0188","10.1002/adfm.202529224","Figure","PDF p.3/Figure","High",TRUE
"EV000484","E000484","FS0188","10.1002/adfm.202529224","Abstract","PDF p.1/Abstract","Medium",TRUE
"EV000485","E000485","FS0188","10.1002/adfm.202529224","Abstract","PDF p.1/Abstract","Medium",TRUE
"EV000486","E000486","FS0188","10.1002/adfm.202529224","Abstract","PDF p.1/Abstract","High",TRUE
"EV000487","E000487","FS0188","10.1002/adfm.202529224","Figure","PDF p.3/Figure","High",TRUE
"EV000488","E000488","FS0188","10.1002/adfm.202529224","Figure","PDF p.3/Figure","High",TRUE
"EV000489","E000489","FS0188","10.1002/adfm.202529224","Figure","PDF p.3/Figure","High",TRUE
"EV000490","E000490","FS0196","10.1039/d5tb00174a","Results","PDF p.4/Results","High",TRUE
"EV000491","E000491","FS0196","10.1039/d5tb00174a","Results","PDF p.4/Results","High",TRUE
"EV000492","E000492","FS0196","10.1039/d5tb00174a","Results","PDF p.11/Results","Medium",TRUE
"EV000493","E000493","FS0196","10.1039/d5tb00174a","Results","PDF p.12/Results","High",TRUE
"EV000494","E000494","FS0196","10.1039/d5tb00174a","Results","PDF p.5/Results","High",TRUE
"EV000495","E000495","FS0196","10.1039/d5tb00174a","Methods","PDF p.11/Methods","High",TRUE
"EV000496","E000496","FS0199","10.1002/adhm.202402329","Results","PDF p.13/Results","High",TRUE
"EV000497","E000497","FS0199","10.1002/adhm.202402329","Results","PDF p.6/Results","High",TRUE
"EV000498","E000498","FS0199","10.1002/adhm.202402329","Methods","PDF p.10/Methods","High",TRUE
"EV000499","E000499","FS0203","10.1016/j.mtbio.2025.102138","Figure","PDF p.2/Figure","High",TRUE
"EV000500","E000500","FS0203","10.1016/j.mtbio.2025.102138","Methods","PDF p.3/Methods","High",TRUE
"EV000501","E000501","FS0203","10.1016/j.mtbio.2025.102138","Results","PDF p.5/Results","High",TRUE
"EV000502","E000502","FS0203","10.1016/j.mtbio.2025.102138","Results","PDF p.7/Results","High",TRUE
"EV000503","E000503","FS0203","10.1016/j.mtbio.2025.102138","Results","PDF p.15/Results","High",TRUE
"EV000504","E000504","FS0203","10.1016/j.mtbio.2025.102138","Abstract","PDF p.1/Abstract","Medium",TRUE
"EV000505","E000505","FS0203","10.1016/j.mtbio.2025.102138","Methods","PDF p.8/Methods","High",TRUE
"EV000506","E000506","FS0203","10.1016/j.mtbio.2025.102138","Methods","PDF p.4/Methods","High",TRUE
"EV000507","E000507","FS0205","10.1016/j.cej.2024.152049","Methods","PDF p.13/Methods","High",TRUE
"EV000508","E000508","FS0205","10.1016/j.cej.2024.152049","Results","PDF p.2/Results","High",TRUE
"EV000509","E000509","FS0205","10.1016/j.cej.2024.152049","Results","PDF p.2/Results","High",TRUE
"EV000510","E000510","FS0205","10.1016/j.cej.2024.152049","Results","PDF p.2/Results","High",TRUE
"EV000511","E000511","FS0205","10.1016/j.cej.2024.152049","Results","PDF p.2/Results","High",TRUE
"EV000512","E000512","FS0205","10.1016/j.cej.2024.152049","Results","PDF p.3/Results","High",TRUE
"EV000513","E000513","FS0205","10.1016/j.cej.2024.152049","Results","PDF p.3/Results","High",TRUE
"EV000514","E000514","FS0205","10.1016/j.cej.2024.152049","Methods","PDF p.1/Methods","High",TRUE
"EV000515","E000515","FS0207","10.1016/j.mtbio.2025.102741","Results","PDF p.6/Results","Medium",TRUE
"EV000516","E000516","FS0207","10.1016/j.mtbio.2025.102741","Results","PDF p.12/Results","High",TRUE
"EV000517","E000517","FS0207","10.1016/j.mtbio.2025.102741","Results","PDF p.11/Results","High",TRUE
"EV000518","E000518","FS0207","10.1016/j.mtbio.2025.102741","Results","PDF p.6/Results","High",TRUE
"EV000519","E000519","FS0207","10.1016/j.mtbio.2025.102741","Results","PDF p.8/Results","High",TRUE
"EV000520","E000520","FS0207","10.1016/j.mtbio.2025.102741","Results","PDF p.8/Results","High",TRUE
"EV000521","E000521","FS0207","10.1016/j.mtbio.2025.102741","Methods","PDF p.8/Methods","High",TRUE
"EV000522","E000522","FS0208","10.1016/j.yexcr.2024.113926","Methods","PDF p.2/Methods","High",TRUE
"EV000523","E000523","FS0208","10.1016/j.yexcr.2024.113926","Methods","PDF p.2/Methods","High",TRUE
"EV000524","E000524","FS0208","10.1016/j.yexcr.2024.113926","Abstract","PDF p.1/Abstract","Medium",TRUE
"EV000525","E000525","FS0208","10.1016/j.yexcr.2024.113926","Methods","PDF p.3/Methods","High",TRUE
"EV000526","E000526","FS0212","10.34133/bmef.0204","Results","PDF p.2/Results","Medium",TRUE
"EV000527","E000527","FS0212","10.34133/bmef.0204","Results","PDF p.2/Results","High",TRUE
"EV000528","E000528","FS0212","10.34133/bmef.0204","Results","PDF p.2/Results","High",TRUE
"EV000529","E000529","FS0212","10.34133/bmef.0204","Abstract","PDF p.1/Abstract","High",TRUE
"EV000530","E000530","FS0213","10.1016/j.colsurfb.2025.115171","Methods","PDF p.2/Methods","High",TRUE
"EV000531","E000531","FS0213","10.1016/j.colsurfb.2025.115171","Methods","PDF p.2/Methods","High",TRUE
"EV000532","E000532","FS0213","10.1016/j.colsurfb.2025.115171","Results","PDF p.7/Results","High",TRUE
"EV000533","E000533","FS0213","10.1016/j.colsurfb.2025.115171","Results","PDF p.7/Results","High",TRUE
"EV000534","E000534","FS0213","10.1016/j.colsurfb.2025.115171","Methods","PDF p.2/Methods","High",TRUE
"EV000535","E000535","FS0213","10.1016/j.colsurfb.2025.115171","Abstract","PDF p.1/Abstract","Medium",TRUE
"EV000536","E000536","FS0213","10.1016/j.colsurfb.2025.115171","Abstract","PDF p.1/Abstract","Medium",TRUE
"EV000537","E000537","FS0213","10.1016/j.colsurfb.2025.115171","Figure","PDF p.6/Figure","High",TRUE
"EV000538","E000538","FS0213","10.1016/j.colsurfb.2025.115171","Figure","PDF p.3/Figure","High",TRUE
"EV000539","E000539","FS0213","10.1016/j.colsurfb.2025.115171","Abstract","PDF p.2/Abstract","High",TRUE
"EV000540","E000540","FS0213","10.1016/j.colsurfb.2025.115171","Methods","PDF p.5/Methods","High",TRUE
"EV000541","E000541","FS0219","10.1016/j.bioactmat.2025.05.003","Results","PDF p.5/Results","High",TRUE
"EV000542","E000542","FS0219","10.1016/j.bioactmat.2025.05.003","Results","PDF p.5/Results","High",TRUE
"EV000543","E000543","FS0219","10.1016/j.bioactmat.2025.05.003","Abstract","PDF p.1/Abstract","Medium",TRUE
"EV000544","E000544","FS0219","10.1016/j.bioactmat.2025.05.003","Results","PDF p.5/Results","High",TRUE
"EV000545","E000545","FS0219","10.1016/j.bioactmat.2025.05.003","Abstract","PDF p.1/Abstract","High",TRUE
"EV000546","E000546","FS0219","10.1016/j.bioactmat.2025.05.003","Abstract","PDF p.1/Abstract","High",TRUE
"EV000547","E000547","FS0222","10.1016/j.cej.2025.171462","Results","PDF p.5/Results","High",TRUE
"EV000548","E000548","FS0222","10.1016/j.cej.2025.171462","Results","PDF p.10/Results","Medium",TRUE
"EV000549","E000549","FS0222","10.1016/j.cej.2025.171462","Abstract","PDF p.1/Abstract","Medium",TRUE
"EV000550","E000550","FS0222","10.1016/j.cej.2025.171462","Results","PDF p.12/Results","High",TRUE
"EV000551","E000551","FS0222","10.1016/j.cej.2025.171462","Results","PDF p.5/Results","High",TRUE
"EV000552","E000552","FS0222","10.1016/j.cej.2025.171462","Results","PDF p.5/Results","High",TRUE
"EV000553","E000553","FS0222","10.1016/j.cej.2025.171462","Abstract","PDF p.5/Abstract","High",TRUE
"EV000554","E000554","FS0222","10.1016/j.cej.2025.171462","Abstract","PDF p.2/Abstract","High",TRUE
"EV000555","E000555","FS0223","10.1016/j.biomaterials.2026.124330","Results","PDF p.8/Results","High",TRUE
"EV000556","E000556","FS0223","10.1016/j.biomaterials.2026.124330","Abstract","PDF p.1/Abstract","Medium",TRUE
"EV000557","E000557","FS0223","10.1016/j.biomaterials.2026.124330","Abstract","PDF p.1/Abstract","Medium",TRUE
"EV000558","E000558","FS0223","10.1016/j.biomaterials.2026.124330","Results","PDF p.6/Results","High",TRUE
"EV000559","E000559","FS0223","10.1016/j.biomaterials.2026.124330","Results","PDF p.5/Results","High",TRUE
"EV000560","E000560","FS0223","10.1016/j.biomaterials.2026.124330","Results","PDF p.6/Results","High",TRUE
"EV000561","E000561","FS0223","10.1016/j.biomaterials.2026.124330","Results","PDF p.5/Results","High",TRUE
"EV000562","E000562","FS0223","10.1016/j.biomaterials.2026.124330","Results","PDF p.8/Results","High",TRUE
"EV000563","E000563","FS0223","10.1016/j.biomaterials.2026.124330","Results","PDF p.8/Results","High",TRUE
"EV000564","E000564","FS0223","10.1016/j.biomaterials.2026.124330","Results","PDF p.8/Results","High",TRUE
"EV000565","E000565","FS0226","10.34133/research.0644","Methods","PDF p.12/Methods","High",TRUE
"EV000566","E000566","FS0226","10.34133/research.0644","Results","PDF p.10/Results","Medium",TRUE
"EV000567","E000567","FS0226","10.34133/research.0644","Results","PDF p.6/Results","High",TRUE
"EV000568","E000568","FS0226","10.34133/research.0644","Results","PDF p.2/Results","High",TRUE
"EV000569","E000569","FS0226","10.34133/research.0644","Methods","PDF p.12/Methods","High",TRUE
"EV000570","E000570","FS0226","10.34133/research.0644","Methods","PDF p.11/Methods","High",TRUE
"EV000571","E000571","FS0226","10.34133/research.0644","Results","PDF p.5/Results","High",TRUE
"EV000572","E000572","FS0227","10.1016/j.cej.2025.165266","Results","PDF p.3/Results","High",TRUE
"EV000573","E000573","FS0227","10.1016/j.cej.2025.165266","Results","PDF p.12/Results","Medium",TRUE
"EV000574","E000574","FS0227","10.1016/j.cej.2025.165266","Results","PDF p.7/Results","High",TRUE
"EV000575","E000575","FS0227","10.1016/j.cej.2025.165266","Results","PDF p.5/Results","High",TRUE
"EV000576","E000576","FS0227","10.1016/j.cej.2025.165266","Results","PDF p.15/Results","High",TRUE
"EV000577","E000577","FS0227","10.1016/j.cej.2025.165266","Results","PDF p.10/Results","High",TRUE
"EV000578","E000578","FS0230","10.1038/s41467-025-65659-2","Results","PDF p.8/Results","High",TRUE
"EV000579","E000579","FS0230","10.1038/s41467-025-65659-2","Results","PDF p.8/Results","High",TRUE
"EV000580","E000580","FS0230","10.1038/s41467-025-65659-2","Results","PDF p.2/Results","High",TRUE
"EV000581","E000581","FS0230","10.1038/s41467-025-65659-2","Results","PDF p.7/Results","High",TRUE
"EV000582","E000582","FS0230","10.1038/s41467-025-65659-2","Results","PDF p.8/Results","High",TRUE
"EV000583","E000583","FS0230","10.1038/s41467-025-65659-2","Results","PDF p.18/Results","High",TRUE
"EV000584","E000584","FS0230","10.1038/s41467-025-65659-2","Methods","PDF p.12/Methods","High",TRUE
"EV000585","E000585","FS0230","10.1038/s41467-025-65659-2","Results","PDF p.6/Results","High",TRUE
"EV000586","E000586","FS0232","10.1016/j.bioactmat.2024.07.031","Results","PDF p.6/Results","High",TRUE
"EV000587","E000587","FS0232","10.1016/j.bioactmat.2024.07.031","Results","PDF p.6/Results","High",TRUE
"EV000588","E000588","FS0232","10.1016/j.bioactmat.2024.07.031","Results","PDF p.6/Results","High",TRUE
"EV000589","E000589","FS0232","10.1016/j.bioactmat.2024.07.031","Results","PDF p.6/Results","High",TRUE
"EV000590","E000590","FS0232","10.1016/j.bioactmat.2024.07.031","Results","PDF p.6/Results","High",TRUE
"EV000591","E000591","FS0232","10.1016/j.bioactmat.2024.07.031","Results","PDF p.8/Results","High",TRUE
"EV000592","E000592","FS0232","10.1016/j.bioactmat.2024.07.031","Results","PDF p.6/Results","High",TRUE
"EV000593","E000593","FS0232","10.1016/j.bioactmat.2024.07.031","Methods","PDF p.4/Methods","High",TRUE
"EV000594","E000594","FS0232","10.1016/j.bioactmat.2024.07.031","Results","PDF p.10/Results","High",TRUE
"EV000595","E000595","FS0234","10.1038/s41598-025-04779-7","Methods","PDF p.11/Methods","High",TRUE
"EV000596","E000596","FS0234","10.1038/s41598-025-04779-7","Results","PDF p.5/Results","High",TRUE
"EV000597","E000597","FS0234","10.1038/s41598-025-04779-7","Results","PDF p.2/Results","High",TRUE
"EV000598","E000598","FS0234","10.1038/s41598-025-04779-7","Methods","PDF p.11/Methods","High",TRUE
"EV000599","E000599","FS0234","10.1038/s41598-025-04779-7","Results","PDF p.7/Results","High",TRUE
"EV000600","E000600","FS0238","10.2147/ijn.s617254","Results","PDF p.14/Results","High",TRUE
"EV000601","E000601","FS0238","10.2147/ijn.s617254","Methods","PDF p.7/Methods","High",TRUE
"EV000602","E000602","FS0238","10.2147/ijn.s617254","Results","PDF p.23/Results","High",TRUE
"EV000603","E000603","FS0238","10.2147/ijn.s617254","Results","PDF p.23/Results","High",TRUE
"EV000604","E000604","FS0238","10.2147/ijn.s617254","Results","PDF p.18/Results","High",TRUE
"EV000605","E000605","FS0238","10.2147/ijn.s617254","Results","PDF p.20/Results","High",TRUE
"EV000606","E000606","FS0238","10.2147/ijn.s617254","Results","PDF p.16/Results","High",TRUE
"EV000608","E000608","FS0238","10.2147/ijn.s617254","Methods","PDF p.9/Methods","High",TRUE
"EV000609","E000609","FS0239","10.3390/ijms26189218","Abstract","PDF p.1/Abstract","Medium",TRUE
"EV000610","E000610","FS0239","10.3390/ijms26189218","Results","PDF p.5/Results","High",TRUE
"EV000611","E000611","FS0239","10.3390/ijms26189218","Methods","PDF p.11/Methods","High",TRUE
"EV000612","E000612","FS0239","10.3390/ijms26189218","Abstract","PDF p.3/Abstract","High",TRUE
"EV000613","E000613","FS0240","10.3390/bioengineering12090920","Results","PDF p.6/Results","High",TRUE
"EV000614","E000614","FS0240","10.3390/bioengineering12090920","Results","PDF p.8/Results","High",TRUE
"EV000615","E000615","FS0240","10.3390/bioengineering12090920","Results","PDF p.7/Results","High",TRUE
"EV000616","E000616","FS0240","10.3390/bioengineering12090920","Abstract","PDF p.3/Abstract","High",TRUE
"EV000617","E000617","FS0242","10.1002/advs.202505009","Figure","PDF p.2/Figure","High",TRUE
"EV000618","E000618","FS0243","10.1002/rar2.70447","Methods","PDF p.4/Methods","High",TRUE
"EV000619","E000619","FS0243","10.1002/rar2.70447","Methods","PDF p.7/Methods","High",TRUE
"EV000620","E000620","FS0243","10.1002/rar2.70447","Abstract","PDF p.1/Abstract","Medium",TRUE
"EV000621","E000621","FS0243","10.1002/rar2.70447","Abstract","PDF p.1/Abstract","Medium",TRUE
"EV000622","E000622","FS0243","10.1002/rar2.70447","Abstract","PDF p.1/Abstract","Medium",TRUE
"EV000623","E000623","FS0243","10.1002/rar2.70447","Abstract","PDF p.1/Abstract","Medium",TRUE
"EV000624","E000624","FS0243","10.1002/rar2.70447","Abstract","PDF p.1/Abstract","Medium",TRUE
"EV000625","E000625","FS0243","10.1002/rar2.70447","Methods","PDF p.4/Methods","High",TRUE
"EV000626","E000626","FS0244","10.1016/j.reth.2025.01.005","Abstract","PDF p.1/Abstract","Medium",TRUE
"EV000627","E000627","FS0244","10.1016/j.reth.2025.01.005","Results","PDF p.8/Results","Medium",TRUE
"EV000628","E000628","FS0244","10.1016/j.reth.2025.01.005","Results","PDF p.6/Results","High",TRUE
"EV000629","E000629","FS0244","10.1016/j.reth.2025.01.005","Results","PDF p.4/Results","High",TRUE
"EV000630","E000630","FS0244","10.1016/j.reth.2025.01.005","Abstract","PDF p.1/Abstract","Medium",TRUE
"EV000631","E000631","FS0244","10.1016/j.reth.2025.01.005","Results","PDF p.6/Results","High",TRUE
"EV000632","E000632","FS0244","10.1016/j.reth.2025.01.005","Results","PDF p.2/Results","High",TRUE
"EV000633","E000633","FS0247","10.1002/advs.202523495","Results","PDF p.4/Results","High",TRUE
"EV000634","E000634","FS0247","10.1002/advs.202523495","Results","PDF p.4/Results","High",TRUE
"EV000635","E000635","FS0247","10.1002/advs.202523495","Results","PDF p.4/Results","High",TRUE
"EV000636","E000636","FS0247","10.1002/advs.202523495","Results","PDF p.7/Results","High",TRUE
"EV000637","E000637","FS0247","10.1002/advs.202523495","Results","PDF p.5/Results","High",TRUE
"EV000638","E000638","FS0247","10.1002/advs.202523495","Results","PDF p.7/Results","High",TRUE
"EV000639","E000639","FS0247","10.1002/advs.202523495","Results","PDF p.11/Results","High",TRUE
"EV000640","E000640","FS0247","10.1002/advs.202523495","Results","PDF p.4/Results","High",TRUE
"EV000641","E000641","FS0247","10.1002/advs.202523495","Results","PDF p.13/Results","High",TRUE
"EV000642","E000642","FS0248","10.1016/j.bioactmat.2025.09.049","Abstract","PDF p.1/Abstract","Medium",TRUE
"EV000643","E000643","FS0248","10.1016/j.bioactmat.2025.09.049","Results","PDF p.5/Results","High",TRUE
"EV000644","E000644","FS0248","10.1016/j.bioactmat.2025.09.049","Results","PDF p.14/Results","High",TRUE
"EV000645","E000645","FS0248","10.1016/j.bioactmat.2025.09.049","Results","PDF p.16/Results","High",TRUE
"EV000646","E000646","FS0248","10.1016/j.bioactmat.2025.09.049","Results","PDF p.16/Results","High",TRUE
"EV000647","E000647","FS0248","10.1016/j.bioactmat.2025.09.049","Results","PDF p.11/Results","High",TRUE
"EV000648","E000648","FS0248","10.1016/j.bioactmat.2025.09.049","Methods","PDF p.4/Methods","High",TRUE
"EV000649","E000649","FS0248","10.1016/j.bioactmat.2025.09.049","Results","PDF p.11/Results","High",TRUE
"EV000650","E000650","FS0248","10.1016/j.bioactmat.2025.09.049","Results","PDF p.18/Results","High",TRUE
"EV000651","E000651","FS0248","10.1016/j.bioactmat.2025.09.049","Methods","PDF p.19/Methods","High",TRUE
"EV000652","E000652","FS0250","10.1002/adma.202413238","Results","PDF p.12/Results","High",TRUE
"EV000653","E000653","FS0250","10.1002/adma.202413238","Results","PDF p.12/Results","High",TRUE
"EV000654","E000654","FS0250","10.1002/adma.202413238","Results","PDF p.16/Results","High",TRUE
"EV000655","E000655","FS0252","10.1021/acsnano.5c06549","Abstract","PDF p.1/Abstract","Medium",TRUE
"EV000656","E000656","FS0252","10.1021/acsnano.5c06549","Results","PDF p.7/Results","Medium",TRUE
"EV000657","E000657","FS0252","10.1021/acsnano.5c06549","Abstract","PDF p.1/Abstract","Medium",TRUE
"EV000658","E000658","FS0252","10.1021/acsnano.5c06549","Abstract","PDF p.1/Abstract","Medium",TRUE
"EV000659","E000659","FS0252","10.1021/acsnano.5c06549","Methods","PDF p.16/Methods","Medium",TRUE
"EV000660","E000660","FS0261","10.1002/jev2.70226","Abstract","PDF p.1/Abstract","Medium",TRUE
"EV000661","E000661","FS0261","10.1002/jev2.70226","Results","PDF p.14/Results","High",TRUE
"EV000662","E000662","FS0261","10.1002/jev2.70226","Abstract","PDF p.1/Abstract","High",TRUE
"EV000664","E000664","FS0261","10.1002/jev2.70226","Abstract","PDF p.1/Abstract","High",TRUE
"EV000665","E000665","FS0261","10.1002/jev2.70226","Methods","PDF p.6/Methods","High",TRUE
"EV000666","E000666","FS0262","10.1016/j.bioactmat.2026.05.030","Abstract","PDF p.1/Abstract","Medium",TRUE
"EV000667","E000667","FS0262","10.1016/j.bioactmat.2026.05.030","Results","PDF p.4/Results","High",TRUE
"EV000668","E000668","FS0262","10.1016/j.bioactmat.2026.05.030","Results","PDF p.9/Results","High",TRUE
"EV000669","E000669","FS0262","10.1016/j.bioactmat.2026.05.030","Results","PDF p.9/Results","High",TRUE
"EV000670","E000670","FS0262","10.1016/j.bioactmat.2026.05.030","Results","PDF p.2/Results","High",TRUE
"EV000671","E000671","FS0262","10.1016/j.bioactmat.2026.05.030","Results","PDF p.4/Results","High",TRUE
"EV000672","E000672","FS0262","10.1016/j.bioactmat.2026.05.030","Results","PDF p.6/Results","High",TRUE
"EV000673","E000673","FS0270","10.1016/j.mtbio.2025.101807","Abstract","PDF p.1/Abstract","Medium",TRUE
"EV000674","E000674","FS0270","10.1016/j.mtbio.2025.101807","Abstract","PDF p.1/Abstract","Medium",TRUE
"EV000675","E000675","FS0270","10.1016/j.mtbio.2025.101807","Abstract","PDF p.1/Abstract","Medium",TRUE
"EV000676","E000676","FS0270","10.1016/j.mtbio.2025.101807","Results","PDF p.16/Results","High",TRUE
"EV000678","E000678","FS0270","10.1016/j.mtbio.2025.101807","Results","PDF p.16/Results","High",TRUE
"EV000679","E000679","FS0270","10.1016/j.mtbio.2025.101807","Methods","PDF p.3/Methods","High",TRUE
"EV000680","E000680","FS0270","10.1016/j.mtbio.2025.101807","Abstract","PDF p.4/Abstract","High",TRUE
"EV000681","E000681","FS0270","10.1016/j.mtbio.2025.101807","Methods","PDF p.16/Methods","High",TRUE
"EV000682","E000682","FS0272","10.1002/adhm.202402882","Figure","PDF p.4/Figure","High",TRUE
"EV000683","E000683","FS0278","10.1021/acsnano.5c15543","Results","PDF p.6/Results","High",TRUE
"EV000684","E000684","FS0278","10.1021/acsnano.5c15543","Results","PDF p.4/Results","Low",TRUE
"EV000685","E000685","FS0278","10.1021/acsnano.5c15543","Results","PDF p.10/Results","High",TRUE
"EV000686","E000686","FS0278","10.1021/acsnano.5c15543","Results","PDF p.10/Results","High",TRUE
"EV000687","E000687","FS0278","10.1021/acsnano.5c15543","Results","PDF p.6/Results","High",TRUE
"EV000688","E000688","FS0278","10.1021/acsnano.5c15543","Methods","PDF p.11/Methods","High",TRUE
"EV000689","E000689","FS0278","10.1021/acsnano.5c15543","Results","PDF p.10/Results","High",TRUE
"EV000690","E000690","FS0279","10.1016/j.cej.2024.155662","Methods","PDF p.11/Methods","High",TRUE
"EV000691","E000691","FS0279","10.1016/j.cej.2024.155662","Results","PDF p.9/Results","Medium",TRUE
"EV000692","E000692","FS0279","10.1016/j.cej.2024.155662","Results","PDF p.5/Results","High",TRUE
"EV000693","E000693","FS0279","10.1016/j.cej.2024.155662","Results","PDF p.6/Results","High",TRUE
"EV000694","E000694","FS0279","10.1016/j.cej.2024.155662","Methods","PDF p.13/Methods","High",TRUE
"EV000695","E000695","FS0279","10.1016/j.cej.2024.155662","Methods","PDF p.13/Methods","High",TRUE
"EV000696","E000696","FS0279","10.1016/j.cej.2024.155662","Methods","PDF p.12/Methods","High",TRUE
"EV000697","E000697","FS0279","10.1016/j.cej.2024.155662","Abstract","PDF p.6/Abstract","High",TRUE
"EV000698","E000698","FS0282","10.1021/acs.biomac.4c00184","Abstract","PDF p.1/Abstract","Medium",TRUE
"EV000699","E000699","FS0282","10.1021/acs.biomac.4c00184","Results","PDF p.9/Results","High",TRUE
"EV000700","E000700","FS0282","10.1021/acs.biomac.4c00184","Results","PDF p.9/Results","Low",TRUE
"EV000701","E000701","FS0282","10.1021/acs.biomac.4c00184","Results","PDF p.10/Results","High",TRUE
"EV000702","E000702","FS0282","10.1021/acs.biomac.4c00184","Results","PDF p.5/Results","High",TRUE
"EV000703","E000703","FS0282","10.1021/acs.biomac.4c00184","Results","PDF p.9/Results","High",TRUE
"EV000704","E000704","FS0282","10.1021/acs.biomac.4c00184","Methods","PDF p.4/Methods","High",TRUE
"EV000705","E000705","FS0283","10.1016/j.biomaterials.2026.124352","Results","PDF p.11/Results","High",TRUE
"EV000706","E000706","FS0283","10.1016/j.biomaterials.2026.124352","Results","PDF p.11/Results","High",TRUE
"EV000707","E000707","FS0283","10.1016/j.biomaterials.2026.124352","Results","PDF p.11/Results","High",TRUE
"EV000708","E000708","FS0283","10.1016/j.biomaterials.2026.124352","Results","PDF p.8/Results","Medium",TRUE
"EV000709","E000709","FS0283","10.1016/j.biomaterials.2026.124352","Results","PDF p.17/Results","High",TRUE
"EV000710","E000710","FS0283","10.1016/j.biomaterials.2026.124352","Abstract","PDF p.1/Abstract","Medium",TRUE
"EV000711","E000711","FS0283","10.1016/j.biomaterials.2026.124352","Results","PDF p.13/Results","High",TRUE
"EV000712","E000712","FS0283","10.1016/j.biomaterials.2026.124352","Results","PDF p.11/Results","High",TRUE
"EV000713","E000713","FS0284","10.1002/smll.202407340","Results","PDF p.14/Results","High",TRUE
"EV000714","E000714","FS0290","10.34133/bmr.0205","Methods","PDF p.5/Methods","High",TRUE
"EV000715","E000715","FS0290","10.34133/bmr.0205","Results","PDF p.11/Results","High",TRUE
"EV000716","E000716","FS0290","10.34133/bmr.0205","Methods","PDF p.3/Methods","High",TRUE
"EV000717","E000717","FS0290","10.34133/bmr.0205","Results","PDF p.8/Results","High",TRUE
"EV000718","E000718","FS0290","10.34133/bmr.0205","Results","PDF p.11/Results","High",TRUE
"EV000719","E000719","FS0292","10.1186/s12951-026-04156-0","Results","PDF p.18/Results","High",TRUE
"EV000721","E000721","FS0292","10.1186/s12951-026-04156-0","Results","PDF p.8/Results","High",TRUE
"EV000722","E000722","FS0292","10.1186/s12951-026-04156-0","Figure","PDF p.4/Figure","High",TRUE
"EV000723","E000723","FS0292","10.1186/s12951-026-04156-0","Methods","PDF p.3/Methods","High",TRUE
"EV000724","E000724","FS0295","10.1016/j.ijbiomac.2026.152514","Abstract","PDF p.1/Abstract","Medium",TRUE
"EV000725","E000725","FS0295","10.1016/j.ijbiomac.2026.152514","Results","PDF p.2/Results","High",TRUE
"EV000726","E000726","FS0295","10.1016/j.ijbiomac.2026.152514","Results","PDF p.10/Results","High",TRUE
"EV000727","E000727","FS0295","10.1016/j.ijbiomac.2026.152514","Methods","PDF p.19/Methods","High",TRUE
"EV000728","E000728","FS0295","10.1016/j.ijbiomac.2026.152514","Results","PDF p.14/Results","High",TRUE
"EV000729","E000729","FS0295","10.1016/j.ijbiomac.2026.152514","Abstract","PDF p.1/Abstract","Medium",TRUE
"EV000730","E000730","FS0295","10.1016/j.ijbiomac.2026.152514","Results","PDF p.8/Results","High",TRUE
"EV000731","E000731","FS0295","10.1016/j.ijbiomac.2026.152514","Abstract","PDF p.1/Abstract","Medium",TRUE
"EV000732","E000732","FS0295","10.1016/j.ijbiomac.2026.152514","Methods","PDF p.19/Methods","High",TRUE
"EV000733","E000733","FS0295","10.1016/j.ijbiomac.2026.152514","Methods","PDF p.20/Methods","High",TRUE
"EV000734","E000734","FS0296","10.1016/j.biomaterials.2025.123656","Results","PDF p.7/Results","High",TRUE
"EV000735","E000735","FS0296","10.1016/j.biomaterials.2025.123656","Results","PDF p.12/Results","Medium",TRUE
"EV000736","E000736","FS0296","10.1016/j.biomaterials.2025.123656","Abstract","PDF p.1/Abstract","Medium",TRUE
"EV000737","E000737","FS0296","10.1016/j.biomaterials.2025.123656","Results","PDF p.12/Results","High",TRUE
"EV000738","E000738","FS0296","10.1016/j.biomaterials.2025.123656","Results","PDF p.7/Results","High",TRUE
"EV000739","E000739","FS0296","10.1016/j.biomaterials.2025.123656","Results","PDF p.12/Results","High",TRUE
"EV000740","E000740","FS0296","10.1016/j.biomaterials.2025.123656","Results","PDF p.12/Results","Medium",TRUE
"EV000741","E000741","FS0300","10.1016/j.bioactmat.2025.11.038","Methods","PDF p.3/Methods","High",TRUE
"EV000742","E000742","FS0300","10.1016/j.bioactmat.2025.11.038","Abstract","PDF p.1/Abstract","Medium",TRUE
"EV000743","E000743","FS0300","10.1016/j.bioactmat.2025.11.038","Results","PDF p.7/Results","High",TRUE
"EV000744","E000744","FS0300","10.1016/j.bioactmat.2025.11.038","Results","PDF p.9/Results","High",TRUE
"EV000745","E000745","FS0300","10.1016/j.bioactmat.2025.11.038","Results","PDF p.11/Results","High",TRUE
"EV000746","E000746","FS0300","10.1016/j.bioactmat.2025.11.038","Results","PDF p.7/Results","High",TRUE
"EV000747","E000747","FS0300","10.1016/j.bioactmat.2025.11.038","Methods","PDF p.4/Methods","High",TRUE
"EV000748","E000748","FS0300","10.1016/j.bioactmat.2025.11.038","Methods","PDF p.7/Methods","High",TRUE
"EV000749","E000749","FS0303","10.1016/j.bioactmat.2025.07.008","Methods","PDF p.2/Methods","High",TRUE
"EV000750","E000750","FS0303","10.1016/j.bioactmat.2025.07.008","Abstract","PDF p.1/Abstract","Medium",TRUE
"EV000751","E000751","FS0303","10.1016/j.bioactmat.2025.07.008","Results","PDF p.5/Results","High",TRUE
"EV000752","E000752","FS0303","10.1016/j.bioactmat.2025.07.008","Results","PDF p.8/Results","High",TRUE
"EV000753","E000753","FS0303","10.1016/j.bioactmat.2025.07.008","Results","PDF p.6/Results","High",TRUE
"EV000754","E000754","FS0303","10.1016/j.bioactmat.2025.07.008","Abstract","PDF p.4/Abstract","High",TRUE
"EV000756","E000756","FS0303","10.1016/j.bioactmat.2025.07.008","Abstract","PDF p.2/Abstract","High",TRUE
"EV000757","E000757","FS0306","10.1155/sci/8681205","Results","PDF p.12/Results","Low",TRUE
"EV000758","E000758","FS0306","10.1155/sci/8681205","Results","PDF p.4/Results","High",TRUE
"EV000759","E000759","FS0306","10.1155/sci/8681205","Methods","PDF p.16/Methods","High",TRUE
"EV000760","E000760","FS0307","10.3760/cma.j.cn501225-20250106-00009","Figure","PDF p.6/Figure","High",TRUE
"EV000761","E000761","FS0307","10.3760/cma.j.cn501225-20250106-00009","Figure","PDF p.5/Figure","High",TRUE
"EV000762","E000762","FS0308","10.1016/j.cej.2026.177276","Abstract","PDF p.1/Abstract","Medium",TRUE
"EV000763","E000763","FS0308","10.1016/j.cej.2026.177276","Results","PDF p.5/Results","High",TRUE
"EV000764","E000764","FS0308","10.1016/j.cej.2026.177276","Results","PDF p.6/Results","Medium",TRUE
"EV000765","E000765","FS0308","10.1016/j.cej.2026.177276","Results","PDF p.5/Results","High",TRUE
"EV000766","E000766","FS0308","10.1016/j.cej.2026.177276","Results","PDF p.6/Results","High",TRUE
"EV000767","E000767","FS0308","10.1016/j.cej.2026.177276","Results","PDF p.5/Results","High",TRUE
"EV000768","E000768","FS0308","10.1016/j.cej.2026.177276","Results","PDF p.6/Results","High",TRUE
"EV000769","E000769","FS0308","10.1016/j.cej.2026.177276","Results","PDF p.6/Results","High",TRUE
"EV000770","E000770","FS0308","10.1016/j.cej.2026.177276","Results","PDF p.10/Results","High",TRUE
"EV000771","E000771","FS0310","10.1002/adma.202417980","Results","PDF p.4/Results","High",TRUE
"EV000772","E000772","FS0310","10.1002/adma.202417980","Results","PDF p.3/Results","High",TRUE
"EV000773","E000773","FS0310","10.1002/adma.202417980","Results","PDF p.6/Results","High",TRUE
"EV000774","E000774","FS0310","10.1002/adma.202417980","Results","PDF p.10/Results","High",TRUE
"EV000775","E000775","FS0310","10.1002/adma.202417980","Results","PDF p.8/Results","High",TRUE
"EV000776","E000776","FS0310","10.1002/adma.202417980","Results","PDF p.4/Results","High",TRUE
"EV000777","E000777","FS0310","10.1002/adma.202417980","Results","PDF p.2/Results","High",TRUE
"EV000778","E000778","FS0311","10.1016/j.bioactmat.2023.10.024","Results","PDF p.11/Results","High",TRUE
"EV000779","E000779","FS0311","10.1016/j.bioactmat.2023.10.024","Results","PDF p.11/Results","High",TRUE
"EV000780","E000780","FS0311","10.1016/j.bioactmat.2023.10.024","Results","PDF p.11/Results","High",TRUE
"EV000781","E000781","FS0311","10.1016/j.bioactmat.2023.10.024","Results","PDF p.4/Results","High",TRUE
"EV000782","E000782","FS0311","10.1016/j.bioactmat.2023.10.024","Abstract","PDF p.1/Abstract","High",TRUE
"EV000783","E000783","FS0311","10.1016/j.bioactmat.2023.10.024","Results","PDF p.11/Results","High",TRUE
"EV000784","E000784","FS0312","10.1016/j.jmst.2024.12.042","Results","PDF p.8/Results","High",TRUE
"EV000785","E000785","FS0312","10.1016/j.jmst.2024.12.042","Methods","PDF p.4/Methods","High",TRUE
"EV000786","E000786","FS0312","10.1016/j.jmst.2024.12.042","Results","PDF p.12/Results","Medium",TRUE
"EV000788","E000788","FS0312","10.1016/j.jmst.2024.12.042","Results","PDF p.14/Results","High",TRUE
"EV000789","E000789","FS0312","10.1016/j.jmst.2024.12.042","Methods","PDF p.4/Methods","High",TRUE
"EV000790","E000790","FS0312","10.1016/j.jmst.2024.12.042","Methods","PDF p.11/Methods","High",TRUE
"EV000791","E000791","FS0313","10.1016/j.cej.2024.158540","Abstract","PDF p.1/Abstract","Medium",TRUE
"EV000792","E000792","FS0313","10.1016/j.cej.2024.158540","Methods","PDF p.4/Methods","High",TRUE
"EV000793","E000793","FS0313","10.1016/j.cej.2024.158540","Abstract","PDF p.1/Abstract","Medium",TRUE
"EV000794","E000794","FS0313","10.1016/j.cej.2024.158540","Results","PDF p.13/Results","High",TRUE
"EV000795","E000795","FS0313","10.1016/j.cej.2024.158540","Results","PDF p.14/Results","High",TRUE
"EV000796","E000796","FS0313","10.1016/j.cej.2024.158540","Results","PDF p.14/Results","High",TRUE
"EV000797","E000797","FS0313","10.1016/j.cej.2024.158540","Results","PDF p.14/Results","High",TRUE
"EV000798","E000798","FS0313","10.1016/j.cej.2024.158540","Methods","PDF p.3/Methods","High",TRUE
"EV000799","E000799","FS0313","10.1016/j.cej.2024.158540","Abstract","PDF p.6/Abstract","High",TRUE
"EV000800","E000800","FS0313","10.1016/j.cej.2024.158540","Abstract","PDF p.4/Abstract","High",TRUE
"EV000801","E000801","FS0322","10.1016/j.bioactmat.2025.10.027","Results","PDF p.8/Results","High",TRUE
"EV000802","E000802","FS0322","10.1016/j.bioactmat.2025.10.027","Results","PDF p.6/Results","High",TRUE
"EV000803","E000803","FS0322","10.1016/j.bioactmat.2025.10.027","Results","PDF p.4/Results","High",TRUE
"EV000804","E000804","FS0322","10.1016/j.bioactmat.2025.10.027","Results","PDF p.6/Results","High",TRUE
"EV000805","E000805","FS0322","10.1016/j.bioactmat.2025.10.027","Results","PDF p.8/Results","High",TRUE
"EV000806","E000806","FS0322","10.1016/j.bioactmat.2025.10.027","Results","PDF p.4/Results","High",TRUE
"EV000807","E000807","FS0322","10.1016/j.bioactmat.2025.10.027","Results","PDF p.8/Results","High",TRUE
"EV000808","E000808","FS0322","10.1016/j.bioactmat.2025.10.027","Methods","PDF p.12/Methods","High",TRUE
"EV000809","E000809","FS0323","10.1186/s12951-024-02423-6","Results","PDF p.11/Results","High",TRUE
"EV000810","E000810","FS0323","10.1186/s12951-024-02423-6","Results","PDF p.14/Results","High",TRUE
"EV000811","E000811","FS0323","10.1186/s12951-024-02423-6","Results","PDF p.14/Results","High",TRUE
"EV000812","E000812","FS0323","10.1186/s12951-024-02423-6","Results","PDF p.11/Results","High",TRUE
"EV000813","E000813","FS0323","10.1186/s12951-024-02423-6","Methods","PDF p.5/Methods","High",TRUE
"EV000814","E000814","FS0324","10.1016/j.biopha.2024.116606","Results","PDF p.15/Results","High",TRUE
"EV000815","E000815","FS0324","10.1016/j.biopha.2024.116606","Results","PDF p.7/Results","High",TRUE
"EV000816","E000816","FS0324","10.1016/j.biopha.2024.116606","Methods","PDF p.2/Methods","High",TRUE
"EV000817","E000817","FS0324","10.1016/j.biopha.2024.116606","Abstract","PDF p.3/Abstract","Medium",TRUE
"EV000818","E000818","FS0324","10.1016/j.biopha.2024.116606","Results","PDF p.14/Results","High",TRUE
"EV000819","E000819","FS0326","10.1186/s12951-025-03261-w","Results","PDF p.5/Results","High",TRUE
"EV000820","E000820","FS0326","10.1186/s12951-025-03261-w","Results","PDF p.14/Results","Medium",TRUE
"EV000821","E000821","FS0326","10.1186/s12951-025-03261-w","Results","PDF p.5/Results","High",TRUE
"EV000822","E000822","FS0326","10.1186/s12951-025-03261-w","Results","PDF p.9/Results","High",TRUE
"EV000823","E000823","FS0326","10.1186/s12951-025-03261-w","Results","PDF p.11/Results","High",TRUE
"EV000824","E000824","FS0326","10.1186/s12951-025-03261-w","Figure","PDF p.7/Figure","High",TRUE
"EV000825","E000825","FS0326","10.1186/s12951-025-03261-w","Results","PDF p.5/Results","High",TRUE
"EV000826","E000826","FS0327","10.1002/sstr.202400014","Results","PDF p.2/Results","High",TRUE
"EV000827","E000827","FS0327","10.1002/sstr.202400014","Results","PDF p.5/Results","High",TRUE
"EV000828","E000828","FS0327","10.1002/sstr.202400014","Results","PDF p.3/Results","High",TRUE
"EV000829","E000829","FS0327","10.1002/sstr.202400014","Methods","PDF p.14/Methods","High",TRUE
"EV000830","E000830","FS0327","10.1002/sstr.202400014","Results","PDF p.14/Results","High",TRUE
"EV000831","E000831","FS0327","10.1002/sstr.202400014","Results","PDF p.15/Results","High",TRUE
"EV000832","E000832","FS0328","10.1016/j.cej.2026.177769","Abstract","PDF p.1/Abstract","Medium",TRUE
"EV000833","E000833","FS0328","10.1016/j.cej.2026.177769","Results","PDF p.10/Results","High",TRUE
"EV000834","E000834","FS0328","10.1016/j.cej.2026.177769","Results","PDF p.7/Results","High",TRUE
"EV000835","E000835","FS0328","10.1016/j.cej.2026.177769","Results","PDF p.14/Results","High",TRUE
"EV000836","E000836","FS0328","10.1016/j.cej.2026.177769","Methods","PDF p.19/Methods","High",TRUE
"EV000837","E000837","FS0328","10.1016/j.cej.2026.177769","Methods","PDF p.20/Methods","High",TRUE
"EV000838","E000838","FS0328","10.1016/j.cej.2026.177769","Methods","PDF p.12/Methods","High",TRUE
"EV000839","E000839","FS0328","10.1016/j.cej.2026.177769","Methods","PDF p.21/Methods","High",TRUE
"EV000840","E000840","FS0329","10.1016/j.jconrel.2025.113838","Results","PDF p.18/Results","High",TRUE
"EV000841","E000841","FS0329","10.1016/j.jconrel.2025.113838","Results","PDF p.15/Results","High",TRUE
"EV000842","E000842","FS0329","10.1016/j.jconrel.2025.113838","Methods","PDF p.5/Methods","High",TRUE
"EV000843","E000843","FS0329","10.1016/j.jconrel.2025.113838","Results","PDF p.15/Results","High",TRUE
"EV000844","E000844","FS0329","10.1016/j.jconrel.2025.113838","Methods","PDF p.6/Methods","High",TRUE
"EV000845","E000845","FS0338","10.1016/j.mtbio.2025.101872","Methods","PDF p.3/Methods","High",TRUE
"EV000846","E000846","FS0338","10.1016/j.mtbio.2025.101872","Results","PDF p.13/Results","High",TRUE
"EV000847","E000847","FS0338","10.1016/j.mtbio.2025.101872","Results","PDF p.7/Results","High",TRUE
"EV000848","E000848","FS0338","10.1016/j.mtbio.2025.101872","Abstract","PDF p.1/Abstract","Medium",TRUE
"EV000849","E000849","FS0338","10.1016/j.mtbio.2025.101872","Results","PDF p.7/Results","High",TRUE
"EV000850","E000850","FS0338","10.1016/j.mtbio.2025.101872","Results","PDF p.13/Results","High",TRUE
"EV000851","E000851","FS0338","10.1016/j.mtbio.2025.101872","Results","PDF p.13/Results","High",TRUE
"EV000852","E000852","FS0338","10.1016/j.mtbio.2025.101872","Methods","PDF p.2/Methods","High",TRUE
"EV000853","E000853","FS0338","10.1016/j.mtbio.2025.101872","Abstract","PDF p.1/Abstract","High",TRUE
"EV000854","E000854","FS0341","10.1002/jbm.a.38016","Abstract","PDF p.1/Abstract","Medium",TRUE
"EV000855","E000855","FS0341","10.1002/jbm.a.38016","Abstract","PDF p.1/Abstract","Medium",TRUE
"EV000856","E000856","FS0341","10.1002/jbm.a.38016","Figure","PDF p.8/Figure","High",TRUE
"EV000857","E000857","FS0341","10.1002/jbm.a.38016","Figure","PDF p.9/Figure","High",TRUE
"EV000858","E000858","FS0341","10.1002/jbm.a.38016","Figure","PDF p.8/Figure","High",TRUE
"EV000859","E000859","FS0341","10.1002/jbm.a.38016","Figure","PDF p.3/Figure","High",TRUE
"EV000860","E000860","FS0341","10.1002/jbm.a.38016","Abstract","PDF p.6/Abstract","Medium",TRUE
"EV000861","E000861","FS0341","10.1002/jbm.a.38016","Abstract","PDF p.8/Abstract","Medium",TRUE
"EV000862","E000862","FS0345","10.1007/s10853-025-11867-6","Methods","PDF p.2/Methods","High",TRUE
"EV000863","E000863","FS0345","10.1007/s10853-025-11867-6","Abstract","PDF p.2/Abstract","Medium",TRUE
"EV000864","E000864","FS0345","10.1007/s10853-025-11867-6","Results","PDF p.9/Results","High",TRUE
"EV000865","E000865","FS0345","10.1007/s10853-025-11867-6","Methods","PDF p.2/Methods","High",TRUE
"EV000866","E000866","FS0345","10.1007/s10853-025-11867-6","Abstract","PDF p.1/Abstract","Medium",TRUE
"EV000867","E000867","FS0346","10.1021/acsami.5c20823","Methods","PDF p.17/Methods","High",TRUE
"EV000868","E000868","FS0346","10.1021/acsami.5c20823","Methods","PDF p.17/Methods","High",TRUE
"EV000869","E000869","FS0346","10.1021/acsami.5c20823","Methods","PDF p.15/Methods","High",TRUE
"EV000870","E000870","FS0346","10.1021/acsami.5c20823","Methods","PDF p.17/Methods","High",TRUE
"EV000871","E000871","FS0346","10.1021/acsami.5c20823","Results","PDF p.9/Results","High",TRUE
"EV000872","E000872","FS0346","10.1021/acsami.5c20823","Abstract","PDF p.3/Abstract","High",TRUE
"EV000873","E000873","FS0346","10.1021/acsami.5c20823","Methods","PDF p.5/Methods","High",TRUE
"EV000874","E000874","FS0348","10.1021/acsnano.5c03023","Abstract","PDF p.1/Abstract","Medium",TRUE
"EV000875","E000875","FS0348","10.1021/acsnano.5c03023","Abstract","PDF p.1/Abstract","Medium",TRUE
"EV000876","E000876","FS0348","10.1021/acsnano.5c03023","Abstract","PDF p.1/Abstract","Medium",TRUE
"EV000877","E000877","FS0348","10.1021/acsnano.5c03023","Abstract","PDF p.1/Abstract","Medium",TRUE
"EV000878","E000878","FS0348","10.1021/acsnano.5c03023","Results","PDF p.19/Results","Medium",TRUE
"EV000879","E000879","FS0350","10.1002/smll.202304433","Figure","PDF p.10/Figure","Medium",TRUE
"EV000880","E000880","FS0350","10.1002/smll.202304433","Figure","PDF p.13/Figure","High",TRUE
"EV000881","E000881","FS0350","10.1002/smll.202304433","Figure","PDF p.13/Figure","High",TRUE
"EV000882","E000882","FS0350","10.1002/smll.202304433","Figure","PDF p.12/Figure","High",TRUE
"EV000883","E000883","FS0356","10.34133/research.0973","Results","PDF p.7/Results","High",TRUE
"EV000884","E000884","FS0356","10.34133/research.0973","Results","PDF p.4/Results","High",TRUE
"EV000885","E000885","FS0356","10.34133/research.0973","Results","PDF p.13/Results","High",TRUE
"EV000886","E000886","FS0356","10.34133/research.0973","Methods","PDF p.18/Methods","High",TRUE
"EV000887","E000887","FS0356","10.34133/research.0973","Methods","PDF p.7/Methods","High",TRUE
"EV000888","E000888","FS0356","10.34133/research.0973","Methods","PDF p.14/Methods","High",TRUE
"EV000889","E000889","FS0358","10.1002/adhm.202503543","Abstract","PDF p.1/Abstract","Medium",TRUE
"EV000890","E000890","FS0358","10.1002/adhm.202503543","Abstract","PDF p.1/Abstract","Medium",TRUE
"EV000891","E000891","FS0358","10.1002/adhm.202503543","Abstract","PDF p.1/Abstract","Medium",TRUE
"EV000892","E000892","FS0358","10.1002/adhm.202503543","Figure","PDF p.3/Figure","High",TRUE
"EV000893","E000893","FS0358","10.1002/adhm.202503543","Abstract","PDF p.1/Abstract","Medium",TRUE
"EV000894","E000894","FS0358","10.1002/adhm.202503543","Abstract","PDF p.1/Abstract","Medium",TRUE
"EV000895","E000895","FS0361","10.1016/j.mtbio.2025.102605","Results","PDF p.7/Results","High",TRUE
"EV000896","E000896","FS0361","10.1016/j.mtbio.2025.102605","Methods","PDF p.19/Methods","High",TRUE
"EV000897","E000897","FS0361","10.1016/j.mtbio.2025.102605","Methods","PDF p.16/Methods","High",TRUE
"EV000898","E000898","FS0362","10.1186/s12951-026-04047-4","Methods","PDF p.19/Methods","High",TRUE
"EV000899","E000899","FS0362","10.1186/s12951-026-04047-4","Results","PDF p.10/Results","High",TRUE
"EV000900","E000900","FS0362","10.1186/s12951-026-04047-4","Figure","PDF p.17/Figure","High",TRUE
"EV000901","E000901","FS0362","10.1186/s12951-026-04047-4","Results","PDF p.6/Results","High",TRUE
"EV000902","E000902","FS0362","10.1186/s12951-026-04047-4","Results","PDF p.6/Results","High",TRUE
"EV000903","E000903","FS0362","10.1186/s12951-026-04047-4","Abstract","PDF p.1/Abstract","Medium",TRUE
"EV000904","E000904","FS0362","10.1186/s12951-026-04047-4","Methods","PDF p.18/Methods","High",TRUE
"EV000905","E000905","FS0365","10.3389/fphar.2025.1725973","Results","PDF p.6/Results","High",TRUE
"EV000906","E000906","FS0365","10.3389/fphar.2025.1725973","Methods","PDF p.3/Methods","High",TRUE
"EV000907","E000907","FS0365","10.3389/fphar.2025.1725973","Methods","PDF p.5/Methods","High",TRUE
"EV000909","E000909","FS0365","10.3389/fphar.2025.1725973","Results","PDF p.8/Results","High",TRUE
"EV000910","E000910","FS0365","10.3389/fphar.2025.1725973","Methods","PDF p.3/Methods","High",TRUE
"EV000911","E000911","FS0365","10.3389/fphar.2025.1725973","Methods","PDF p.8/Methods","High",TRUE
"EV000913","E000913","FS0367","10.1038/s41368-024-00340-w","Methods","PDF p.13/Methods","High",TRUE
"EV000914","E000914","FS0367","10.1038/s41368-024-00340-w","Results","PDF p.2/Results","High",TRUE
"EV000915","E000915","FS0367","10.1038/s41368-024-00340-w","Results","PDF p.2/Results","High",TRUE
"EV000916","E000916","FS0367","10.1038/s41368-024-00340-w","Results","PDF p.2/Results","High",TRUE
"EV000917","E000917","FS0367","10.1038/s41368-024-00340-w","Results","PDF p.2/Results","High",TRUE
"EV000918","E000918","FS0367","10.1038/s41368-024-00340-w","Results","PDF p.3/Results","High",TRUE
"EV000919","E000919","FS0367","10.1038/s41368-024-00340-w","Results","PDF p.5/Results","High",TRUE
"EV000920","E000920","FS0367","10.1038/s41368-024-00340-w","Methods","PDF p.12/Methods","High",TRUE
"EV000921","E000921","FS0367","10.1038/s41368-024-00340-w","Methods","PDF p.12/Methods","High",TRUE
"EV000922","E000922","FS0367","10.1038/s41368-024-00340-w","Results","PDF p.8/Results","High",TRUE
"EV000923","E000923","FS0371","10.7150/thno.103746","Methods","PDF p.3/Methods","High",TRUE
"EV000924","E000924","FS0371","10.7150/thno.103746","Results","PDF p.15/Results","High",TRUE
"EV000925","E000925","FS0371","10.7150/thno.103746","Results","PDF p.15/Results","High",TRUE
"EV000926","E000926","FS0371","10.7150/thno.103746","Results","PDF p.18/Results","High",TRUE
"EV000927","E000927","FS0371","10.7150/thno.103746","Results","PDF p.8/Results","High",TRUE
"EV000928","E000928","FS0371","10.7150/thno.103746","Results","PDF p.11/Results","High",TRUE
"EV000929","E000929","FS0371","10.7150/thno.103746","Results","PDF p.15/Results","High",TRUE
"EV000930","E000930","FS0374","10.1002/advs.202507186","Results","PDF p.11/Results","High",TRUE
"EV000931","E000931","FS0374","10.1002/advs.202507186","Results","PDF p.9/Results","High",TRUE
"EV000932","E000932","FS0374","10.1002/advs.202507186","Methods","PDF p.17/Methods","High",TRUE
"EV000933","E000933","FS0376","10.1016/j.biomaterials.2025.123384","Abstract","PDF p.1/Abstract","Medium",TRUE
"EV000934","E000934","FS0376","10.1016/j.biomaterials.2025.123384","Results","PDF p.5/Results","High",TRUE
"EV000935","E000935","FS0376","10.1016/j.biomaterials.2025.123384","Abstract","PDF p.1/Abstract","Medium",TRUE
"EV000936","E000936","FS0376","10.1016/j.biomaterials.2025.123384","Abstract","PDF p.1/Abstract","Medium",TRUE
"EV000937","E000937","FS0376","10.1016/j.biomaterials.2025.123384","Abstract","PDF p.1/Abstract","Medium",TRUE
"EV000938","E000938","FS0376","10.1016/j.biomaterials.2025.123384","Results","PDF p.8/Results","High",TRUE
"EV000939","E000939","FS0376","10.1016/j.biomaterials.2025.123384","Abstract","PDF p.12/Abstract","High",TRUE
"EV000940","E000940","FS0376","10.1016/j.biomaterials.2025.123384","Abstract","PDF p.5/Abstract","High",TRUE
"EV000941","E000941","FS0380","10.1016/j.actbio.2025.06.011","Results","PDF p.5/Results","High",TRUE
"EV000942","E000942","FS0380","10.1016/j.actbio.2025.06.011","Results","PDF p.5/Results","High",TRUE
"EV000943","E000943","FS0380","10.1016/j.actbio.2025.06.011","Results","PDF p.13/Results","High",TRUE
"EV000944","E000944","FS0380","10.1016/j.actbio.2025.06.011","Abstract","PDF p.1/Abstract","Medium",TRUE
"EV000946","E000946","FS0380","10.1016/j.actbio.2025.06.011","Abstract","PDF p.1/Abstract","Medium",TRUE
"EV000947","E000947","FS0380","10.1016/j.actbio.2025.06.011","Results","PDF p.13/Results","High",TRUE
"EV000948","E000948","FS0380","10.1016/j.actbio.2025.06.011","Results","PDF p.13/Results","High",TRUE
"EV000949","E000949","FS0380","10.1016/j.actbio.2025.06.011","Results","PDF p.5/Results","High",TRUE
"EV000950","E000950","FS0380","10.1016/j.actbio.2025.06.011","Results","PDF p.5/Results","High",TRUE
"EV000951","E000951","FS0380","10.1016/j.actbio.2025.06.011","Results","PDF p.7/Results","High",TRUE
"EV000952","E000952","FS0380","10.1016/j.actbio.2025.06.011","Results","PDF p.7/Results","High",TRUE
"EV000953","E000953","FS0382","10.1002/sstr.202500413","Figure","PDF p.3/Figure","High",TRUE
"EV000954","E000954","FS0382","10.1002/sstr.202500413","Abstract","PDF p.1/Abstract","High",TRUE
"EV000955","E000955","FS0382","10.1002/sstr.202500413","Figure","PDF p.10/Figure","High",TRUE
"EV000956","E000956","FS0382","10.1002/sstr.202500413","Figure","PDF p.3/Figure","High",TRUE
"EV000957","E000957","FS0382","10.1002/sstr.202500413","Methods","PDF p.13/Methods","Medium",TRUE
"EV000958","E000958","FS0382","10.1002/sstr.202500413","Results","PDF p.11/Results","High",TRUE
"EV000959","E000959","FS0384","10.1088/1748-605x/adae6d","Abstract","PDF p.2/Abstract","Medium",TRUE
"EV000960","E000960","FS0384","10.1088/1748-605x/adae6d","Methods","PDF p.3/Methods","High",TRUE
"EV000961","E000961","FS0384","10.1088/1748-605x/adae6d","Methods","PDF p.3/Methods","High",TRUE
"EV000962","E000962","FS0384","10.1088/1748-605x/adae6d","Results","PDF p.5/Results","High",TRUE
"EV000963","E000963","FS0384","10.1088/1748-605x/adae6d","Results","PDF p.6/Results","Medium",TRUE
"EV000964","E000964","FS0384","10.1088/1748-605x/adae6d","Results","PDF p.9/Results","High",TRUE
"EV000965","E000965","FS0384","10.1088/1748-605x/adae6d","Results","PDF p.8/Results","High",TRUE
"EV000966","E000966","FS0384","10.1088/1748-605x/adae6d","Methods","PDF p.5/Methods","High",TRUE
"EV000967","E000967","FS0384","10.1088/1748-605x/adae6d","Methods","PDF p.11/Methods","High",TRUE
"EV000968","E000968","FS0384","10.1088/1748-605x/adae6d","Methods","PDF p.11/Methods","High",TRUE
"EV000969","E000969","FS0385","10.1016/j.ijbiomac.2025.146282","Results","PDF p.4/Results","High",TRUE
"EV000970","E000970","FS0385","10.1016/j.ijbiomac.2025.146282","Results","PDF p.4/Results","High",TRUE
"EV000971","E000971","FS0385","10.1016/j.ijbiomac.2025.146282","Abstract","PDF p.1/Abstract","High",TRUE
"EV000972","E000972","FS0385","10.1016/j.ijbiomac.2025.146282","Methods","PDF p.15/Methods","High",TRUE
"EV000973","E000973","FS0386","10.1002/smll.202507315","Results","PDF p.13/Results","High",TRUE
"EV000974","E000974","FS0386","10.1002/smll.202507315","Results","PDF p.13/Results","High",TRUE
"EV000975","E000975","FS0386","10.1002/smll.202507315","Results","PDF p.2/Results","High",TRUE
"EV000976","E000976","FS0386","10.1002/smll.202507315","Results","PDF p.13/Results","High",TRUE
"EV000977","E000977","FS0386","10.1002/smll.202507315","Results","PDF p.10/Results","High",TRUE
"EV000978","E000978","FS0389","10.1002/advs.202501612","Results","PDF p.9/Results","High",TRUE
"EV000979","E000979","FS0389","10.1002/advs.202501612","Results","PDF p.2/Results","High",TRUE
"EV000980","E000980","FS0389","10.1002/advs.202501612","Results","PDF p.13/Results","High",TRUE
"EV000981","E000981","FS0389","10.1002/advs.202501612","Results","PDF p.6/Results","High",TRUE
"EV000982","E000982","FS0389","10.1002/advs.202501612","Results","PDF p.3/Results","High",TRUE
"EV000983","E000983","FS0389","10.1002/advs.202501612","Results","PDF p.3/Results","High",TRUE
"EV000984","E000984","FS0389","10.1002/advs.202501612","Methods","PDF p.17/Methods","High",TRUE
"EV000985","E000985","FS0391","10.1002/advs.202521619","Results","PDF p.10/Results","High",TRUE
"EV000986","E000986","FS0391","10.1002/advs.202521619","Results","PDF p.11/Results","High",TRUE
"EV000987","E000987","FS0391","10.1002/advs.202521619","Results","PDF p.7/Results","High",TRUE
"EV000988","E000988","FS0391","10.1002/advs.202521619","Results","PDF p.3/Results","High",TRUE
"EV000989","E000989","FS0391","10.1002/advs.202521619","Results","PDF p.7/Results","High",TRUE
"EV000990","E000990","FS0391","10.1002/advs.202521619","Results","PDF p.2/Results","High",TRUE
"EV000991","E000991","FS0391","10.1002/advs.202521619","Results","PDF p.11/Results","High",TRUE
"EV000992","E000992","FS0392","10.1002/adhm.202501928","Figure","PDF p.3/Figure","High",TRUE
"EV000993","E000993","FS0392","10.1002/adhm.202501928","Figure","PDF p.6/Figure","High",TRUE
"EV000994","E000994","FS0392","10.1002/adhm.202501928","Figure","PDF p.3/Figure","High",TRUE
"EV000995","E000995","FS0392","10.1002/adhm.202501928","Figure","PDF p.3/Figure","High",TRUE
"EV000996","E000996","FS0392","10.1002/adhm.202501928","Results","PDF p.18/Results","High",TRUE
"EV000997","E000997","FS0393","10.1007/s42765-025-00513-0","Abstract","PDF p.1/Abstract","Medium",TRUE
"EV000998","E000998","FS0393","10.1007/s42765-025-00513-0","Abstract","PDF p.1/Abstract","Medium",TRUE
"EV000999","E000999","FS0393","10.1007/s42765-025-00513-0","Methods","PDF p.19/Methods","High",TRUE
"EV001000","E001000","FS0393","10.1007/s42765-025-00513-0","Methods","PDF p.20/Methods","High",TRUE
"EV001001","E001001","FS0394","10.1016/j.reth.2026.101085","Methods","PDF p.2/Methods","High",TRUE
"EV001002","E001002","FS0394","10.1016/j.reth.2026.101085","Methods","PDF p.2/Methods","High",TRUE
"EV001003","E001003","FS0394","10.1016/j.reth.2026.101085","Methods","PDF p.2/Methods","High",TRUE
"EV001004","E001004","FS0394","10.1016/j.reth.2026.101085","Results","PDF p.9/Results","High",TRUE
"EV001005","E001005","FS0394","10.1016/j.reth.2026.101085","Methods","PDF p.2/Methods","High",TRUE
"EV001006","E001006","FS0394","10.1016/j.reth.2026.101085","Results","PDF p.9/Results","High",TRUE
"EV001007","E001007","FS0394","10.1016/j.reth.2026.101085","Methods","PDF p.7/Methods","High",TRUE
"EV001008","E001008","FS0394","10.1016/j.reth.2026.101085","Methods","PDF p.7/Methods","High",TRUE
"EV001009","E001009","FS0395","10.1021/acsabm.6c00387","Methods","PDF p.3/Methods","High",TRUE
"EV001010","E001010","FS0395","10.1021/acsabm.6c00387","Methods","PDF p.3/Methods","High",TRUE
"EV001011","E001011","FS0395","10.1021/acsabm.6c00387","Results","PDF p.5/Results","High",TRUE
"EV001012","E001012","FS0395","10.1021/acsabm.6c00387","Results","PDF p.6/Results","High",TRUE
"EV001013","E001013","FS0395","10.1021/acsabm.6c00387","Results","PDF p.6/Results","High",TRUE
"EV001014","E001014","FS0395","10.1021/acsabm.6c00387","Abstract","PDF p.1/Abstract","High",TRUE
"EV001015","E001015","FS0397","10.1002/adhm.202402909","Results","PDF p.4/Results","High",TRUE
"EV001016","E001016","FS0397","10.1002/adhm.202402909","Results","PDF p.6/Results","High",TRUE
"EV001017","E001017","FS0397","10.1002/adhm.202402909","Results","PDF p.6/Results","High",TRUE
"EV001018","E001018","FS0397","10.1002/adhm.202402909","Methods","PDF p.19/Methods","High",TRUE
"EV001019","E001019","FS0397","10.1002/adhm.202402909","Results","PDF p.12/Results","High",TRUE
"EV001020","E001020","FS0397","10.1002/adhm.202402909","Results","PDF p.16/Results","High",TRUE
"EV001021","E001021","FS0399","10.1016/j.cej.2025.170411","Abstract","PDF p.1/Abstract","Medium",TRUE
"EV001022","E001022","FS0399","10.1016/j.cej.2025.170411","Abstract","PDF p.1/Abstract","Medium",TRUE
"EV001023","E001023","FS0399","10.1016/j.cej.2025.170411","Methods","PDF p.3/Methods","High",TRUE
"EV001024","E001024","FS0399","10.1016/j.cej.2025.170411","Methods","PDF p.3/Methods","High",TRUE
"EV001025","E001025","FS0399","10.1016/j.cej.2025.170411","Methods","PDF p.3/Methods","High",TRUE
"EV001026","E001026","FS0399","10.1016/j.cej.2025.170411","Results","PDF p.12/Results","High",TRUE
"EV001027","E001027","FS0399","10.1016/j.cej.2025.170411","Results","PDF p.21/Results","High",TRUE
"EV001028","E001028","FS0399","10.1016/j.cej.2025.170411","Methods","PDF p.12/Methods","High",TRUE
"EV001029","E001029","FS0399","10.1016/j.cej.2025.170411","Results","PDF p.22/Results","High",TRUE
"EV001030","E001030","FS0400","10.1016/j.bioactmat.2026.02.002","Results","PDF p.8/Results","High",TRUE
"EV001031","E001031","FS0400","10.1016/j.bioactmat.2026.02.002","Methods","PDF p.16/Methods","High",TRUE
"EV001032","E001032","FS0400","10.1016/j.bioactmat.2026.02.002","Results","PDF p.6/Results","High",TRUE
"EV001033","E001033","FS0400","10.1016/j.bioactmat.2026.02.002","Results","PDF p.11/Results","Medium",TRUE
"EV001034","E001034","FS0400","10.1016/j.bioactmat.2026.02.002","Results","PDF p.12/Results","High",TRUE
"EV001035","E001035","FS0400","10.1016/j.bioactmat.2026.02.002","Results","PDF p.8/Results","High",TRUE
"EV001036","E001036","FS0400","10.1016/j.bioactmat.2026.02.002","Results","PDF p.7/Results","High",TRUE
"EV001037","E001037","FS0400","10.1016/j.bioactmat.2026.02.002","Results","PDF p.9/Results","High",TRUE
"EV001038","E001038","FS0401","10.1186/s12951-025-03168-6","Results","PDF p.12/Results","High",TRUE
"EV001039","E001039","FS0401","10.1186/s12951-025-03168-6","Results","PDF p.12/Results","High",TRUE
"EV001040","E001040","FS0401","10.1186/s12951-025-03168-6","Results","PDF p.12/Results","High",TRUE
"EV001041","E001041","FS0401","10.1186/s12951-025-03168-6","Results","PDF p.12/Results","High",TRUE
"EV001042","E001042","FS0401","10.1186/s12951-025-03168-6","Results","PDF p.16/Results","High",TRUE
"EV001043","E001043","FS0402","10.26599/nr.2026.94908573","Abstract","PDF p.1/Abstract","Medium",TRUE
"EV001044","E001044","FS0402","10.26599/nr.2026.94908573","Abstract","PDF p.1/Abstract","Medium",TRUE
"EV001045","E001045","FS0402","10.26599/nr.2026.94908573","Abstract","PDF p.1/Abstract","Medium",TRUE
"EV001046","E001046","FS0402","10.26599/nr.2026.94908573","Figure","PDF p.3/Figure","High",TRUE
"EV001047","E001047","FS0402","10.26599/nr.2026.94908573","Methods","PDF p.8/Methods","High",TRUE
"EV001048","E001048","FS0402","10.26599/nr.2026.94908573","Methods","PDF p.19/Methods","Medium",TRUE
"EV001049","E001049","FS0404","10.1186/s12951-025-03103-9","Methods","PDF p.18/Methods","High",TRUE
"EV001050","E001050","FS0404","10.1186/s12951-025-03103-9","Abstract","PDF p.2/Abstract","Medium",TRUE
"EV001051","E001051","FS0404","10.1186/s12951-025-03103-9","Results","PDF p.3/Results","High",TRUE
"EV001052","E001052","FS0404","10.1186/s12951-025-03103-9","Results","PDF p.11/Results","High",TRUE
"EV001053","E001053","FS0404","10.1186/s12951-025-03103-9","Results","PDF p.7/Results","High",TRUE
"EV001054","E001054","FS0404","10.1186/s12951-025-03103-9","Abstract","PDF p.1/Abstract","Medium",TRUE
"EV001055","E001055","FS0404","10.1186/s12951-025-03103-9","Results","PDF p.15/Results","High",TRUE
"EV001056","E001056","FS0406","10.2147/dmso.s538346","Methods","PDF p.3/Methods","High",TRUE
"EV001057","E001057","FS0406","10.2147/dmso.s538346","Results","PDF p.4/Results","High",TRUE
"EV001058","E001058","FS0406","10.2147/dmso.s538346","Methods","PDF p.3/Methods","High",TRUE
"EV001059","E001059","FS0409","10.1016/j.mtbio.2025.102036","Abstract","PDF p.1/Abstract","Medium",TRUE
"EV001060","E001060","FS0409","10.1016/j.mtbio.2025.102036","Abstract","PDF p.1/Abstract","Medium",TRUE
"EV001061","E001061","FS0409","10.1016/j.mtbio.2025.102036","Results","PDF p.6/Results","High",TRUE
"EV001062","E001062","FS0409","10.1016/j.mtbio.2025.102036","Abstract","PDF p.1/Abstract","High",TRUE
"EV001063","E001063","FS0409","10.1016/j.mtbio.2025.102036","Abstract","PDF p.2/Abstract","High",TRUE
"EV001064","E001064","FS0414","10.12307/2025.439","Abstract","PDF p.2/Abstract","Medium",TRUE
"EV001065","E001065","FS0414","10.12307/2025.439","Abstract","PDF p.2/Abstract","Medium",TRUE
"EV001066","E001066","FS0414","10.12307/2025.439","Abstract","PDF p.2/Abstract","Medium",TRUE
"EV001067","E001067","FS0414","10.12307/2025.439","Figure","PDF p.7/Figure","High",TRUE
"EV001068","E001068","FS0414","10.12307/2025.439","Abstract","PDF p.2/Abstract","Medium",TRUE
"EV001069","E001069","FS0414","10.12307/2025.439","Abstract","PDF p.2/Abstract","Medium",TRUE
"EV001070","E001070","FS0418","10.1186/s12951-025-03274-5","Results","PDF p.11/Results","High",TRUE
"EV001071","E001071","FS0418","10.1186/s12951-025-03274-5","Methods","PDF p.3/Methods","High",TRUE
"EV001072","E001072","FS0418","10.1186/s12951-025-03274-5","Results","PDF p.9/Results","High",TRUE
"EV001073","E001073","FS0418","10.1186/s12951-025-03274-5","Results","PDF p.9/Results","High",TRUE
"EV001074","E001074","FS0418","10.1186/s12951-025-03274-5","Methods","PDF p.6/Methods","Medium",TRUE
"EV001075","E001075","FS0419","10.1002/advs.202506982","Results","PDF p.11/Results","High",TRUE
"EV001076","E001076","FS0419","10.1002/advs.202506982","Results","PDF p.11/Results","High",TRUE
"EV001077","E001077","FS0419","10.1002/advs.202506982","Results","PDF p.13/Results","High",TRUE
"EV001078","E001078","FS0419","10.1002/advs.202506982","Results","PDF p.11/Results","High",TRUE
"EV001079","E001079","FS0424","10.1016/j.cej.2026.178077","Results","PDF p.8/Results","High",TRUE
"EV001080","E001080","FS0424","10.1016/j.cej.2026.178077","Results","PDF p.7/Results","High",TRUE
"EV001081","E001081","FS0424","10.1016/j.cej.2026.178077","Results","PDF p.5/Results","High",TRUE
"EV001082","E001082","FS0424","10.1016/j.cej.2026.178077","Results","PDF p.8/Results","High",TRUE
"EV001083","E001083","FS0428","10.1016/j.mtbio.2024.101323","Methods","PDF p.16/Methods","High",TRUE
"EV001084","E001084","FS0428","10.1016/j.mtbio.2024.101323","Methods","PDF p.16/Methods","High",TRUE
"EV001085","E001085","FS0428","10.1016/j.mtbio.2024.101323","Figure","PDF p.10/Figure","High",TRUE
"EV001086","E001086","FS0428","10.1016/j.mtbio.2024.101323","Methods","PDF p.14/Methods","High",TRUE
"EV001087","E001087","FS0428","10.1016/j.mtbio.2024.101323","Figure","PDF p.11/Figure","High",TRUE
"EV001088","E001088","FS0428","10.1016/j.mtbio.2024.101323","Methods","PDF p.14/Methods","High",TRUE
"EV001089","E001089","FS0428","10.1016/j.mtbio.2024.101323","Figure","PDF p.4/Figure","High",TRUE
"EV001090","E001090","FS0428","10.1016/j.mtbio.2024.101323","Methods","PDF p.14/Methods","High",TRUE
"EV001091","E001091","FS0428","10.1016/j.mtbio.2024.101323","Results","PDF p.15/Results","High",TRUE
"EV001092","E001092","FS0430","10.1016/j.actbio.2025.02.060","Results","PDF p.6/Results","High",TRUE
"EV001093","E001093","FS0430","10.1016/j.actbio.2025.02.060","Results","PDF p.14/Results","High",TRUE
"EV001094","E001094","FS0430","10.1016/j.actbio.2025.02.060","Results","PDF p.10/Results","High",TRUE
"EV001095","E001095","FS0430","10.1016/j.actbio.2025.02.060","Results","PDF p.10/Results","High",TRUE
"EV001096","E001096","FS0430","10.1016/j.actbio.2025.02.060","Abstract","PDF p.1/Abstract","Medium",TRUE
"EV001097","E001097","FS0430","10.1016/j.actbio.2025.02.060","Methods","PDF p.8/Methods","High",TRUE
"EV001098","E001098","FS0430","10.1016/j.actbio.2025.02.060","Methods","PDF p.5/Methods","High",TRUE
"EV001099","E001099","FS0433","10.1021/acsnano.5c01332","Abstract","PDF p.1/Abstract","Medium",TRUE
"EV001100","E001100","FS0433","10.1021/acsnano.5c01332","Methods","PDF p.21/Methods","High",TRUE
"EV001101","E001101","FS0433","10.1021/acsnano.5c01332","Methods","PDF p.21/Methods","High",TRUE
"EV001102","E001102","FS0433","10.1021/acsnano.5c01332","Methods","PDF p.19/Methods","High",TRUE
"EV001103","E001103","FS0433","10.1021/acsnano.5c01332","Results","PDF p.16/Results","High",TRUE
"EV001104","E001104","FS0433","10.1021/acsnano.5c01332","Methods","PDF p.17/Methods","High",TRUE
"EV001105","E001105","FS0433","10.1021/acsnano.5c01332","Results","PDF p.6/Results","High",TRUE
"EV001106","E001106","FS0433","10.1021/acsnano.5c01332","Abstract","PDF p.1/Abstract","Medium",TRUE
"EV001107","E001107","FS0433","10.1021/acsnano.5c01332","Methods","PDF p.17/Methods","High",TRUE
"EV001108","E001108","FS0433","10.1021/acsnano.5c01332","Methods","PDF p.16/Methods","High",TRUE
"EV001109","E001109","FS0436","10.1016/j.cej.2024.149842","Results","PDF p.3/Results","Medium",TRUE
"EV001110","E001110","FS0436","10.1016/j.cej.2024.149842","Results","PDF p.10/Results","High",TRUE
"EV001111","E001111","FS0436","10.1016/j.cej.2024.149842","Results","PDF p.9/Results","High",TRUE
"EV001112","E001112","FS0436","10.1016/j.cej.2024.149842","Results","PDF p.7/Results","High",TRUE
"EV001113","E001113","FS0436","10.1016/j.cej.2024.149842","Results","PDF p.14/Results","High",TRUE
"EV001114","E001114","FS0438","10.2147/ijn.s544168","Results","PDF p.16/Results","High",TRUE
"EV001115","E001115","FS0438","10.2147/ijn.s544168","Methods","PDF p.5/Methods","High",TRUE
"EV001116","E001116","FS0438","10.2147/ijn.s544168","Results","PDF p.10/Results","High",TRUE
"EV001117","E001117","FS0438","10.2147/ijn.s544168","Results","PDF p.8/Results","High",TRUE
"EV001118","E001118","FS0438","10.2147/ijn.s544168","Results","PDF p.12/Results","High",TRUE
"EV001119","E001119","FS0438","10.2147/ijn.s544168","Results","PDF p.15/Results","High",TRUE
"EV001120","E001120","FS0439","10.1016/j.jconrel.2025.114393","Results","PDF p.8/Results","High",TRUE
"EV001121","E001121","FS0439","10.1016/j.jconrel.2025.114393","Methods","PDF p.16/Methods","High",TRUE
"EV001122","E001122","FS0439","10.1016/j.jconrel.2025.114393","Results","PDF p.13/Results","Medium",TRUE
"EV001123","E001123","FS0439","10.1016/j.jconrel.2025.114393","Results","PDF p.7/Results","High",TRUE
"EV001124","E001124","FS0439","10.1016/j.jconrel.2025.114393","Methods","PDF p.16/Methods","High",TRUE
"EV001125","E001125","FS0439","10.1016/j.jconrel.2025.114393","Results","PDF p.5/Results","High",TRUE
"EV001126","E001126","FS0439","10.1016/j.jconrel.2025.114393","Methods","PDF p.17/Methods","High",TRUE
"EV001127","E001127","FS0439","10.1016/j.jconrel.2025.114393","Results","PDF p.6/Results","High",TRUE
"EV001128","E001128","FS0439","10.1016/j.jconrel.2025.114393","Results","PDF p.6/Results","High",TRUE
"EV001129","E001129","FS0440","10.1016/j.actbio.2025.12.031","Methods","PDF p.2/Methods","High",TRUE
"EV001130","E001130","FS0440","10.1016/j.actbio.2025.12.031","Results","PDF p.9/Results","High",TRUE
"EV001131","E001131","FS0440","10.1016/j.actbio.2025.12.031","Results","PDF p.9/Results","High",TRUE
"EV001132","E001132","FS0440","10.1016/j.actbio.2025.12.031","Results","PDF p.13/Results","High",TRUE
"EV001133","E001133","FS0440","10.1016/j.actbio.2025.12.031","Methods","PDF p.4/Methods","High",TRUE
"EV001134","E001134","FS0440","10.1016/j.actbio.2025.12.031","Methods","PDF p.11/Methods","High",TRUE
"EV001135","E001135","FS0446","10.1016/j.matdes.2026.116383","Results","PDF p.13/Results","Medium",TRUE
"EV001136","E001136","FS0446","10.1016/j.matdes.2026.116383","Results","PDF p.13/Results","High",TRUE
"EV001137","E001137","FS0446","10.1016/j.matdes.2026.116383","Methods","PDF p.3/Methods","High",TRUE
"EV001138","E001138","FS0446","10.1016/j.matdes.2026.116383","Methods","PDF p.4/Methods","High",TRUE
"EV001139","E001139","FS0446","10.1016/j.matdes.2026.116383","Abstract","PDF p.5/Abstract","High",TRUE
"EV001140","E001140","FS0449","10.1126/sciadv.adl0372","Figure","PDF p.8/Figure","High",TRUE
"EV001141","E001141","FS0449","10.1126/sciadv.adl0372","Methods","PDF p.13/Methods","High",TRUE
"EV001142","E001142","FS0449","10.1126/sciadv.adl0372","Methods","PDF p.13/Methods","High",TRUE
"EV001143","E001143","FS0449","10.1126/sciadv.adl0372","Results","PDF p.7/Results","High",TRUE
"EV001144","E001144","FS0449","10.1126/sciadv.adl0372","Methods","PDF p.13/Methods","High",TRUE
"EV001145","E001145","FS0449","10.1126/sciadv.adl0372","Results","PDF p.7/Results","High",TRUE
"EV001146","E001146","FS0450","10.1016/j.bioadv.2024.214010","Abstract","PDF p.1/Abstract","Medium",TRUE
"EV001147","E001147","FS0450","10.1016/j.bioadv.2024.214010","Abstract","PDF p.1/Abstract","Medium",TRUE
"EV001148","E001148","FS0450","10.1016/j.bioadv.2024.214010","Results","PDF p.11/Results","Medium",TRUE
"EV001149","E001149","FS0450","10.1016/j.bioadv.2024.214010","Results","PDF p.11/Results","High",TRUE
"EV001150","E001150","FS0450","10.1016/j.bioadv.2024.214010","Results","PDF p.14/Results","High",TRUE
"EV001151","E001151","FS0450","10.1016/j.bioadv.2024.214010","Abstract","PDF p.1/Abstract","Medium",TRUE
"EV001152","E001152","FS0450","10.1016/j.bioadv.2024.214010","Abstract","PDF p.3/Abstract","High",TRUE
"EV001153","E001153","FS0453","10.1021/acsabm.4c01361","Methods","PDF p.3/Methods","High",TRUE
"EV001154","E001154","FS0453","10.1021/acsabm.4c01361","Results","PDF p.5/Results","High",TRUE
"EV001155","E001155","FS0453","10.1021/acsabm.4c01361","Methods","PDF p.3/Methods","High",TRUE
"EV001156","E001156","FS0453","10.1021/acsabm.4c01361","Results","PDF p.8/Results","High",TRUE
"EV001157","E001157","FS0453","10.1021/acsabm.4c01361","Results","PDF p.8/Results","High",TRUE
"EV001158","E001158","FS0453","10.1021/acsabm.4c01361","Methods","PDF p.3/Methods","High",TRUE
"EV001159","E001159","FS0453","10.1021/acsabm.4c01361","Methods","PDF p.3/Methods","High",TRUE
"EV001160","E001160","FS0453","10.1021/acsabm.4c01361","Abstract","PDF p.3/Abstract","High",TRUE
"EV001162","E001162","FS0454","10.1016/j.biomaterials.2026.124316","Results","PDF p.17/Results","High",TRUE
"EV001163","E001163","FS0454","10.1016/j.biomaterials.2026.124316","Methods","PDF p.7/Methods","High",TRUE
"EV001164","E001164","FS0454","10.1016/j.biomaterials.2026.124316","Results","PDF p.12/Results","High",TRUE
"EV001165","E001165","FS0454","10.1016/j.biomaterials.2026.124316","Results","PDF p.5/Results","High",TRUE
"EV001166","E001166","FS0454","10.1016/j.biomaterials.2026.124316","Methods","PDF p.14/Methods","High",TRUE
"EV001167","E001167","FS0454","10.1016/j.biomaterials.2026.124316","Methods","PDF p.3/Methods","High",TRUE
"EV001168","E001168","FS0458","10.1002/app.56032","Figure","PDF p.6/Figure","High",TRUE
"EV001169","E001169","FS0459","10.1016/j.cej.2025.170093","Abstract","PDF p.1/Abstract","Medium",TRUE
"EV001171","E001171","FS0459","10.1016/j.cej.2025.170093","Abstract","PDF p.1/Abstract","Medium",TRUE
"EV001172","E001172","FS0459","10.1016/j.cej.2025.170093","Methods","PDF p.14/Methods","High",TRUE
"EV001173","E001173","FS0459","10.1016/j.cej.2025.170093","Methods","PDF p.14/Methods","High",TRUE
"EV001174","E001174","FS0459","10.1016/j.cej.2025.170093","Methods","PDF p.14/Methods","High",TRUE
"EV001175","E001175","FS0459","10.1016/j.cej.2025.170093","Results","PDF p.7/Results","High",TRUE
"EV001176","E001176","FS0459","10.1016/j.cej.2025.170093","Results","PDF p.4/Results","High",TRUE
"EV001177","E001177","FS0459","10.1016/j.cej.2025.170093","Methods","PDF p.14/Methods","High",TRUE
"EV001178","E001178","FS0459","10.1016/j.cej.2025.170093","Results","PDF p.5/Results","High",TRUE
"EV001179","E001179","FS0459","10.1016/j.cej.2025.170093","Results","PDF p.5/Results","High",TRUE
"EV001180","E001180","FS0460","10.1002/adhm.202401275","Figure","PDF p.13/Figure","High",TRUE
"EV001181","E001181","FS0460","10.1002/adhm.202401275","Figure","PDF p.8/Figure","High",TRUE
"EV001182","E001182","FS0460","10.1002/adhm.202401275","Results","PDF p.14/Results","High",TRUE
"EV001183","E001183","FS0461","10.1021/acsnano.4c07833","Abstract","PDF p.1/Abstract","Medium",TRUE
"EV001184","E001184","FS0461","10.1021/acsnano.4c07833","Abstract","PDF p.1/Abstract","Medium",TRUE
"EV001185","E001185","FS0461","10.1021/acsnano.4c07833","Results","PDF p.11/Results","Medium",TRUE
"EV001186","E001186","FS0462","10.1016/j.bioactmat.2026.01.004","Methods","PDF p.4/Methods","High",TRUE
"EV001187","E001187","FS0462","10.1016/j.bioactmat.2026.01.004","Methods","PDF p.4/Methods","High",TRUE
"EV001188","E001188","FS0462","10.1016/j.bioactmat.2026.01.004","Results","PDF p.6/Results","High",TRUE
"EV001189","E001189","FS0462","10.1016/j.bioactmat.2026.01.004","Abstract","PDF p.1/Abstract","Medium",TRUE
"EV001190","E001190","FS0462","10.1016/j.bioactmat.2026.01.004","Results","PDF p.6/Results","High",TRUE
"EV001191","E001191","FS0462","10.1016/j.bioactmat.2026.01.004","Results","PDF p.6/Results","High",TRUE
"EV001192","E001192","FS0462","10.1016/j.bioactmat.2026.01.004","Abstract","PDF p.1/Abstract","Medium",TRUE
"EV001193","E001193","FS0462","10.1016/j.bioactmat.2026.01.004","Results","PDF p.7/Results","High",TRUE
"EV001194","E001194","FS0462","10.1016/j.bioactmat.2026.01.004","Results","PDF p.16/Results","High",TRUE
"EV001195","E001195","FS0462","10.1016/j.bioactmat.2026.01.004","Results","PDF p.12/Results","High",TRUE
"EV001196","E001196","FS0462","10.1016/j.bioactmat.2026.01.004","Methods","PDF p.3/Methods","High",TRUE
"EV001197","E001197","FS0462","10.1016/j.bioactmat.2026.01.004","Methods","PDF p.9/Methods","High",TRUE
"EV001198","E001198","FS0462","10.1016/j.bioactmat.2026.01.004","Methods","PDF p.12/Methods","High",TRUE
"EV001199","E001199","FS0465","10.1002/advs.202307761","Results","PDF p.9/Results","High",TRUE
"EV001200","E001200","FS0465","10.1002/advs.202307761","Results","PDF p.7/Results","High",TRUE
"EV001201","E001201","FS0465","10.1002/advs.202307761","Results","PDF p.9/Results","High",TRUE
"EV001202","E001202","FS0465","10.1002/advs.202307761","Results","PDF p.7/Results","High",TRUE
"EV001203","E001203","FS0465","10.1002/advs.202307761","Results","PDF p.9/Results","High",TRUE
"EV001204","E001204","FS0469","10.1016/j.colsurfb.2025.114721","Abstract","PDF p.1/Abstract","Medium",TRUE
"EV001205","E001205","FS0469","10.1016/j.colsurfb.2025.114721","Methods","PDF p.2/Methods","High",TRUE
"EV001206","E001206","FS0469","10.1016/j.colsurfb.2025.114721","Results","PDF p.8/Results","High",TRUE
"EV001207","E001207","FS0469","10.1016/j.colsurfb.2025.114721","Methods","PDF p.2/Methods","High",TRUE
"EV001208","E001208","FS0469","10.1016/j.colsurfb.2025.114721","Methods","PDF p.4/Methods","High",TRUE
"EV001209","E001209","FS0470","10.3390/ijms26031292","Methods","PDF p.16/Methods","High",TRUE
"EV001210","E001210","FS0470","10.3390/ijms26031292","Methods","PDF p.16/Methods","High",TRUE
"EV001211","E001211","FS0470","10.3390/ijms26031292","Results","PDF p.10/Results","High",TRUE
"EV001212","E001212","FS0470","10.3390/ijms26031292","Abstract","PDF p.1/Abstract","Medium",TRUE
"EV001213","E001213","FS0470","10.3390/ijms26031292","Results","PDF p.10/Results","High",TRUE
"EV001214","E001214","FS0470","10.3390/ijms26031292","Methods","PDF p.16/Methods","High",TRUE
"EV001215","E001215","FS0470","10.3390/ijms26031292","Methods","PDF p.18/Methods","High",TRUE
"EV001216","E001216","FS0471","10.1002/adfm.202527217","Abstract","PDF p.1/Abstract","Medium",TRUE
"EV001217","E001217","FS0471","10.1002/adfm.202527217","Figure","PDF p.4/Figure","High",TRUE
"EV001218","E001218","FS0471","10.1002/adfm.202527217","Figure","PDF p.8/Figure","High",TRUE
"EV001219","E001219","FS0471","10.1002/adfm.202527217","Figure","PDF p.4/Figure","High",TRUE
"EV001220","E001220","FS0471","10.1002/adfm.202527217","Figure","PDF p.4/Figure","High",TRUE
"EV001221","E001221","FS0472","10.1016/j.bioactmat.2025.05.007","Results","PDF p.3/Results","High",TRUE
"EV001222","E001222","FS0472","10.1016/j.bioactmat.2025.05.007","Results","PDF p.3/Results","High",TRUE
"EV001223","E001223","FS0472","10.1016/j.bioactmat.2025.05.007","Results","PDF p.9/Results","Medium",TRUE
"EV001224","E001224","FS0472","10.1016/j.bioactmat.2025.05.007","Results","PDF p.9/Results","High",TRUE
"EV001225","E001225","FS0472","10.1016/j.bioactmat.2025.05.007","Results","PDF p.3/Results","High",TRUE
"EV001226","E001226","FS0472","10.1016/j.bioactmat.2025.05.007","Results","PDF p.3/Results","High",TRUE
"EV001227","E001227","FS0472","10.1016/j.bioactmat.2025.05.007","Methods","PDF p.15/Methods","High",TRUE
"EV001228","E001228","FS0472","10.1016/j.bioactmat.2025.05.007","Results","PDF p.9/Results","High",TRUE
"EV001229","E001229","FS0472","10.1016/j.bioactmat.2025.05.007","Results","PDF p.9/Results","High",TRUE
"EV001230","E001230","FS0478","10.1177/20417314241312563","Abstract","PDF p.1/Abstract","Medium",TRUE
"EV001231","E001231","FS0478","10.1177/20417314241312563","Results","PDF p.11/Results","High",TRUE
"EV001232","E001232","FS0478","10.1177/20417314241312563","Results","PDF p.6/Results","High",TRUE
"EV001233","E001233","FS0478","10.1177/20417314241312563","Results","PDF p.11/Results","High",TRUE
"EV001234","E001234","FS0478","10.1177/20417314241312563","Results","PDF p.10/Results","High",TRUE
"EV001235","E001235","FS0478","10.1177/20417314241312563","Results","PDF p.15/Results","High",TRUE
"EV001236","E001236","FS0482","10.1002/advs.75897","Results","PDF p.15/Results","High",TRUE
"EV001237","E001237","FS0482","10.1002/advs.75897","Results","PDF p.8/Results","High",TRUE
"EV001238","E001238","FS0482","10.1002/advs.75897","Methods","PDF p.24/Methods","High",TRUE
"EV001239","E001239","FS0482","10.1002/advs.75897","Results","PDF p.5/Results","High",TRUE
"EV001240","E001240","FS0482","10.1002/advs.75897","Results","PDF p.13/Results","High",TRUE
"EV001241","E001241","FS0487","10.1016/j.mtbio.2026.102879","Abstract","PDF p.1/Abstract","Medium",TRUE
"EV001242","E001242","FS0487","10.1016/j.mtbio.2026.102879","Methods","PDF p.15/Methods","High",TRUE
"EV001243","E001243","FS0487","10.1016/j.mtbio.2026.102879","Results","PDF p.11/Results","Medium",TRUE
"EV001244","E001244","FS0487","10.1016/j.mtbio.2026.102879","Results","PDF p.9/Results","High",TRUE
"EV001245","E001245","FS0487","10.1016/j.mtbio.2026.102879","Results","PDF p.11/Results","High",TRUE
"EV001246","E001246","FS0487","10.1016/j.mtbio.2026.102879","Results","PDF p.9/Results","High",TRUE
"EV001247","E001247","FS0487","10.1016/j.mtbio.2026.102879","Results","PDF p.3/Results","High",TRUE
"EV001248","E001248","FS0487","10.1016/j.mtbio.2026.102879","Figure","PDF p.3/Figure","High",TRUE
"EV001249","E001249","FS0487","10.1016/j.mtbio.2026.102879","Results","PDF p.13/Results","High",TRUE
"EV001250","E001250","FS0487","10.1016/j.mtbio.2026.102879","Methods","PDF p.17/Methods","High",TRUE
"EV001251","E001251","FS0487","10.1016/j.mtbio.2026.102879","Results","PDF p.14/Results","High",TRUE
"EV001252","E001252","FS0490","10.1016/j.cej.2026.177852","Abstract","PDF p.1/Abstract","Medium",TRUE
"EV001253","E001253","FS0490","10.1016/j.cej.2026.177852","Results","PDF p.3/Results","High",TRUE
"EV001254","E001254","FS0490","10.1016/j.cej.2026.177852","Results","PDF p.6/Results","High",TRUE
"EV001255","E001255","FS0490","10.1016/j.cej.2026.177852","Abstract","PDF p.1/Abstract","Medium",TRUE
"EV001256","E001256","FS0490","10.1016/j.cej.2026.177852","Results","PDF p.6/Results","High",TRUE
"EV001257","E001257","FS0490","10.1016/j.cej.2026.177852","Methods","PDF p.16/Methods","High",TRUE
"EV001258","E001258","FS0490","10.1016/j.cej.2026.177852","Results","PDF p.7/Results","Medium",TRUE
"EV001259","E001259","FS0490","10.1016/j.cej.2026.177852","Results","PDF p.11/Results","High",TRUE
"EV001260","E001260","FS0490","10.1016/j.cej.2026.177852","Results","PDF p.6/Results","High",TRUE
"EV001261","E001261","FS0490","10.1016/j.cej.2026.177852","Results","PDF p.3/Results","High",TRUE
"EV001262","E001262","FS0490","10.1016/j.cej.2026.177852","Abstract","PDF p.1/Abstract","Medium",TRUE
"EV001263","E001263","FS0490","10.1016/j.cej.2026.177852","Abstract","PDF p.6/Abstract","High",TRUE
"EV001264","E001264","FS0490","10.1016/j.cej.2026.177852","Results","PDF p.14/Results","High",TRUE
"EV001265","E001265","FS0492","10.1002/adhm.202403837","Figure","PDF p.14/Figure","High",TRUE
"EV001266","E001266","FS0492","10.1002/adhm.202403837","Results","PDF p.12/Results","High",TRUE
"EV001267","E001267","FS0498","10.1002/adfm.75561","Abstract","PDF p.1/Abstract","Medium",TRUE
"EV001268","E001268","FS0498","10.1002/adfm.75561","Abstract","PDF p.1/Abstract","Medium",TRUE
"EV001269","E001269","FS0498","10.1002/adfm.75561","Figure","PDF p.3/Figure","High",TRUE
"EV001270","E001270","FS0498","10.1002/adfm.75561","Results","PDF p.8/Results","Medium",TRUE
"EV001271","E001271","FS0506","10.1080/17435889.2024.2393074","Abstract","PDF p.2/Abstract","Medium",TRUE
"EV001272","E001272","FS0506","10.1080/17435889.2024.2393074","Abstract","PDF p.1/Abstract","Medium",TRUE
"EV001273","E001273","FS0506","10.1080/17435889.2024.2393074","Results","PDF p.6/Results","High",TRUE
"EV001274","E001274","FS0506","10.1080/17435889.2024.2393074","Results","PDF p.5/Results","High",TRUE
"EV001275","E001275","FS0506","10.1080/17435889.2024.2393074","Results","PDF p.7/Results","High",TRUE
"EV001276","E001276","FS0506","10.1080/17435889.2024.2393074","Results","PDF p.6/Results","High",TRUE
"EV001277","E001277","FS0506","10.1080/17435889.2024.2393074","Results","PDF p.6/Results","High",TRUE
"EV001278","E001278","FS0507","10.1016/j.ijbiomac.2022.09.123","Abstract","PDF p.1/Abstract","Medium",TRUE
"EV001279","E001279","FS0507","10.1016/j.ijbiomac.2022.09.123","Abstract","PDF p.1/Abstract","Medium",TRUE
"EV001280","E001280","FS0507","10.1016/j.ijbiomac.2022.09.123","Abstract","PDF p.1/Abstract","Medium",TRUE
"EV001281","E001281","FS0507","10.1016/j.ijbiomac.2022.09.123","Abstract","PDF p.1/Abstract","Medium",TRUE
"EV001282","E001282","FS0507","10.1016/j.ijbiomac.2022.09.123","Abstract","PDF p.1/Abstract","Medium",TRUE
"EV001283","E001283","FS0507","10.1016/j.ijbiomac.2022.09.123","Abstract","PDF p.1/Abstract","Medium",TRUE
"EV001284","E001284","FS0507","10.1016/j.ijbiomac.2022.09.123","Results","PDF p.15/Results","High",TRUE
"EV001285","E001285","FS0507","10.1016/j.ijbiomac.2022.09.123","Results","PDF p.11/Results","High",TRUE
"EV001286","E001286","FS0507","10.1016/j.ijbiomac.2022.09.123","Abstract","PDF p.1/Abstract","Medium",TRUE
"EV001287","E001287","FS0507","10.1016/j.ijbiomac.2022.09.123","Abstract","PDF p.1/Abstract","Medium",TRUE
"EV001288","E001288","FS0507","10.1016/j.ijbiomac.2022.09.123","Methods","PDF p.8/Methods","High",TRUE
"EV001289","E001289","FS0507","10.1016/j.ijbiomac.2022.09.123","Methods","PDF p.15/Methods","High",TRUE
"EV001290","E001290","FS0513","10.1021/acsabm.1c01260","Figure","PDF p.6/Figure","High",TRUE
"EV001291","E001291","FS0513","10.1021/acsabm.1c01260","Figure","PDF p.4/Figure","High",TRUE
"EV001292","E001292","FS0513","10.1021/acsabm.1c01260","Abstract","PDF p.8/Abstract","Medium",TRUE
"EV001293","E001293","FS0513","10.1021/acsabm.1c01260","Abstract","PDF p.7/Abstract","Medium",TRUE
"EV001294","E001294","FS0515","10.1016/j.actbio.2014.03.018","Results","PDF p.4/Results","High",TRUE
"EV001295","E001295","FS0515","10.1016/j.actbio.2014.03.018","Methods","PDF p.2/Methods","High",TRUE
"EV001296","E001296","FS0515","10.1016/j.actbio.2014.03.018","Methods","PDF p.2/Methods","High",TRUE
"EV001297","E001297","FS0515","10.1016/j.actbio.2014.03.018","Results","PDF p.4/Results","High",TRUE
"EV001298","E001298","FS0516","10.3389/fbioe.2022.1090914","Results","PDF p.6/Results","High",TRUE
"EV001299","E001299","FS0516","10.3389/fbioe.2022.1090914","Results","PDF p.4/Results","High",TRUE
"EV001300","E001300","FS0516","10.3389/fbioe.2022.1090914","Methods","PDF p.4/Methods","High",TRUE
"EV001301","E001301","FS0516","10.3389/fbioe.2022.1090914","Methods","PDF p.3/Methods","High",TRUE
"EV001302","E001302","FS0516","10.3389/fbioe.2022.1090914","Methods","PDF p.4/Methods","High",TRUE
"EV001303","E001303","FS0522","10.1080/21691401.2017.1394873","Results","PDF p.4/Results","High",TRUE
"EV001304","E001304","FS0522","10.1080/21691401.2017.1394873","Results","PDF p.4/Results","High",TRUE
"EV001305","E001305","FS0522","10.1080/21691401.2017.1394873","Methods","PDF p.7/Methods","High",TRUE
"EV001306","E001306","FS0526","10.1016/j.jddst.2022.104071","Abstract","PDF p.1/Abstract","Medium",TRUE
"EV001307","E001307","FS0526","10.1016/j.jddst.2022.104071","Abstract","PDF p.1/Abstract","Medium",TRUE
"EV001308","E001308","FS0526","10.1016/j.jddst.2022.104071","Abstract","PDF p.1/Abstract","Medium",TRUE
"EV001309","E001309","FS0526","10.1016/j.jddst.2022.104071","Abstract","PDF p.1/Abstract","Medium",TRUE
"EV001310","E001310","FS0526","10.1016/j.jddst.2022.104071","Abstract","PDF p.1/Abstract","Medium",TRUE
"EV001311","E001311","FS0526","10.1016/j.jddst.2022.104071","Results","PDF p.6/Results","High",TRUE
"EV001312","E001312","FS0526","10.1016/j.jddst.2022.104071","Abstract","PDF p.4/Abstract","High",TRUE
"EV001313","E001313","FS0526","10.1016/j.jddst.2022.104071","Abstract","PDF p.3/Abstract","High",TRUE
"EV001314","E001314","FS0534","10.1016/j.actbio.2023.10.015","Methods","PDF p.3/Methods","High",TRUE
"EV001315","E001315","FS0534","10.1016/j.actbio.2023.10.015","Methods","PDF p.3/Methods","High",TRUE
"EV001316","E001316","FS0534","10.1016/j.actbio.2023.10.015","Methods","PDF p.3/Methods","High",TRUE
"EV001317","E001317","FS0534","10.1016/j.actbio.2023.10.015","Results","PDF p.5/Results","High",TRUE
"EV001318","E001318","FS0534","10.1016/j.actbio.2023.10.015","Results","PDF p.6/Results","High",TRUE
"EV001319","E001319","FS0534","10.1016/j.actbio.2023.10.015","Results","PDF p.6/Results","High",TRUE
"EV001320","E001320","FS0534","10.1016/j.actbio.2023.10.015","Results","PDF p.8/Results","High",TRUE
"EV001321","E001321","FS0534","10.1016/j.actbio.2023.10.015","Methods","PDF p.3/Methods","High",TRUE
"EV001322","E001322","FS0534","10.1016/j.actbio.2023.10.015","Methods","PDF p.5/Methods","High",TRUE
"EV001323","E001323","FS0535","10.1021/acsomega.3c02449","Results","PDF p.8/Results","High",TRUE
"EV001324","E001324","FS0535","10.1021/acsomega.3c02449","Results","PDF p.6/Results","High",TRUE
"EV001325","E001325","FS0535","10.1021/acsomega.3c02449","Methods","PDF p.2/Methods","High",TRUE
"EV001326","E001326","FS0535","10.1021/acsomega.3c02449","Results","PDF p.9/Results","High",TRUE
"EV001327","E001327","FS0536","10.1016/j.jddst.2023.104769","Abstract","PDF p.1/Abstract","Medium",TRUE
"EV001328","E001328","FS0536","10.1016/j.jddst.2023.104769","Abstract","PDF p.1/Abstract","Medium",TRUE
"EV001329","E001329","FS0536","10.1016/j.jddst.2023.104769","Abstract","PDF p.1/Abstract","Medium",TRUE
"EV001330","E001330","FS0536","10.1016/j.jddst.2023.104769","Methods","PDF p.2/Methods","High",TRUE
"EV001331","E001331","FS0536","10.1016/j.jddst.2023.104769","Results","PDF p.2/Results","High",TRUE
"EV001332","E001332","FS0538","10.1021/acsbiomaterials.3c00090","Abstract","PDF p.1/Abstract","Medium",TRUE
"EV001333","E001333","FS0538","10.1021/acsbiomaterials.3c00090","Results","PDF p.8/Results","High",TRUE
"EV001334","E001334","FS0538","10.1021/acsbiomaterials.3c00090","Results","PDF p.9/Results","High",TRUE
"EV001335","E001335","FS0538","10.1021/acsbiomaterials.3c00090","Results","PDF p.9/Results","High",TRUE
"EV001336","E001336","FS0538","10.1021/acsbiomaterials.3c00090","Results","PDF p.7/Results","High",TRUE
"EV001337","E001337","FS0538","10.1021/acsbiomaterials.3c00090","Results","PDF p.9/Results","High",TRUE
"EV001338","E001338","FS0538","10.1021/acsbiomaterials.3c00090","Results","PDF p.6/Results","High",TRUE
"EV001339","E001339","FS0538","10.1021/acsbiomaterials.3c00090","Methods","PDF p.3/Methods","High",TRUE
"EV001340","E001340","FS0538","10.1021/acsbiomaterials.3c00090","Abstract","PDF p.3/Abstract","High",TRUE
"EV001341","E001341","FS0538","10.1021/acsbiomaterials.3c00090","Methods","PDF p.3/Methods","High",TRUE
"EV001343","E001343","FS0539","10.1016/j.ijpharm.2020.119656","Results","PDF p.16/Results","High",TRUE
"EV001344","E001344","FS0539","10.1016/j.ijpharm.2020.119656","Results","PDF p.23/Results","High",TRUE
"EV001345","E001345","FS0539","10.1016/j.ijpharm.2020.119656","Results","PDF p.19/Results","High",TRUE
"EV001346","E001346","FS0539","10.1016/j.ijpharm.2020.119656","Methods","PDF p.12/Methods","High",TRUE
"EV001347","E001347","FS0542","10.1002/jbm.a.36958","Abstract","PDF p.1/Abstract","Medium",TRUE
"EV001348","E001348","FS0542","10.1002/jbm.a.36958","Abstract","PDF p.1/Abstract","Medium",TRUE
"EV001349","E001349","FS0542","10.1002/jbm.a.36958","Abstract","PDF p.1/Abstract","Medium",TRUE
"EV001350","E001350","FS0542","10.1002/jbm.a.36958","Abstract","PDF p.1/Abstract","Medium",TRUE
"EV001351","E001351","FS0542","10.1002/jbm.a.36958","Figure","PDF p.9/Figure","High",TRUE
"EV001352","E001352","FS0542","10.1002/jbm.a.36958","Results","PDF p.9/Results","High",TRUE
"EV001353","E001353","FS0552","10.1039/d1bm01941d","Results","PDF p.6/Results","High",TRUE
"EV001354","E001354","FS0552","10.1039/d1bm01941d","Results","PDF p.6/Results","High",TRUE
"EV001355","E001355","FS0552","10.1039/d1bm01941d","Results","PDF p.6/Results","High",TRUE
"EV001356","E001356","FS0552","10.1039/d1bm01941d","Results","PDF p.4/Results","High",TRUE
"EV001357","E001357","FS0552","10.1039/d1bm01941d","Results","PDF p.4/Results","High",TRUE
"EV001358","E001358","FS0552","10.1039/d1bm01941d","Results","PDF p.8/Results","High",TRUE
"EV001359","E001359","FS0553","10.1016/j.omtn.2021.12.026","Methods","PDF p.12/Methods","High",TRUE
"EV001360","E001360","FS0553","10.1016/j.omtn.2021.12.026","Figure","PDF p.7/Figure","High",TRUE
"EV001362","E001362","FS0559","10.1016/j.ajps.2017.12.003","Results","PDF p.3/Results","High",TRUE
"EV001363","E001363","FS0559","10.1016/j.ajps.2017.12.003","Results","PDF p.4/Results","High",TRUE
"EV001364","E001364","FS0559","10.1016/j.ajps.2017.12.003","Results","PDF p.4/Results","High",TRUE
"EV001365","E001365","FS0559","10.1016/j.ajps.2017.12.003","Results","PDF p.3/Results","High",TRUE
"EV001366","E001366","FS0560","10.1016/j.biomaterials.2020.119802","Methods","PDF p.4/Methods","High",TRUE
"EV001367","E001367","FS0560","10.1016/j.biomaterials.2020.119802","Results","PDF p.6/Results","High",TRUE
"EV001368","E001368","FS0560","10.1016/j.biomaterials.2020.119802","Abstract","PDF p.1/Abstract","Medium",TRUE
"EV001369","E001369","FS0560","10.1016/j.biomaterials.2020.119802","Abstract","PDF p.3/Abstract","High",TRUE
"EV001370","E001370","FS0563","10.1007/s10856-020-06461-y","Abstract","PDF p.1/Abstract","Medium",TRUE
"EV001371","E001371","FS0563","10.1007/s10856-020-06461-y","Results","PDF p.8/Results","High",TRUE
"EV001372","E001372","FS0563","10.1007/s10856-020-06461-y","Results","PDF p.5/Results","High",TRUE
"EV001373","E001373","FS0571","10.1002/adhm.201600359","Results","PDF p.2/Results","High",TRUE
"EV001374","E001374","FS0571","10.1002/adhm.201600359","Results","PDF p.6/Results","High",TRUE
"EV001375","E001375","FS0571","10.1002/adhm.201600359","Methods","PDF p.12/Methods","High",TRUE
"EV001376","E001376","FS0571","10.1002/adhm.201600359","Results","PDF p.12/Results","High",TRUE
"EV001377","E001377","FS0580","10.1155/2022/2976185","Results","PDF p.8/Results","High",TRUE
"EV001378","E001378","FS0580","10.1155/2022/2976185","Methods","PDF p.4/Methods","High",TRUE
"EV001379","E001379","FS0580","10.1155/2022/2976185","Methods","PDF p.13/Methods","High",TRUE
"EV001380","E001380","FS0595","10.1186/s13287-023-03514-1","Results","PDF p.4/Results","High",TRUE
"EV001381","E001381","FS0595","10.1186/s13287-023-03514-1","Results","PDF p.10/Results","High",TRUE
"EV001382","E001382","FS0595","10.1186/s13287-023-03514-1","Methods","PDF p.2/Methods","High",TRUE
"EV001383","E001383","FS0598","10.3390/jpm11010004","Methods","PDF p.3/Methods","High",TRUE
"EV001384","E001384","FS0598","10.3390/jpm11010004","Methods","PDF p.3/Methods","High",TRUE
"EV001385","E001385","FS0598","10.3390/jpm11010004","Results","PDF p.9/Results","Medium",TRUE
"EV001386","E001386","FS0598","10.3390/jpm11010004","Results","PDF p.9/Results","High",TRUE
"EV001387","E001387","FS0598","10.3390/jpm11010004","Abstract","PDF p.1/Abstract","Medium",TRUE
"EV001388","E001388","FS0598","10.3390/jpm11010004","Figure","PDF p.7/Figure","High",TRUE
"EV001389","E001389","FS0598","10.3390/jpm11010004","Methods","PDF p.3/Methods","High",TRUE
"EV001390","E001390","FS0598","10.3390/jpm11010004","Abstract","PDF p.1/Abstract","High",TRUE
"EV001391","E001391","FS0602","10.1021/acsami.6b10377","Abstract","PDF p.1/Abstract","Medium",TRUE
"EV001392","E001392","FS0624","10.1021/acsami.3c01322","Results","PDF p.5/Results","High",TRUE
"EV001393","E001393","FS0624","10.1021/acsami.3c01322","Results","PDF p.5/Results","High",TRUE
"EV001394","E001394","FS0624","10.1021/acsami.3c01322","Results","PDF p.9/Results","High",TRUE
"EV001395","E001395","FS0624","10.1021/acsami.3c01322","Results","PDF p.9/Results","High",TRUE
"EV001396","E001396","FS0624","10.1021/acsami.3c01322","Results","PDF p.5/Results","High",TRUE
"EV001397","E001397","FS0624","10.1021/acsami.3c01322","Results","PDF p.9/Results","High",TRUE
"EV001398","E001398","FS0628","10.1039/c6ra00029k","Methods","PDF p.3/Methods","High",TRUE
"EV001399","E001399","FS0628","10.1039/c6ra00029k","Methods","PDF p.3/Methods","High",TRUE
"EV001400","E001400","FS0628","10.1039/c6ra00029k","Results","PDF p.7/Results","High",TRUE
"EV001402","E001402","FS0630","10.1016/j.colsurfb.2011.09.035","Results","PDF p.3/Results","High",TRUE
"EV001403","E001403","FS0630","10.1016/j.colsurfb.2011.09.035","Methods","PDF p.2/Methods","High",TRUE
"EV001404","E001404","FS0637","10.1557/adv.2019.446","Abstract","PDF p.1/Abstract","Low",TRUE
"EV001405","E001405","FS0637","10.1557/adv.2019.446","Results","PDF p.9/Results","High",TRUE
"EV001406","E001406","FS0637","10.1557/adv.2019.446","Methods","PDF p.3/Methods","High",TRUE
"EV001407","E001407","FS0642","10.1021/acsbiomaterials.0c01120","Methods","PDF p.2/Methods","High",TRUE
"EV001408","E001408","FS0642","10.1021/acsbiomaterials.0c01120","Abstract","PDF p.1/Abstract","Medium",TRUE
"EV001409","E001409","FS0642","10.1021/acsbiomaterials.0c01120","Results","PDF p.6/Results","Medium",TRUE
"EV001410","E001410","FS0642","10.1021/acsbiomaterials.0c01120","Results","PDF p.6/Results","High",TRUE
"EV001411","E001411","FS0642","10.1021/acsbiomaterials.0c01120","Results","PDF p.5/Results","High",TRUE
"EV001412","E001412","FS0642","10.1021/acsbiomaterials.0c01120","Abstract","PDF p.1/Abstract","Medium",TRUE
"EV001413","E001413","FS0642","10.1021/acsbiomaterials.0c01120","Abstract","PDF p.2/Abstract","High",TRUE
"EV001414","E001414","FS0644","10.2217/rme-2022-0140","Results","PDF p.5/Results","High",TRUE
"EV001415","E001415","FS0644","10.2217/rme-2022-0140","Results","PDF p.5/Results","High",TRUE
"EV001416","E001416","FS0649","10.1016/j.actbio.2022.11.056","Results","PDF p.7/Results","High",TRUE
"EV001417","E001417","FS0649","10.1016/j.actbio.2022.11.056","Results","PDF p.7/Results","High",TRUE
"EV001418","E001418","FS0649","10.1016/j.actbio.2022.11.056","Results","PDF p.9/Results","High",TRUE
"EV001419","E001419","FS0649","10.1016/j.actbio.2022.11.056","Results","PDF p.6/Results","High",TRUE
"EV001420","E001420","FS0649","10.1016/j.actbio.2022.11.056","Results","PDF p.6/Results","High",TRUE
"EV001421","E001421","FS0649","10.1016/j.actbio.2022.11.056","Results","PDF p.10/Results","High",TRUE
"EV001422","E001422","FS0649","10.1016/j.actbio.2022.11.056","Results","PDF p.10/Results","High",TRUE
"EV001423","E001423","FS0651","10.1016/j.actbio.2023.02.018","Methods","PDF p.5/Methods","High",TRUE
"EV001424","E001424","FS0651","10.1016/j.actbio.2023.02.018","Methods","PDF p.5/Methods","High",TRUE
"EV001425","E001425","FS0651","10.1016/j.actbio.2023.02.018","Methods","PDF p.4/Methods","High",TRUE
"EV001426","E001426","FS0651","10.1016/j.actbio.2023.02.018","Methods","PDF p.5/Methods","High",TRUE
"EV001427","E001427","FS0651","10.1016/j.actbio.2023.02.018","Results","PDF p.9/Results","High",TRUE
"EV001428","E001428","FS0651","10.1016/j.actbio.2023.02.018","Results","PDF p.9/Results","High",TRUE
"EV001429","E001429","FS0651","10.1016/j.actbio.2023.02.018","Methods","PDF p.4/Methods","High",TRUE
"EV001431","E001431","FS0651","10.1016/j.actbio.2023.02.018","Methods","PDF p.4/Methods","High",TRUE
"EV001432","E001432","FS0655","10.1371/journal.pone.0140747","Results","PDF p.8/Results","High",TRUE
"EV001433","E001433","FS0655","10.1371/journal.pone.0140747","Methods","PDF p.2/Methods","High",TRUE
"EV001434","E001434","FS0655","10.1371/journal.pone.0140747","Abstract","PDF p.1/Abstract","Medium",TRUE
"EV001435","E001435","FS0655","10.1371/journal.pone.0140747","Methods","PDF p.3/Methods","High",TRUE
"EV001436","E001436","FS0657","10.1021/acsami.1c22138","Abstract","PDF p.1/Abstract","Medium",TRUE
"EV001437","E001437","FS0657","10.1021/acsami.1c22138","Abstract","PDF p.1/Abstract","Medium",TRUE
"EV001439","E001439","FS0657","10.1021/acsami.1c22138","Methods","PDF p.2/Methods","High",TRUE
"EV001440","E001440","FS0657","10.1021/acsami.1c22138","Results","PDF p.7/Results","High",TRUE
"EV001441","E001441","FS0657","10.1021/acsami.1c22138","Results","PDF p.11/Results","High",TRUE
"EV001442","E001442","FS0657","10.1021/acsami.1c22138","Methods","PDF p.3/Methods","High",TRUE
"EV001443","E001443","FS0657","10.1021/acsami.1c22138","Results","PDF p.6/Results","High",TRUE
"EV001444","E001444","FS0657","10.1021/acsami.1c22138","Results","PDF p.6/Results","High",TRUE
"EV001445","E001445","FS0657","10.1021/acsami.1c22138","Methods","PDF p.3/Methods","High",TRUE
"EV001446","E001446","FS0657","10.1021/acsami.1c22138","Methods","PDF p.2/Methods","High",TRUE
"EV001447","E001447","FS0672","10.1002/adma.202211602","Methods","PDF p.10/Methods","High",TRUE
"EV001449","E001449","FS0672","10.1002/adma.202211602","Methods","PDF p.4/Methods","High",TRUE
"EV001450","E001450","FS0675","10.1002/adtp.202200276","Methods","PDF p.10/Methods","High",TRUE
"EV001451","E001451","FS0678","10.1515/chem-2018-0039","Methods","PDF p.3/Methods","High",TRUE
"EV001452","E001452","FS0678","10.1515/chem-2018-0039","Results","PDF p.5/Results","High",TRUE
"EV001453","E001453","FS0678","10.1515/chem-2018-0039","Results","PDF p.7/Results","High",TRUE
"EV001456","E001456","FS0687","10.1038/s41467-023-43618-z","Methods","PDF p.13/Methods","High",TRUE
"EV001457","E001457","FS0687","10.1038/s41467-023-43618-z","Results","PDF p.2/Results","High",TRUE
"EV001458","E001458","FS0687","10.1038/s41467-023-43618-z","Results","PDF p.2/Results","High",TRUE
"EV001459","E001459","FS0687","10.1038/s41467-023-43618-z","Methods","PDF p.7/Methods","High",TRUE
"EV001460","E001460","FS0696","10.1126/sciadv.abk0011","Methods","PDF p.15/Methods","High",TRUE
"EV001461","E001461","FS0696","10.1126/sciadv.abk0011","Results","PDF p.4/Results","High",TRUE
"EV001462","E001462","FS0696","10.1126/sciadv.abk0011","Results","PDF p.5/Results","High",TRUE
"EV001463","E001463","FS0696","10.1126/sciadv.abk0011","Results","PDF p.6/Results","High",TRUE
"EV001464","E001464","FS0696","10.1126/sciadv.abk0011","Methods","PDF p.14/Methods","High",TRUE
"EV001465","E001465","FS0696","10.1126/sciadv.abk0011","Results","PDF p.6/Results","High",TRUE
"EV001466","E001466","FS0696","10.1126/sciadv.abk0011","Methods","PDF p.14/Methods","High",TRUE
"EV001467","E001467","FS0701","10.1016/j.msec.2021.112145","Methods","PDF p.2/Methods","High",TRUE
"EV001468","E001468","FS0701","10.1016/j.msec.2021.112145","Abstract","PDF p.4/Abstract","High",TRUE
"EV001469","E001469","FS0704","10.1016/j.ijbiomac.2023.123479","Abstract","PDF p.1/Abstract","Medium",TRUE
"EV001470","E001470","FS0704","10.1016/j.ijbiomac.2023.123479","Methods","PDF p.7/Methods","High",TRUE
"EV001471","E001471","FS0704","10.1016/j.ijbiomac.2023.123479","Abstract","PDF p.1/Abstract","Medium",TRUE
"EV001472","E001472","FS0704","10.1016/j.ijbiomac.2023.123479","Results","PDF p.8/Results","High",TRUE
"EV001473","E001473","FS0704","10.1016/j.ijbiomac.2023.123479","Methods","PDF p.6/Methods","High",TRUE
"EV001474","E001474","FS0704","10.1016/j.ijbiomac.2023.123479","Methods","PDF p.7/Methods","High",TRUE
"EV001475","E001475","FS0704","10.1016/j.ijbiomac.2023.123479","Abstract","PDF p.6/Abstract","High",TRUE
"EV001476","E001476","FS0704","10.1016/j.ijbiomac.2023.123479","Abstract","PDF p.8/Abstract","High",TRUE
"EV001477","E001477","FS0705","10.1002/advs.202202542","Figure","PDF p.13/Figure","High",TRUE
"EV001478","E001478","FS0705","10.1002/advs.202202542","Results","PDF p.5/Results","High",TRUE
"EV001479","E001479","FS0709","10.1186/s12951-023-02125-5","Abstract","PDF p.1/Abstract","Medium",TRUE
"EV001480","E001480","FS0709","10.1186/s12951-023-02125-5","Abstract","PDF p.1/Abstract","Medium",TRUE
"EV001481","E001481","FS0709","10.1186/s12951-023-02125-5","Results","PDF p.6/Results","Medium",TRUE
"EV001482","E001482","FS0709","10.1186/s12951-023-02125-5","Results","PDF p.12/Results","High",TRUE
"EV001483","E001483","FS0709","10.1186/s12951-023-02125-5","Abstract","PDF p.1/Abstract","Medium",TRUE
"EV001484","E001484","FS0709","10.1186/s12951-023-02125-5","Results","PDF p.1/Results","High",TRUE
"EV001485","E001485","FS0720","10.1038/s41419-018-0914-1","Results","PDF p.4/Results","High",TRUE
"EV001486","E001486","FS0720","10.1038/s41419-018-0914-1","Results","PDF p.2/Results","High",TRUE
"EV001487","E001487","FS0720","10.1038/s41419-018-0914-1","Methods","PDF p.11/Methods","High",TRUE
"EV001488","E001488","FS0720","10.1038/s41419-018-0914-1","Results","PDF p.5/Results","High",TRUE
"EV001489","E001489","FS0726","10.1016/j.jddst.2021.102902","Abstract","PDF p.1/Abstract","Medium",TRUE
"EV001490","E001490","FS0726","10.1016/j.jddst.2021.102902","Results","PDF p.5/Results","High",TRUE
"EV001491","E001491","FS0726","10.1016/j.jddst.2021.102902","Results","PDF p.10/Results","High",TRUE
"EV001492","E001492","FS0726","10.1016/j.jddst.2021.102902","Methods","PDF p.4/Methods","High",TRUE
"EV001493","E001493","FS0726","10.1016/j.jddst.2021.102902","Abstract","PDF p.1/Abstract","Medium",TRUE
"EV001494","E001494","FS0726","10.1016/j.jddst.2021.102902","Results","PDF p.11/Results","High",TRUE
"EV001495","E001495","FS0726","10.1016/j.jddst.2021.102902","Results","PDF p.6/Results","High",TRUE
"EV001496","E001496","FS0726","10.1016/j.jddst.2021.102902","Methods","PDF p.9/Methods","High",TRUE
"EV001498","E001498","FS0729","10.1163/156856208x394418","Results","PDF p.8/Results","High",TRUE
"EV001499","E001499","FS0729","10.1163/156856208x394418","Results","PDF p.8/Results","High",TRUE
"EV001500","E001500","FS0729","10.1163/156856208x394418","Abstract","PDF p.11/Abstract","High",TRUE
"EV001501","E001501","FS0731","10.3390/ijms24098285","Abstract","PDF p.1/Abstract","Medium",TRUE
"EV001502","E001502","FS0731","10.3390/ijms24098285","Results","PDF p.6/Results","High",TRUE
"EV001503","E001503","FS0731","10.3390/ijms24098285","Results","PDF p.6/Results","High",TRUE
"EV001504","E001504","FS0731","10.3390/ijms24098285","Abstract","PDF p.14/Abstract","High",TRUE
"EV001505","E001505","FS0738","10.1016/j.cej.2022.138806","Methods","PDF p.2/Methods","High",TRUE
"EV001506","E001506","FS0738","10.1016/j.cej.2022.138806","Methods","PDF p.2/Methods","High",TRUE
"EV001507","E001507","FS0738","10.1016/j.cej.2022.138806","Methods","PDF p.3/Methods","High",TRUE
"EV001508","E001508","FS0738","10.1016/j.cej.2022.138806","Results","PDF p.4/Results","Low",TRUE
"EV001509","E001509","FS0738","10.1016/j.cej.2022.138806","Results","PDF p.4/Results","High",TRUE
"EV001510","E001510","FS0738","10.1016/j.cej.2022.138806","Results","PDF p.4/Results","High",TRUE
"EV001511","E001511","FS0738","10.1016/j.cej.2022.138806","Methods","PDF p.3/Methods","High",TRUE
"EV001512","E001512","FS0738","10.1016/j.cej.2022.138806","Abstract","PDF p.2/Abstract","High",TRUE
"EV001513","E001513","FS0738","10.1016/j.cej.2022.138806","Abstract","PDF p.4/Abstract","High",TRUE
"EV001514","E001514","FS0761","10.1007/s12015-022-10438-5","Results","PDF p.7/Results","High",TRUE
"EV001515","E001515","FS0761","10.1007/s12015-022-10438-5","Abstract","PDF p.1/Abstract","Medium",TRUE
"EV001516","E001516","FS0761","10.1007/s12015-022-10438-5","Results","PDF p.6/Results","High",TRUE
"EV001517","E001517","FS0761","10.1007/s12015-022-10438-5","Results","PDF p.7/Results","High",TRUE
"EV001518","E001518","FS0765","10.1186/s12951-023-02036-5","Results","PDF p.11/Results","Low",TRUE
"EV001519","E001519","FS0765","10.1186/s12951-023-02036-5","Results","PDF p.12/Results","High",TRUE
"EV001520","E001520","FS0765","10.1186/s12951-023-02036-5","Results","PDF p.12/Results","High",TRUE
"EV001521","E001521","FS0765","10.1186/s12951-023-02036-5","Results","PDF p.10/Results","High",TRUE
"EV001522","E001522","FS0765","10.1186/s12951-023-02036-5","Methods","PDF p.5/Methods","High",TRUE
"EV001523","E001523","FS0765","10.1186/s12951-023-02036-5","Results","PDF p.7/Results","High",TRUE
"EV001524","E001524","FS0770","10.1016/j.nantod.2023.101839","Abstract","PDF p.1/Abstract","Medium",TRUE
"EV001525","E001525","FS0770","10.1016/j.nantod.2023.101839","Methods","PDF p.13/Methods","High",TRUE
"EV001526","E001526","FS0776","10.1016/j.ijpharm.2021.120733","Methods","PDF p.3/Methods","High",TRUE
"EV001527","E001527","FS0776","10.1016/j.ijpharm.2021.120733","Abstract","PDF p.1/Abstract","Medium",TRUE
"EV001528","E001528","FS0776","10.1016/j.ijpharm.2021.120733","Methods","PDF p.3/Methods","High",TRUE
"EV001529","E001529","FS0776","10.1016/j.ijpharm.2021.120733","Results","PDF p.11/Results","High",TRUE
"EV001530","E001530","FS0776","10.1016/j.ijpharm.2021.120733","Results","PDF p.4/Results","High",TRUE
"EV001531","E001531","FS0776","10.1016/j.ijpharm.2021.120733","Results","PDF p.11/Results","High",TRUE
"EV001532","E001532","FS0776","10.1016/j.ijpharm.2021.120733","Methods","PDF p.7/Methods","High",TRUE
"EV001533","E001533","FS0783","10.1111/wrr.12794","Abstract","PDF p.1/Abstract","Medium",TRUE
"EV001534","E001534","FS0783","10.1111/wrr.12794","Figure","PDF p.8/Figure","High",TRUE
"EV001535","E001535","FS0783","10.1111/wrr.12794","Abstract","PDF p.1/Abstract","Medium",TRUE
"EV001536","E001536","FS0788","10.1002/adhm.202301798","Figure","PDF p.2/Figure","Low",TRUE
"EV001537","E001537","FS0788","10.1002/adhm.202301798","Figure","PDF p.2/Figure","High",TRUE
"EV001538","E001538","FS0788","10.1002/adhm.202301798","Figure","PDF p.10/Figure","High",TRUE
"EV001539","E001539","FS0788","10.1002/adhm.202301798","Results","PDF p.8/Results","High",TRUE
"EV001540","E001540","FS0795","10.1093/gerona/glr169","Results","PDF p.4/Results","High",TRUE
"EV001541","E001541","FS0795","10.1093/gerona/glr169","Results","PDF p.8/Results","High",TRUE
"EV001542","E001542","FS0795","10.1093/gerona/glr169","Results","PDF p.6/Results","High",TRUE
"EV001543","E001543","FS0795","10.1093/gerona/glr169","Results","PDF p.7/Results","High",TRUE
"EV001544","E001544","FS0796","10.1186/s12951-021-01098-7","Methods","PDF p.9/Methods","High",TRUE
"EV001545","E001545","FS0796","10.1186/s12951-021-01098-7","Abstract","PDF p.1/Abstract","Medium",TRUE
"EV001546","E001546","FS0796","10.1186/s12951-021-01098-7","Methods","PDF p.12/Methods","High",TRUE
"EV001547","E001547","FS0796","10.1186/s12951-021-01098-7","Results","PDF p.6/Results","High",TRUE
"EV001548","E001548","FS0796","10.1186/s12951-021-01098-7","Methods","PDF p.11/Methods","High",TRUE
"EV001549","E001549","FS0797","10.1002/term.2422","Methods","PDF p.3/Methods","High",TRUE
"EV001550","E001550","FS0797","10.1002/term.2422","Abstract","PDF p.1/Abstract","Medium",TRUE
"EV001551","E001551","FS0797","10.1002/term.2422","Results","PDF p.5/Results","High",TRUE
"EV001552","E001552","FS0797","10.1002/term.2422","Results","PDF p.3/Results","High",TRUE
"EV001554","E001554","FS0809","10.1038/s41598-021-93607-9","Figure","PDF p.5/Figure","High",TRUE
"EV001555","E001555","FS0809","10.1038/s41598-021-93607-9","Methods","PDF p.2/Methods","High",TRUE
"EV001556","E001556","FS0809","10.1038/s41598-021-93607-9","Methods","PDF p.2/Methods","High",TRUE
"EV001557","E001557","FS0810","10.1186/s12951-023-01787-5","Results","PDF p.7/Results","High",TRUE
"EV001558","E001558","FS0810","10.1186/s12951-023-01787-5","Results","PDF p.3/Results","High",TRUE
"EV001559","E001559","FS0810","10.1186/s12951-023-01787-5","Results","PDF p.7/Results","High",TRUE
"EV001560","E001560","FS0810","10.1186/s12951-023-01787-5","Results","PDF p.7/Results","High",TRUE
"EV001561","E001561","FS0810","10.1186/s12951-023-01787-5","Results","PDF p.7/Results","High",TRUE
"EV001562","E001562","FS0810","10.1186/s12951-023-01787-5","Results","PDF p.7/Results","High",TRUE
"EV001563","E001563","FS0810","10.1186/s12951-023-01787-5","Results","PDF p.10/Results","High",TRUE
"EV001564","E001564","FS0810","10.1186/s12951-023-01787-5","Results","PDF p.4/Results","High",TRUE
"EV001565","E001565","FS0810","10.1186/s12951-023-01787-5","Results","PDF p.4/Results","High",TRUE
"EV001566","E001566","FS0810","10.1186/s12951-023-01787-5","Results","PDF p.4/Results","High",TRUE
"EV001567","E001567","FS0810","10.1186/s12951-023-01787-5","Results","PDF p.4/Results","High",TRUE
"EV001568","E001568","FS0810","10.1186/s12951-023-01787-5","Results","PDF p.7/Results","High",TRUE
"EV001569","E001569","FS0810","10.1186/s12951-023-01787-5","Results","PDF p.12/Results","High",TRUE
"EV001570","E001570","FS0810","10.1186/s12951-023-01787-5","Methods","PDF p.17/Methods","High",TRUE
"EV001571","E001571","FS0816","10.1021/acsnano.3c01612","Abstract","PDF p.1/Abstract","Medium",TRUE
"EV001572","E001572","FS0816","10.1021/acsnano.3c01612","Abstract","PDF p.1/Abstract","Medium",TRUE
"EV001573","E001573","FS0816","10.1021/acsnano.3c01612","Abstract","PDF p.1/Abstract","Medium",TRUE
"EV001574","E001574","FS0816","10.1021/acsnano.3c01612","Methods","PDF p.10/Methods","Medium",TRUE
"EV001575","E001575","FS0821","10.1002/advs.202104128","Figure","PDF p.5/Figure","High",TRUE
"EV001576","E001576","FS0821","10.1002/advs.202104128","Figure","PDF p.5/Figure","High",TRUE
"EV001577","E001577","FS0834","10.1021/acsnano.2c07200","Abstract","PDF p.1/Abstract","Medium",TRUE
"EV001578","E001578","FS0834","10.1021/acsnano.2c07200","Abstract","PDF p.1/Abstract","Medium",TRUE
"EV001579","E001579","FS0834","10.1021/acsnano.2c07200","Abstract","PDF p.1/Abstract","Medium",TRUE
"EV001580","E001580","FS0834","10.1021/acsnano.2c07200","Abstract","PDF p.1/Abstract","Medium",TRUE
"EV001581","E001581","FS0834","10.1021/acsnano.2c07200","Abstract","PDF p.1/Abstract","Medium",TRUE
"EV001582","E001582","FS0834","10.1021/acsnano.2c07200","Abstract","PDF p.1/Abstract","Medium",TRUE
"EV001583","E001583","FS0834","10.1021/acsnano.2c07200","Abstract","PDF p.1/Abstract","Medium",TRUE
"EV001584","E001584","FS0834","10.1021/acsnano.2c07200","Abstract","PDF p.12/Abstract","Medium",TRUE
"EV001585","E001585","FS0834","10.1021/acsnano.2c07200","Abstract","PDF p.14/Abstract","Medium",TRUE
"EV001586","E001586","FS0838","10.1016/j.apmt.2022.101370","Results","PDF p.4/Results","High",TRUE
"EV001587","E001587","FS0838","10.1016/j.apmt.2022.101370","Methods","PDF p.3/Methods","High",TRUE
"EV001588","E001588","FS0838","10.1016/j.apmt.2022.101370","Results","PDF p.4/Results","High",TRUE
"EV001589","E001589","FS0838","10.1016/j.apmt.2022.101370","Methods","PDF p.4/Methods","High",TRUE
"EV001590","E001590","FS0838","10.1016/j.apmt.2022.101370","Methods","PDF p.3/Methods","High",TRUE
"EV001591","E001591","FS0842","10.1039/c7ra02334k","Methods","PDF p.2/Methods","High",TRUE
"EV001592","E001592","FS0842","10.1039/c7ra02334k","Methods","PDF p.2/Methods","High",TRUE
"EV001593","E001593","FS0842","10.1039/c7ra02334k","Results","PDF p.6/Results","High",TRUE
"EV001594","E001594","FS0842","10.1039/c7ra02334k","Methods","PDF p.4/Methods","High",TRUE
"EV001595","E001595","FS0842","10.1039/c7ra02334k","Methods","PDF p.4/Methods","High",TRUE
"EV001596","E001596","FS0843","10.1002/smll.202206888","Results","PDF p.3/Results","High",TRUE
"EV001597","E001597","FS0843","10.1002/smll.202206888","Results","PDF p.6/Results","High",TRUE
"EV001598","E001598","FS0843","10.1002/smll.202206888","Results","PDF p.4/Results","High",TRUE
"EV001599","E001599","FS0843","10.1002/smll.202206888","Results","PDF p.3/Results","High",TRUE
"EV001600","E001600","FS0843","10.1002/smll.202206888","Results","PDF p.13/Results","High",TRUE
"EV001601","E001601","FS0843","10.1002/smll.202206888","Results","PDF p.4/Results","High",TRUE
"EV001602","E001602","FS0843","10.1002/smll.202206888","Results","PDF p.13/Results","High",TRUE
"EV001603","E001603","FS0866","10.3390/ijms21124213","Methods","PDF p.9/Methods","High",TRUE
"EV001604","E001604","FS0866","10.3390/ijms21124213","Results","PDF p.3/Results","High",TRUE
"EV001605","E001605","FS0866","10.3390/ijms21124213","Methods","PDF p.9/Methods","High",TRUE
"EV001606","E001606","FS0879","10.3390/ijms24119766","Abstract","PDF p.1/Abstract","Medium",TRUE
"EV001607","E001607","FS0879","10.3390/ijms24119766","Methods","PDF p.14/Methods","High",TRUE
"EV001608","E001608","FS0879","10.3390/ijms24119766","Abstract","PDF p.12/Abstract","High",TRUE
"EV001609","E001609","FS0879","10.3390/ijms24119766","Abstract","PDF p.16/Abstract","High",TRUE
"EV001610","E001610","FS0882","10.1016/j.biomaterials.2021.121156","Results","PDF p.10/Results","High",TRUE
"EV001611","E001611","FS0882","10.1016/j.biomaterials.2021.121156","Results","PDF p.9/Results","High",TRUE
"EV001612","E001612","FS0882","10.1016/j.biomaterials.2021.121156","Results","PDF p.7/Results","High",TRUE
"EV001613","E001613","FS0882","10.1016/j.biomaterials.2021.121156","Results","PDF p.9/Results","High",TRUE
"EV001614","E001614","FS0882","10.1016/j.biomaterials.2021.121156","Abstract","PDF p.3/Abstract","High",TRUE
"EV001615","E001615","FS0882","10.1016/j.biomaterials.2021.121156","Abstract","PDF p.10/Abstract","High",TRUE
"EV001616","E001616","FS0885","10.3390/ijms21010343","Abstract","PDF p.1/Abstract","Medium",TRUE
"EV001617","E001617","FS0885","10.3390/ijms21010343","Abstract","PDF p.1/Abstract","Medium",TRUE
"EV001618","E001618","FS0885","10.3390/ijms21010343","Results","PDF p.6/Results","High",TRUE
"EV001619","E001619","FS0885","10.3390/ijms21010343","Methods","PDF p.6/Methods","High",TRUE
"EV001620","E001620","FS0887","10.1039/d0bm00596g","Results","PDF p.5/Results","High",TRUE
"EV001621","E001621","FS0887","10.1039/d0bm00596g","Results","PDF p.6/Results","High",TRUE
"EV001622","E001622","FS0905","10.1016/j.lfs.2021.119947","Abstract","PDF p.1/Abstract","Medium",TRUE
"EV001623","E001623","FS0905","10.1016/j.lfs.2021.119947","Abstract","PDF p.1/Abstract","Medium",TRUE
"EV001624","E001624","FS0905","10.1016/j.lfs.2021.119947","Abstract","PDF p.1/Abstract","Medium",TRUE
"EV001625","E001625","FS0905","10.1016/j.lfs.2021.119947","Abstract","PDF p.1/Abstract","Medium",TRUE
"EV001626","E001626","FS0905","10.1016/j.lfs.2021.119947","Results","PDF p.4/Results","High",TRUE
"EV001627","E001627","FS0905","10.1016/j.lfs.2021.119947","Abstract","PDF p.2/Abstract","High",TRUE
"EV001628","E001628","FS0912","10.1007/s10047-022-01356-x","Results","PDF p.3/Results","Medium",TRUE
"EV001629","E001629","FS0912","10.1007/s10047-022-01356-x","Results","PDF p.3/Results","High",TRUE
"EV001630","E001630","FS0912","10.1007/s10047-022-01356-x","Abstract","PDF p.1/Abstract","Medium",TRUE
"EV001631","E001631","FS0912","10.1007/s10047-022-01356-x","Results","PDF p.3/Results","High",TRUE
"EV001632","E001632","FS0912","10.1007/s10047-022-01356-x","Results","PDF p.4/Results","Medium",TRUE
"EV001633","E001633","FS0913","10.1021/acsnano.3c01713","Abstract","PDF p.1/Abstract","Medium",TRUE
"EV001634","E001634","FS0913","10.1021/acsnano.3c01713","Abstract","PDF p.1/Abstract","High",TRUE
"EV001635","E001635","FS0913","10.1021/acsnano.3c01713","Abstract","PDF p.1/Abstract","Medium",TRUE
"EV001636","E001636","FS0913","10.1021/acsnano.3c01713","Abstract","PDF p.1/Abstract","Medium",TRUE
"EV001637","E001637","FS0913","10.1021/acsnano.3c01713","Abstract","PDF p.1/Abstract","Medium",TRUE
"EV001638","E001638","FS0913","10.1021/acsnano.3c01713","Abstract","PDF p.1/Abstract","Medium",TRUE
"EV001639","E001639","FS0913","10.1021/acsnano.3c01713","Results","PDF p.15/Results","Medium",TRUE
"EV001640","E001640","FS0913","10.1021/acsnano.3c01713","Abstract","PDF p.10/Abstract","Medium",TRUE
"EV001641","E001641","FS0916","10.1049/iet-nbt.2019.0288","Abstract","PDF p.1/Abstract","Medium",TRUE
"EV001642","E001642","FS0916","10.1049/iet-nbt.2019.0288","Abstract","PDF p.1/Abstract","Medium",TRUE
"EV001643","E001643","FS0916","10.1049/iet-nbt.2019.0288","Abstract","PDF p.1/Abstract","Low",TRUE
"EV001644","E001644","FS0916","10.1049/iet-nbt.2019.0288","Figure","PDF p.4/Figure","High",TRUE
"EV001645","E001645","FS0916","10.1049/iet-nbt.2019.0288","Abstract","PDF p.1/Abstract","Medium",TRUE
"EV001646","E001646","FS0916","10.1049/iet-nbt.2019.0288","Abstract","PDF p.1/Abstract","Medium",TRUE
"EV001647","E001647","FS0916","10.1049/iet-nbt.2019.0288","Abstract","PDF p.9/Abstract","Medium",TRUE
"EV001648","E001648","FS0927","10.1002/adhm.202302029","Results","PDF p.2/Results","High",TRUE
"EV001649","E001649","FS0927","10.1002/adhm.202302029","Results","PDF p.2/Results","High",TRUE
"EV001650","E001650","FS0927","10.1002/adhm.202302029","Methods","PDF p.9/Methods","High",TRUE
"EV001651","E001651","FS0927","10.1002/adhm.202302029","Results","PDF p.8/Results","High",TRUE
"EV001652","E001652","FS0927","10.1002/adhm.202302029","Results","PDF p.7/Results","High",TRUE
"EV001653","E001653","FS0928","10.1021/acs.biomac.0c01488","Results","PDF p.6/Results","High",TRUE
"EV001654","E001654","FS0928","10.1021/acs.biomac.0c01488","Methods","PDF p.2/Methods","High",TRUE
"EV001655","E001655","FS0928","10.1021/acs.biomac.0c01488","Results","PDF p.7/Results","High",TRUE
"EV001656","E001656","FS0928","10.1021/acs.biomac.0c01488","Results","PDF p.6/Results","High",TRUE
"EV001657","E001657","FS0928","10.1021/acs.biomac.0c01488","Results","PDF p.6/Results","High",TRUE
"EV001658","E001658","FS0928","10.1021/acs.biomac.0c01488","Methods","PDF p.6/Methods","High",TRUE
"EV001660","E001660","FS0928","10.1021/acs.biomac.0c01488","Methods","PDF p.6/Methods","High",TRUE
"EV001661","E001661","FS0932","10.1021/acsbiomaterials.7b00714","Figure","PDF p.10/Figure","High",TRUE
"EV001662","E001662","FS0932","10.1021/acsbiomaterials.7b00714","Results","PDF p.5/Results","High",TRUE
"EV001663","E001663","FS0956","10.1021/acsabm.1c00115","Abstract","PDF p.1/Abstract","Medium",TRUE
"EV001664","E001664","FS0956","10.1021/acsabm.1c00115","Methods","PDF p.3/Methods","High",TRUE
"EV001665","E001665","FS0956","10.1021/acsabm.1c00115","Abstract","PDF p.1/Abstract","Medium",TRUE
"EV001666","E001666","FS0956","10.1021/acsabm.1c00115","Results","PDF p.5/Results","High",TRUE
"EV001667","E001667","FS0956","10.1021/acsabm.1c00115","Methods","PDF p.2/Methods","High",TRUE
"EV001668","E001668","FS0956","10.1021/acsabm.1c00115","Results","PDF p.11/Results","High",TRUE
"EV001669","E001669","FS0956","10.1021/acsabm.1c00115","Results","PDF p.7/Results","High",TRUE
"EV001670","E001670","FS0956","10.1021/acsabm.1c00115","Abstract","PDF p.2/Abstract","High",TRUE
"EV001671","E001671","FS0970","10.1021/acsbiomaterials.3c00385","Results","PDF p.9/Results","High",TRUE
"EV001672","E001672","FS0970","10.1021/acsbiomaterials.3c00385","Results","PDF p.10/Results","High",TRUE
"EV001673","E001673","FS0970","10.1021/acsbiomaterials.3c00385","Results","PDF p.9/Results","High",TRUE
"EV001674","E001674","FS0970","10.1021/acsbiomaterials.3c00385","Methods","PDF p.3/Methods","Medium",TRUE
"EV001675","E001675","FS0970","10.1021/acsbiomaterials.3c00385","Methods","PDF p.3/Methods","High",TRUE
"EV001676","E001676","FS1020",,"Abstract","PDF p.1/Abstract","Medium",TRUE
"EV001677","E001677","FS1020",,"Results","PDF p.5/Results","High",TRUE
"EV001678","E001678","FS1020",,"Abstract","PDF p.1/Abstract","Medium",TRUE
"EV001679","E001679","FS1020",,"Results","PDF p.6/Results","High",TRUE
"EV001680","E001680","FS1020",,"Results","PDF p.7/Results","High",TRUE
"EV001681","E001681","FS1020",,"Methods","PDF p.4/Methods","High",TRUE
"EV001682","E001682","FS1021","10.1002/btm2.10104","Methods","PDF p.5/Methods","Medium",TRUE
"EV001683","E001683","FS1021","10.1002/btm2.10104","Methods","PDF p.2/Methods","High",TRUE
"EV001684","E001684","FS1021","10.1002/btm2.10104","Methods","PDF p.4/Methods","High",TRUE
"EV001685","E001685","FS1040","10.1016/j.jconrel.2026.115175","Methods","PDF p.5/Methods","High",TRUE
"EV001686","E001686","FS1040","10.1016/j.jconrel.2026.115175","Results","PDF p.22/Results","High",TRUE
"EV001687","E001687","FS1040","10.1016/j.jconrel.2026.115175","Results","PDF p.13/Results","High",TRUE
"EV001688","E001688","FS1040","10.1016/j.jconrel.2026.115175","Results","PDF p.18/Results","High",TRUE
"EV001689","E001689","FS1040","10.1016/j.jconrel.2026.115175","Results","PDF p.18/Results","High",TRUE
"EV001690","E001690","FS1040","10.1016/j.jconrel.2026.115175","Results","PDF p.18/Results","High",TRUE
"EV001691","E001691","FS1040","10.1016/j.jconrel.2026.115175","Methods","PDF p.5/Methods","High",TRUE
"EV001692","E001692","FS1040","10.1016/j.jconrel.2026.115175","Methods","PDF p.12/Methods","High",TRUE
"EV001693","E001693","FS1040","10.1016/j.jconrel.2026.115175","Methods","PDF p.12/Methods","High",TRUE
"EV001694","E001694","FS1040","10.1016/j.jconrel.2026.115175","Abstract","PDF p.7/Abstract","High",TRUE
"EV001695","E001695","FS1052","10.1002/adma.74133","Results","PDF p.5/Results","High",TRUE
"EV001696","E001696","FS1052","10.1002/adma.74133","Results","PDF p.5/Results","High",TRUE
"EV001697","E001697","FS1052","10.1002/adma.74133","Results","PDF p.5/Results","High",TRUE
"EV001698","E001698","FS1052","10.1002/adma.74133","Results","PDF p.8/Results","Medium",TRUE
"EV001699","E001699","FS1052","10.1002/adma.74133","Results","PDF p.15/Results","High",TRUE
"EV001700","E001700","FS1052","10.1002/adma.74133","Results","PDF p.10/Results","High",TRUE
"EV001701","E001701","FS1052","10.1002/adma.74133","Results","PDF p.3/Results","High",TRUE
"EV001702","E001702","FS1052","10.1002/adma.74133","Results","PDF p.12/Results","High",TRUE
"EV001703","E001703","FS1052","10.1002/adma.74133","Methods","PDF p.19/Methods","High",TRUE
"EV001705","E001705","FS1052","10.1002/adma.74133","Results","PDF p.10/Results","High",TRUE
"EV001706","E001706","FS1052","10.1002/adma.74133","Methods","PDF p.17/Methods","High",TRUE
"EV001707","E001707","FS1054","10.1186/s12951-026-04779-3","Methods","PDF p.12/Methods","High",TRUE
"EV001708","E001708","FS1054","10.1186/s12951-026-04779-3","Results","PDF p.26/Results","High",TRUE
"EV001709","E001709","FS1054","10.1186/s12951-026-04779-3","Results","PDF p.27/Results","High",TRUE
"EV001710","E001710","FS1054","10.1186/s12951-026-04779-3","Results","PDF p.17/Results","High",TRUE
"EV001711","E001711","FS1054","10.1186/s12951-026-04779-3","Abstract","PDF p.20/Abstract","High",TRUE
"EV001712","E001712","FS1054","10.1186/s12951-026-04779-3","Figure","PDF p.19/Figure","High",TRUE
"EV001713","E001713","FS1054","10.1186/s12951-026-04779-3","Abstract","PDF p.22/Abstract","High",TRUE
"EV001714","E001714","FS0005","10.1016/j.biomaterials.2026.124195","Abstract","PDF p.1/Abstract","High",TRUE
"EV001715","E001715","FS0009","10.1016/j.cej.2024.153661","Abstract","PDF p.6/Abstract","High",TRUE
"EV001716","E001716","FS0013","10.1016/j.nantod.2026.103043","Methods","PDF p.12/Methods","High",TRUE
"EV001717","E001717","FS0016","10.1002/adma.202521645","Results","PDF p.5/Results","Medium",TRUE
"EV001718","E001718","FS0018","10.1002/adma.202306552","Results","PDF p.3/Results","High",TRUE
"EV001719","E001719","FS0020","10.1039/d5tb00965k","Results","PDF p.6/Results","High",TRUE
"EV001720","E001720","FS0021","10.1002/adma.202523197","Results","PDF p.11/Results","High",TRUE
"EV001721","E001721","FS0035","10.1002/smll.202508752","Results","PDF p.15/Results","High",TRUE
"EV001722","E001722","FS0036","10.1016/j.cej.2025.170469","Results","PDF p.32/Results","High",TRUE
"EV001723","E001723","FS0038","10.1016/j.biomaterials.2026.123989","Results","PDF p.4/Results","High",TRUE
"EV001724","E001724","FS0041","10.1016/j.bioactmat.2026.04.024","Results","PDF p.14/Results","High",TRUE
"EV001725","E001725","FS0042","10.1021/acsnano.4c14874","Results","PDF p.16/Results","Medium",TRUE
"EV001726","E001726","FS0042","10.1021/acsnano.4c14874","Results","PDF p.14/Results","Medium",TRUE
"EV001727","E001727","FS0043","10.1016/j.bioadv.2026.214718","Abstract","PDF p.4/Abstract","High",TRUE
"EV001728","E001728","FS0050","10.1016/j.actbio.2024.01.044","Results","PDF p.3/Results","High",TRUE
"EV001729","E001729","FS0054","10.1002/adhm.202501164","Methods","PDF p.12/Methods","High",TRUE
"EV001730","E001730","FS0056","10.1002/advs.202600014","Results","PDF p.6/Results","High",TRUE
"EV001731","E001731","FS0056","10.1002/advs.202600014","Results","PDF p.8/Results","High",TRUE
"EV001732","E001732","FS0067","10.1186/s12951-026-04138-2","Results","PDF p.11/Results","High",TRUE
"EV001733","E001733","FS0073","10.1038/s41467-024-50045-1","Abstract","PDF p.1/Abstract","High",TRUE
"EV001734","E001734","FS0073","10.1038/s41467-024-50045-1","Results","PDF p.11/Results","High",TRUE
"EV001735","E001735","FS0077","10.1002/advs.76364","Methods","PDF p.14/Methods","High",TRUE
"EV001736","E001736","FS0079","10.1016/j.heliyon.2024.e30968","Methods","PDF p.17/Methods","High",TRUE
"EV001737","E001737","FS0080","10.1016/j.carbpol.2025.123526","Methods","PDF p.6/Methods","High",TRUE
"EV001738","E001738","FS0098","10.1016/j.jconrel.2025.114500","Abstract","PDF p.1/Abstract","High",TRUE
"EV001739","E001739","FS0102","10.1002/adma.202310476","Results","PDF p.12/Results","High",TRUE
"EV001740","E001740","FS0105","10.1007/s42765-025-00672-0","Results","PDF p.8/Results","High",TRUE
"EV001741","E001741","FS0107","10.1016/j.mtbio.2024.101175","Abstract","PDF p.5/Abstract","High",TRUE
"EV001742","E001742","FS0112","10.1002/adma.202511840","Results","PDF p.13/Results","High",TRUE
"EV001744","E001744","FS0133","10.1016/j.cej.2026.175804","Results","PDF p.22/Results","High",TRUE
"EV001745","E001745","FS0133","10.1016/j.cej.2026.175804","Results","PDF p.22/Results","High",TRUE
"EV001746","E001746","FS0136","10.1016/j.biomaterials.2025.123830","Abstract","PDF p.4/Abstract","High",TRUE
"EV001747","E001747","FS0142","10.1016/j.mtbio.2025.102359","Methods","PDF p.5/Methods","High",TRUE
"EV001748","E001748","FS0142","10.1016/j.mtbio.2025.102359","Methods","PDF p.5/Methods","High",TRUE
"EV001749","E001749","FS0148","10.1016/j.jcis.2025.137612","Abstract","PDF p.5/Abstract","High",TRUE
"EV001750","E001750","FS0150","10.1016/j.bioactmat.2026.05.024","Methods","PDF p.19/Methods","High",TRUE
"EV001751","E001751","FS0153","10.1016/j.bioactmat.2026.06.011","Abstract","PDF p.1/Abstract","High",TRUE
"EV001752","E001752","FS0157","10.1016/j.bioactmat.2026.03.036","Results","PDF p.13/Results","High",TRUE
"EV001753","E001753","FS0166","10.1021/acsnano.5c11287","Results","PDF p.7/Results","High",TRUE
"EV001754","E001754","FS0166","10.1021/acsnano.5c11287","Abstract","PDF p.7/Abstract","High",TRUE
"EV001755","E001755","FS0183","10.1186/s12951-026-04362-w","Results","PDF p.10/Results","High",TRUE
"EV001756","E001756","FS0183","10.1186/s12951-026-04362-w","Methods","PDF p.22/Methods","High",TRUE
"EV001757","E001757","FS0187","10.1002/adfm.202422817","Results","PDF p.20/Results","High",TRUE
"EV001758","E001758","FS0188","10.1002/adfm.202529224","Methods","PDF p.17/Methods","Medium",TRUE
"EV001759","E001759","FS0207","10.1016/j.mtbio.2025.102741","Methods","PDF p.5/Methods","High",TRUE
"EV001760","E001760","FS0208","10.1016/j.yexcr.2024.113926","Methods","PDF p.3/Methods","High",TRUE
"EV001761","E001761","FS0222","10.1016/j.cej.2025.171462","Results","PDF p.13/Results","High",TRUE
"EV001762","E001762","FS0223","10.1016/j.biomaterials.2026.124330","Results","PDF p.11/Results","High",TRUE
"EV001763","E001763","FS0232","10.1016/j.bioactmat.2024.07.031","Results","PDF p.6/Results","High",TRUE
"EV001764","E001764","FS0238","10.2147/ijn.s617254","Results","PDF p.15/Results","High",TRUE
"EV001766","E001766","FS0247","10.1002/advs.202523495","Results","PDF p.4/Results","High",TRUE
"EV001767","E001767","FS0248","10.1016/j.bioactmat.2025.09.049","Results","PDF p.7/Results","High",TRUE
"EV001768","E001768","FS0250","10.1002/adma.202413238","Results","PDF p.9/Results","High",TRUE
"EV001769","E001769","FS0272","10.1002/adhm.202402882","Results","PDF p.7/Results","Medium",TRUE
"EV001771","E001771","FS0283","10.1016/j.biomaterials.2026.124352","Results","PDF p.15/Results","High",TRUE
"EV001772","E001772","FS0284","10.1002/smll.202407340","Results","PDF p.15/Results","High",TRUE
"EV001773","E001773","FS0296","10.1016/j.biomaterials.2025.123656","Results","PDF p.7/Results","High",TRUE
"EV001774","E001774","FS0296","10.1016/j.biomaterials.2025.123656","Abstract","PDF p.7/Abstract","High",TRUE
"EV001775","E001775","FS0303","10.1016/j.bioactmat.2025.07.008","Abstract","PDF p.10/Abstract","High",TRUE
"EV001777","E001777","FS0307","10.3760/cma.j.cn501225-20250106-00009","Results","PDF p.3/Results","Medium",TRUE
"EV001778","E001778","FS0307","10.3760/cma.j.cn501225-20250106-00009","Abstract","PDF p.2/Abstract","High",TRUE
"EV001780","E001780","FS0326","10.1186/s12951-025-03261-w","Abstract","PDF p.1/Abstract","High",TRUE
"EV001781","E001781","FS0338","10.1016/j.mtbio.2025.101872","Methods","PDF p.7/Methods","High",TRUE
"EV001782","E001782","FS0345","10.1007/s10853-025-11867-6","Methods","PDF p.4/Methods","Medium",TRUE
"EV001783","E001783","FS0346","10.1021/acsami.5c20823","Results","PDF p.11/Results","High",TRUE
"EV001784","E001784","FS0348","10.1021/acsnano.5c03023","Results","PDF p.18/Results","Medium",TRUE
"EV001785","E001785","FS0350","10.1002/smll.202304433","Results","PDF p.15/Results","Medium",TRUE
"EV001786","E001786","FS0356","10.34133/research.0973","Methods","PDF p.10/Methods","High",TRUE
"EV001787","E001787","FS0358","10.1002/adhm.202503543","Results","PDF p.14/Results","High",TRUE
"EV001788","E001788","FS0365","10.3389/fphar.2025.1725973","Results","PDF p.8/Results","High",TRUE
"EV001789","E001789","FS0392","10.1002/adhm.202501928","Results","PDF p.5/Results","Medium",TRUE
"EV001790","E001790","FS0392","10.1002/adhm.202501928","Results","PDF p.14/Results","High",TRUE
"EV001791","E001791","FS0399","10.1016/j.cej.2025.170411","Figure","PDF p.7/Figure","High",TRUE
"EV001792","E001792","FS0400","10.1016/j.bioactmat.2026.02.002","Results","PDF p.16/Results","High",TRUE
"EV001793","E001793","FS0400","10.1016/j.bioactmat.2026.02.002","Methods","PDF p.17/Methods","High",TRUE
"EV001794","E001794","FS0401","10.1186/s12951-025-03168-6","Results","PDF p.13/Results","High",TRUE
"EV001795","E001795","FS0402","10.26599/nr.2026.94908573","Results","PDF p.4/Results","High",TRUE
"EV001796","E001796","FS0404","10.1186/s12951-025-03103-9","Methods","PDF p.18/Methods","High",TRUE
"EV001797","E001797","FS0406","10.2147/dmso.s538346","Results","PDF p.4/Results","High",TRUE
"EV001798","E001798","FS0424","10.1016/j.cej.2026.178077","Results","PDF p.8/Results","High",TRUE
"EV001799","E001799","FS0424","10.1016/j.cej.2026.178077","Results","PDF p.8/Results","High",TRUE
"EV001800","E001800","FS0428","10.1016/j.mtbio.2024.101323","Results","PDF p.3/Results","High",TRUE
"EV001801","E001801","FS0428","10.1016/j.mtbio.2024.101323","Results","PDF p.16/Results","High",TRUE
"EV001802","E001802","FS0439","10.1016/j.jconrel.2025.114393","Results","PDF p.8/Results","High",TRUE
"EV001803","E001803","FS0453","10.1021/acsabm.4c01361","Methods","PDF p.4/Methods","High",TRUE
"EV001804","E001804","FS0454","10.1016/j.biomaterials.2026.124316","Methods","PDF p.4/Methods","High",TRUE
"EV001805","E001805","FS0458","10.1002/app.56032","Abstract","PDF p.4/Abstract","Medium",TRUE
"EV001806","E001806","FS0459","10.1016/j.cej.2025.170093","Abstract","PDF p.1/Abstract","High",TRUE
"EV001807","E001807","FS0461","10.1021/acsnano.4c07833","Abstract","PDF p.1/Abstract","Medium",TRUE
"EV001808","E001808","FS0469","10.1016/j.colsurfb.2025.114721","Results","PDF p.11/Results","High",TRUE
"EV001809","E001809","FS0471","10.1002/adfm.202527217","Results","PDF p.5/Results","Medium",TRUE
"EV001810","E001810","FS0471","10.1002/adfm.202527217","Results","PDF p.22/Results","Medium",TRUE
"EV001811","E001811","FS0472","10.1016/j.bioactmat.2025.05.007","Abstract","PDF p.1/Abstract","High",TRUE
"EV001812","E001812","FS0478","10.1177/20417314241312563","Methods","PDF p.3/Methods","High",TRUE
"EV001813","E001813","FS0487","10.1016/j.mtbio.2026.102879","Figure","PDF p.5/Figure","High",TRUE
"EV001814","E001814","FS0490","10.1016/j.cej.2026.177852","Results","PDF p.6/Results","High",TRUE
"EV001815","E001815","FS0534","10.1016/j.actbio.2023.10.015","Results","PDF p.11/Results","High",TRUE
"EV001816","E001816","FS0535","10.1021/acsomega.3c02449","Methods","PDF p.2/Methods","High",TRUE
"EV001817","E001817","FS0538","10.1021/acsbiomaterials.3c00090","Results","PDF p.6/Results","High",TRUE
"EV001818","E001818","FS0542","10.1002/jbm.a.36958","Results","PDF p.11/Results","High",TRUE
"EV001819","E001819","FS0553","10.1016/j.omtn.2021.12.026","Methods","PDF p.12/Methods","High",TRUE
"EV001820","E001820","FS0571","10.1002/adhm.201600359","Results","PDF p.8/Results","High",TRUE
"EV001821","E001821","FS0580","10.1155/2022/2976185","Methods","PDF p.13/Methods","High",TRUE
"EV001822","E001822","FS0595","10.1186/s13287-023-03514-1","Methods","PDF p.2/Methods","High",TRUE
"EV001823","E001823","FS0602","10.1021/acsami.6b10377","Methods","PDF p.7/Methods","Medium",TRUE
"EV001824","E001824","FS0624","10.1021/acsami.3c01322","Results","PDF p.5/Results","High",TRUE
"EV001825","E001825","FS0628","10.1039/c6ra00029k","Abstract","PDF p.1/Abstract","High",TRUE
"EV001826","E001826","FS0642","10.1021/acsbiomaterials.0c01120","Abstract","PDF p.5/Abstract","High",TRUE
"EV001827","E001827","FS0644","10.2217/rme-2022-0140","Results","PDF p.5/Results","Medium",TRUE
"EV001828","E001828","FS0657","10.1021/acsami.1c22138","Results","PDF p.9/Results","High",TRUE
"EV001829","E001829","FS0657","10.1021/acsami.1c22138","Methods","PDF p.5/Methods","High",TRUE
"EV001830","E001830","FS0678","10.1515/chem-2018-0039","Methods","PDF p.3/Methods","High",TRUE
"EV001832","E001832","FS0761","10.1007/s12015-022-10438-5","Results","PDF p.7/Results","High",TRUE
"EV001833","E001833","FS0761","10.1007/s12015-022-10438-5","Methods","PDF p.2/Methods","High",TRUE
"EV001834","E001834","FS0783","10.1111/wrr.12794","Abstract","PDF p.2/Abstract","Medium",TRUE
"EV001835","E001835","FS0797","10.1002/term.2422","Methods","PDF p.2/Methods","High",TRUE
"EV001836","E001836","FS0810","10.1186/s12951-023-01787-5","Results","PDF p.4/Results","High",TRUE
"EV001837","E001837","FS0810","10.1186/s12951-023-01787-5","Results","PDF p.7/Results","High",TRUE
"EV001838","E001838","FS0816","10.1021/acsnano.3c01612","Methods","PDF p.6/Methods","Medium",TRUE
"EV001839","E001839","FS0821","10.1002/advs.202104128","Methods","PDF p.14/Methods","Medium",TRUE
"EV001840","E001840","FS0821","10.1002/advs.202104128","Methods","PDF p.14/Methods","High",TRUE
"EV001841","E001841","FS0834","10.1021/acsnano.2c07200","Results","PDF p.7/Results","Medium",TRUE
"EV001842","E001842","FS0866","10.3390/ijms21124213","Methods","PDF p.9/Methods","High",TRUE
"EV001843","E001843","FS0887","10.1039/d0bm00596g","Methods","PDF p.11/Methods","High",TRUE
"EV001844","E001844","FS1052","10.1002/adma.74133","Results","PDF p.5/Results","High",TRUE
"EV001845","E001845","FS0295","10.1016/j.ijbiomac.2026.152514","Abstract","PDF p.1/Abstract","High",TRUE
"EV001846","E001846","FS0295","10.1016/j.ijbiomac.2026.152514","Results","PDF p.2/Results","High",TRUE
"EV001847","E001847","FS0018","10.1002/adma.202306552","Results","PDF p.3/Results","High",TRUE
"EV001848","E001848","FS0024","10.1002/adhm.202501042","Methods","PDF p.11/Methods","Medium",TRUE
"EV001849","E001849","FS0049","10.1002/adma.72951","Abstract","PDF p.2/Abstract","High",TRUE
"EV001850","E001850","FS0058","10.1021/acsbiomaterials.4c02043","Results","PDF p.10/Results","Medium",TRUE
"EV001851","E001851","FS0112","10.1002/adma.202511840","Results","PDF p.6/Results","High",TRUE
"EV001852","E001852","FS0125","10.1039/d3tb02828c","Results","PDF p.7/Results","High",TRUE
"EV001853","E001853","FS0135","10.1016/j.biomaterials.2026.124254","Results","PDF p.7/Results","High",TRUE
"EV001854","E001854","FS0135","10.1016/j.biomaterials.2026.124254","Results","PDF p.12/Results","High",TRUE
"EV001855","E001855","FS0148","10.1016/j.jcis.2025.137612","Results","PDF p.7/Results","High",TRUE
"EV001856","E001856","FS0166","10.1021/acsnano.5c11287","Abstract","PDF p.7/Abstract","Medium",TRUE
"EV001857","E001857","FS0168","10.1016/j.cej.2025.162191","Methods","PDF p.3/Methods","High",TRUE
"EV001858","E001858","FS0188","10.1002/adfm.202529224","Results","PDF p.2/Results","High",TRUE
"EV001859","E001859","FS0188","10.1002/adfm.202529224","Methods","PDF p.16/Methods","High",TRUE
"EV001860","E001860","FS0212","10.34133/bmef.0204","Results","PDF p.5/Results","High",TRUE
"EV001861","E001861","FS0242","10.1002/advs.202505009","Results","PDF p.4/Results","Medium",TRUE
"EV001862","E001862","FS0242","10.1002/advs.202505009","Results","PDF p.11/Results","High",TRUE
"EV001863","E001863","FS0248","10.1016/j.bioactmat.2025.09.049","Results","PDF p.7/Results","High",TRUE
"EV001864","E001864","FS0252","10.1021/acsnano.5c06549","Methods","PDF p.16/Methods","Medium",TRUE
"EV001865","E001865","FS0270","10.1016/j.mtbio.2025.101807","Results","PDF p.9/Results","High",TRUE
"EV001866","E001866","FS0272","10.1002/adhm.202402882","Results","PDF p.16/Results","High",TRUE
"EV001867","E001867","FS0290","10.34133/bmr.0205","Methods","PDF p.3/Methods","Medium",TRUE
"EV001868","E001868","FS0292","10.1186/s12951-026-04156-0","Methods","PDF p.4/Methods","High",TRUE
"EV001869","E001869","FS0300","10.1016/j.bioactmat.2025.11.038","Results","PDF p.15/Results","High",TRUE
"EV001870","E001870","FS0310","10.1002/adma.202417980","Methods","PDF p.3/Methods","Medium",TRUE
"EV001871","E001871","FS0310","10.1002/adma.202417980","Results","PDF p.15/Results","High",TRUE
"EV001872","E001872","FS0312","10.1016/j.jmst.2024.12.042","Results","PDF p.8/Results","High",TRUE
"EV001873","E001873","FS0350","10.1002/smll.202304433","Results","PDF p.6/Results","Medium",TRUE
"EV001874","E001874","FS0350","10.1002/smll.202304433","Results","PDF p.6/Results","High",TRUE
"EV001875","E001875","FS0358","10.1002/adhm.202503543","Results","PDF p.5/Results","Medium",TRUE
"EV001876","E001876","FS0358","10.1002/adhm.202503543","Results","PDF p.15/Results","High",TRUE
"EV001877","E001877","FS0361","10.1016/j.mtbio.2025.102605","Abstract","PDF p.7/Abstract","High",TRUE
"EV001878","E001878","FS0362","10.1186/s12951-026-04047-4","Results","PDF p.13/Results","High",TRUE
"EV001879","E001879","FS0374","10.1002/advs.202507186","Methods","PDF p.12/Methods","High",TRUE
"EV001880","E001880","FS0386","10.1002/smll.202507315","Results","PDF p.13/Results","High",TRUE
"EV001881","E001881","FS0402","10.26599/nr.2026.94908573","Results","PDF p.4/Results","High",TRUE
"EV001882","E001882","FS0409","10.1016/j.mtbio.2025.102036","Abstract","PDF p.2/Abstract","Medium",TRUE
"EV001883","E001883","FS0414","10.12307/2025.439","Methods","PDF p.2/Methods","Medium",TRUE
"EV001884","E001884","FS0436","10.1016/j.cej.2024.149842","Results","PDF p.15/Results","High",TRUE
"EV001885","E001885","FS0446","10.1016/j.matdes.2026.116383","Abstract","PDF p.4/Abstract","High",TRUE
"EV001886","E001886","FS0460","10.1002/adhm.202401275","Results","PDF p.15/Results","High",TRUE
"EV001887","E001887","FS0461","10.1021/acsnano.4c07833","Results","PDF p.6/Results","Medium",TRUE
"EV001888","E001888","FS0492","10.1002/adhm.202403837","Results","PDF p.17/Results","Medium",TRUE
"EV001889","E001889","FS0498","10.1002/adfm.75561","Results","PDF p.8/Results","Medium",TRUE
"EV001890","E001890","FS0534","10.1016/j.actbio.2023.10.015","Results","PDF p.6/Results","High",TRUE
"EV001891","E001891","FS0534","10.1016/j.actbio.2023.10.015","Results","PDF p.6/Results","High",TRUE
"EV001892","E001892","FS0535","10.1021/acsomega.3c02449","Results","PDF p.8/Results","High",TRUE
"EV001893","E001893","FS0552","10.1039/d1bm01941d","Results","PDF p.5/Results","High",TRUE
"EV001894","E001894","FS0687","10.1038/s41467-023-43618-z","Results","PDF p.12/Results","High",TRUE
"EV001895","E001895","FS0701","10.1016/j.msec.2021.112145","Results","PDF p.13/Results","Medium",TRUE
"EV001896","E001896","FS0705","10.1002/advs.202202542","Results","PDF p.8/Results","High",TRUE
"EV001897","E001897","FS0709","10.1186/s12951-023-02125-5","Results","PDF p.8/Results","High",TRUE
"EV001898","E001898","FS0770","10.1016/j.nantod.2023.101839","Results","PDF p.7/Results","High",TRUE
"EV001899","E001899","FS0783","10.1111/wrr.12794","Abstract","PDF p.10/Abstract","Medium",TRUE
"EV001900","E001900","FS0788","10.1002/adhm.202301798","Results","PDF p.7/Results","Medium",TRUE
"EV001901","E001901","FS0809","10.1038/s41598-021-93607-9","Methods","PDF p.2/Methods","High",TRUE
"EV001902","E001902","FS0842","10.1039/c7ra02334k","Methods","PDF p.4/Methods","High",TRUE
"EV001903","E001903","FS0887","10.1039/d0bm00596g","Methods","PDF p.8/Methods","High",TRUE
"EV001904","E001904","FS0913","10.1021/acsnano.3c01713","Results","PDF p.7/Results","Medium",TRUE
"EV001905","E001905","FS0932","10.1021/acsbiomaterials.7b00714","Abstract","PDF p.5/Abstract","Medium",TRUE
"EV001906","E001906","FS1054","10.1186/s12951-026-04779-3","Abstract","PDF p.18/Abstract","High",TRUE
