"Edge_ID","Record_ID","Source_ID","Source_type","Relation","Target_ID","Target_type","Evidence_ID","Evidence_strength"
"E000001","FS0001","MAT000024","MaterialPlatform","COMPOSED_OF","COM000035","MaterialComposition","EV000001","Medium"
"E000002","FS0001","MAT000024","MaterialPlatform","FABRICATED_BY","FAB000009","FabricationStrategy","EV000002","High"
"E000003","FS0001","MAT000024","MaterialPlatform","TARGETS","CEL000014","TargetCell","EV000003","High"
"E000004","FS0001","MAT000024","MaterialPlatform","USES","DES000001","DesignMode","EV000004","Medium"
"E000005","FS0001","MAT000024","MaterialPlatform","VALIDATED_AT","VAL000001","ValidationStage","EV000005","High"
"E000006","FS0001","MAT000024","MaterialPlatform","VALIDATED_AT","VAL000004","ValidationStage","EV000006","High"
"E000007","FS0001","MAT000024","MaterialPlatform","VALIDATED_AT","VAL000005","ValidationStage","EV000007","High"
"E000008","FS0005","MAT000099","MaterialPlatform","USES","DES000008","DesignMode","EV000008","High"
"E000009","FS0005","MAT000099","MaterialPlatform","VALIDATED_AT","VAL000005","ValidationStage","EV000009","High"
"E000010","FS0007","MAT000059","MaterialPlatform","COMPOSED_OF","COM000019","MaterialComposition","EV000010","High"
"E000011","FS0007","MAT000059","MaterialPlatform","FABRICATED_BY","FAB000010","FabricationStrategy","EV000011","High"
"E000012","FS0007","MAT000059","MaterialPlatform","FABRICATED_BY","FAB000036","FabricationStrategy","EV000012","High"
"E000013","FS0007","MAT000059","MaterialPlatform","FABRICATED_BY","FAB000042","FabricationStrategy","EV000013","High"
"E000014","FS0007","MAT000059","MaterialPlatform","VALIDATED_AT","VAL000001","ValidationStage","EV000014","High"
"E000015","FS0007","MAT000059","MaterialPlatform","VALIDATED_AT","VAL000005","ValidationStage","EV000015","High"
"E000016","FS0009","MAT000163","MaterialPlatform","COMPOSED_OF","COM000056","MaterialComposition","EV000016","High"
"E000017","FS0009","MAT000163","MaterialPlatform","COMPOSED_OF","COM000072","MaterialComposition","EV000017","High"
"E000018","FS0009","MAT000163","MaterialPlatform","FABRICATED_BY","FAB000025","FabricationStrategy","EV000018","High"
"E000019","FS0009","MAT000163","MaterialPlatform","FABRICATED_BY","FAB000043","FabricationStrategy","EV000019","High"
"E000020","FS0009","MAT000163","MaterialPlatform","PROMOTES","REG000004","RegenerativeEndpoint","EV000020","High"
"E000021","FS0009","MAT000163","MaterialPlatform","TARGETS","CEL000017","TargetCell","EV000021","High"
"E000022","FS0009","MAT000163","MaterialPlatform","USES","DES000014","DesignMode","EV000022","High"
"E000023","FS0009","MAT000163","MaterialPlatform","VALIDATED_AT","VAL000001","ValidationStage","EV000023","High"
"E000024","FS0009","MAT000163","MaterialPlatform","VALIDATED_AT","VAL000005","ValidationStage","EV000024","High"
"E000025","FS0011","MAT000197","MaterialPlatform","MODULATES","MEC000018","Mechanism","EV000025","Medium"
"E000026","FS0011","MAT000197","MaterialPlatform","VALIDATED_AT","VAL000001","ValidationStage","EV000026","High"
"E000027","FS0011","MAT000197","MaterialPlatform","VALIDATED_AT","VAL000005","ValidationStage","EV000027","High"
"E000028","FS0013","MAT000190","MaterialPlatform","COMPOSED_OF","COM000140","MaterialComposition","EV000028","High"
"E000029","FS0013","MAT000190","MaterialPlatform","FABRICATED_BY","FAB000020","FabricationStrategy","EV000029","High"
"E000030","FS0013","MAT000190","MaterialPlatform","RESPONDS_TO","STI000006","Stimulus","EV000030","High"
"E000031","FS0013","MAT000190","MaterialPlatform","VALIDATED_AT","VAL000001","ValidationStage","EV000031","High"
"E000032","FS0016","MAT000046","MaterialPlatform","COMPOSED_OF","COM000027","MaterialComposition","EV000032","Medium"
"E000033","FS0016","MAT000046","MaterialPlatform","MODULATES","MEC000006","Mechanism","EV000033","High"
"E000034","FS0016","MAT000046","MaterialPlatform","USES","DES000010","DesignMode","EV000034","Medium"
"E000035","FS0016","MAT000046","MaterialPlatform","VALIDATED_AT","VAL000005","ValidationStage","EV000035","Medium"
"E000036","FS0018","MAT000207","MaterialPlatform","VALIDATED_AT","VAL000001","ValidationStage","EV000036","High"
"E000037","FS0020","MAT000162","MaterialPlatform","COMPOSED_OF","COM000097","MaterialComposition","EV000037","High"
"E000038","FS0020","MAT000162","MaterialPlatform","COMPOSED_OF","COM000152","MaterialComposition","EV000038","High"
"E000039","FS0020","MAT000162","MaterialPlatform","DELIVERS","CAR000010","TherapeuticCargo","EV000039","High"
"E000040","FS0020","MAT000162","MaterialPlatform","FABRICATED_BY","FAB000004","FabricationStrategy","EV000040","High"
"E000041","FS0020","MAT000162","MaterialPlatform","FABRICATED_BY","FAB000018","FabricationStrategy","EV000041","High"
"E000042","FS0020","MAT000162","MaterialPlatform","RELEASES","CAR000010","TherapeuticCargo","EV000042","High"
"E000043","FS0020","MAT000162","MaterialPlatform","VALIDATED_AT","VAL000001","ValidationStage","EV000043","High"
"E000044","FS0020","MAT000162","MaterialPlatform","VALIDATED_AT","VAL000005","ValidationStage","EV000044","High"
"E000045","FS0021","MAT000202","MaterialPlatform","FABRICATED_BY","FAB000033","FabricationStrategy","EV000045","Medium"
"E000046","FS0021","MAT000202","MaterialPlatform","RELEASES","CAR000005","TherapeuticCargo","EV000046","Medium"
"E000047","FS0021","MAT000202","MaterialPlatform","VALIDATED_AT","VAL000001","ValidationStage","EV000047","High"
"E000048","FS0022","MAT000166","MaterialPlatform","COMPOSED_OF","COM000127","MaterialComposition","EV000048","High"
"E000049","FS0022","MAT000166","MaterialPlatform","COMPOSED_OF","COM000165","MaterialComposition","EV000049","High"
"E000050","FS0022","MAT000166","MaterialPlatform","DELIVERS","CAR000057","TherapeuticCargo","EV000050","High"
"E000051","FS0022","MAT000166","MaterialPlatform","FABRICATED_BY","FAB000035","FabricationStrategy","EV000051","High"
"E000052","FS0022","MAT000166","MaterialPlatform","TARGETS","CEL000002","TargetCell","EV000052","High"
"E000053","FS0022","MAT000166","MaterialPlatform","USES","DES000002","DesignMode","EV000053","High"
"E000054","FS0022","MAT000166","MaterialPlatform","USES","DES000006","DesignMode","EV000054","High"
"E000055","FS0022","MAT000166","MaterialPlatform","VALIDATED_AT","VAL000001","ValidationStage","EV000055","High"
"E000056","FS0022","MAT000166","MaterialPlatform","VALIDATED_AT","VAL000004","ValidationStage","EV000056","High"
"E000057","FS0022","MAT000166","MaterialPlatform","VALIDATED_AT","VAL000005","ValidationStage","EV000057","High"
"E000058","FS0026","MAT000031","MaterialPlatform","COMPOSED_OF","COM000103","MaterialComposition","EV000058","High"
"E000059","FS0026","MAT000031","MaterialPlatform","PROMOTES","REG000012","RegenerativeEndpoint","EV000059","Medium"
"E000060","FS0026","MAT000031","MaterialPlatform","USES","DES000011","DesignMode","EV000060","High"
"E000061","FS0026","MAT000031","MaterialPlatform","VALIDATED_AT","VAL000001","ValidationStage","EV000061","High"
"E000062","FS0026","MAT000031","MaterialPlatform","VALIDATED_AT","VAL000003","ValidationStage","EV000062","High"
"E000063","FS0026","MAT000031","MaterialPlatform","VALIDATED_AT","VAL000005","ValidationStage","EV000063","High"
"E000064","FS0033","MAT000155","MaterialPlatform","COMPOSED_OF","COM000001","MaterialComposition","EV000064","High"
"E000065","FS0033","MAT000155","MaterialPlatform","COMPOSED_OF","COM000037","MaterialComposition","EV000065","High"
"E000066","FS0033","MAT000155","MaterialPlatform","COMPOSED_OF","COM000079","MaterialComposition","EV000066","High"
"E000067","FS0033","MAT000155","MaterialPlatform","COMPOSED_OF","COM000125","MaterialComposition","EV000067","High"
"E000068","FS0033","MAT000155","MaterialPlatform","FABRICATED_BY","FAB000039","FabricationStrategy","EV000068","High"
"E000069","FS0033","MAT000155","MaterialPlatform","TARGETS","CEL000007","TargetCell","EV000069","High"
"E000070","FS0033","MAT000155","MaterialPlatform","USES","DES000012","DesignMode","EV000070","High"
"E000071","FS0033","MAT000155","MaterialPlatform","VALIDATED_AT","VAL000001","ValidationStage","EV000071","High"
"E000073","FS0033","MAT000155","MaterialPlatform","VALIDATED_AT","VAL000003","ValidationStage","EV000073","High"
"E000074","FS0033","MAT000155","MaterialPlatform","VALIDATED_AT","VAL000005","ValidationStage","EV000074","High"
"E000075","FS0035","MAT000158","MaterialPlatform","FABRICATED_BY","FAB000007","FabricationStrategy","EV000075","High"
"E000076","FS0035","MAT000158","MaterialPlatform","TARGETS","CEL000015","TargetCell","EV000076","High"
"E000077","FS0035","MAT000158","MaterialPlatform","VALIDATED_AT","VAL000001","ValidationStage","EV000077","High"
"E000078","FS0036","MAT000035","MaterialPlatform","COMPOSED_OF","COM000012","MaterialComposition","EV000078","High"
"E000079","FS0036","MAT000035","MaterialPlatform","COMPOSED_OF","COM000105","MaterialComposition","EV000079","High"
"E000080","FS0036","MAT000035","MaterialPlatform","COMPOSED_OF","COM000108","MaterialComposition","EV000080","High"
"E000081","FS0036","MAT000035","MaterialPlatform","DELIVERS","CAR000012","TherapeuticCargo","EV000081","High"
"E000082","FS0036","MAT000035","MaterialPlatform","FABRICATED_BY","FAB000034","FabricationStrategy","EV000082","High"
"E000083","FS0036","MAT000035","MaterialPlatform","MODULATES","MEC000019","Mechanism","EV000083","Medium"
"E000084","FS0036","MAT000035","MaterialPlatform","PROMOTES","REG000012","RegenerativeEndpoint","EV000084","High"
"E000085","FS0036","MAT000035","MaterialPlatform","RELEASES","CAR000012","TherapeuticCargo","EV000085","High"
"E000086","FS0036","MAT000035","MaterialPlatform","RESPONDS_TO","STI000001","Stimulus","EV000086","High"
"E000087","FS0036","MAT000035","MaterialPlatform","RESPONDS_TO","STI000008","Stimulus","EV000087","High"
"E000088","FS0036","MAT000035","MaterialPlatform","TARGETS","CEL000004","TargetCell","EV000088","High"
"E000089","FS0036","MAT000035","MaterialPlatform","USES","DES000006","DesignMode","EV000089","High"
"E000090","FS0036","MAT000035","MaterialPlatform","VALIDATED_AT","VAL000001","ValidationStage","EV000090","High"
"E000091","FS0038","MAT000127","MaterialPlatform","FABRICATED_BY","FAB000039","FabricationStrategy","EV000091","High"
"E000092","FS0038","MAT000127","MaterialPlatform","TARGETS","CEL000007","TargetCell","EV000092","High"
"E000093","FS0038","MAT000127","MaterialPlatform","TARGETS","CEL000008","TargetCell","EV000093","High"
"E000094","FS0038","MAT000127","MaterialPlatform","TARGETS","CEL000013","TargetCell","EV000094","High"
"E000095","FS0038","MAT000127","MaterialPlatform","VALIDATED_AT","VAL000001","ValidationStage","EV000095","High"
"E000096","FS0038","MAT000127","MaterialPlatform","VALIDATED_AT","VAL000005","ValidationStage","EV000096","High"
"E000097","FS0041","MAT000118","MaterialPlatform","COMPOSED_OF","COM000073","MaterialComposition","EV000097","Medium"
"E000098","FS0041","MAT000118","MaterialPlatform","COMPOSED_OF","COM000082","MaterialComposition","EV000098","Medium"
"E000099","FS0041","MAT000118","MaterialPlatform","DELIVERS","CAR000035","TherapeuticCargo","EV000099","Medium"
"E000100","FS0041","MAT000118","MaterialPlatform","TARGETS","CEL000010","TargetCell","EV000100","High"
"E000101","FS0041","MAT000118","MaterialPlatform","VALIDATED_AT","VAL000001","ValidationStage","EV000101","High"
"E000102","FS0041","MAT000118","MaterialPlatform","VALIDATED_AT","VAL000005","ValidationStage","EV000102","High"
"E000103","FS0042","MAT000144","MaterialPlatform","MODULATES","MEC000022","Mechanism","EV000103","Medium"
"E000104","FS0042","MAT000144","MaterialPlatform","USES","DES000002","DesignMode","EV000104","Medium"
"E000105","FS0042","MAT000144","MaterialPlatform","USES","DES000006","DesignMode","EV000105","Medium"
"E000106","FS0043","MAT000186","MaterialPlatform","COMPOSED_OF","COM000129","MaterialComposition","EV000106","High"
"E000107","FS0043","MAT000186","MaterialPlatform","FABRICATED_BY","FAB000016","FabricationStrategy","EV000107","Medium"
"E000108","FS0043","MAT000186","MaterialPlatform","MODULATES","MEC000005","Mechanism","EV000108","High"
"E000109","FS0043","MAT000186","MaterialPlatform","PROMOTES","REG000001","RegenerativeEndpoint","EV000109","High"
"E000110","FS0043","MAT000186","MaterialPlatform","TARGETS","CEL000008","TargetCell","EV000110","High"
"E000111","FS0043","MAT000186","MaterialPlatform","USES","DES000015","DesignMode","EV000111","High"
"E000112","FS0043","MAT000186","MaterialPlatform","VALIDATED_AT","VAL000001","ValidationStage","EV000112","High"
"E000113","FS0044","MAT000134","MaterialPlatform","COMPOSED_OF","COM000014","MaterialComposition","EV000113","High"
"E000114","FS0044","MAT000134","MaterialPlatform","COMPOSED_OF","COM000057","MaterialComposition","EV000114","High"
"E000115","FS0044","MAT000134","MaterialPlatform","COMPOSED_OF","COM000058","MaterialComposition","EV000115","High"
"E000116","FS0044","MAT000134","MaterialPlatform","COMPOSED_OF","COM000059","MaterialComposition","EV000116","High"
"E000117","FS0044","MAT000134","MaterialPlatform","DELIVERS","CAR000019","TherapeuticCargo","EV000117","High"
"E000118","FS0044","MAT000134","MaterialPlatform","FABRICATED_BY","FAB000005","FabricationStrategy","EV000118","High"
"E000119","FS0044","MAT000134","MaterialPlatform","FABRICATED_BY","FAB000032","FabricationStrategy","EV000119","High"
"E000120","FS0044","MAT000134","MaterialPlatform","PROMOTES","REG000003","RegenerativeEndpoint","EV000120","High"
"E000121","FS0044","MAT000134","MaterialPlatform","RELEASES","CAR000019","TherapeuticCargo","EV000121","High"
"E000122","FS0044","MAT000134","MaterialPlatform","TARGETS","CEL000002","TargetCell","EV000122","High"
"E000123","FS0044","MAT000134","MaterialPlatform","TARGETS","CEL000008","TargetCell","EV000123","High"
"E000124","FS0044","MAT000134","MaterialPlatform","USES","DES000006","DesignMode","EV000124","High"
"E000125","FS0044","MAT000134","MaterialPlatform","VALIDATED_AT","VAL000001","ValidationStage","EV000125","High"
"E000126","FS0044","MAT000134","MaterialPlatform","VALIDATED_AT","VAL000005","ValidationStage","EV000126","High"
"E000127","FS0048","MAT000094","MaterialPlatform","COMPOSED_OF","COM000052","MaterialComposition","EV000127","High"
"E000128","FS0048","MAT000094","MaterialPlatform","MODULATES","MEC000019","Mechanism","EV000128","High"
"E000129","FS0048","MAT000094","MaterialPlatform","PROMOTES","REG000012","RegenerativeEndpoint","EV000129","High"
"E000130","FS0048","MAT000094","MaterialPlatform","USES","DES000004","DesignMode","EV000130","High"
"E000131","FS0048","MAT000094","MaterialPlatform","VALIDATED_AT","VAL000001","ValidationStage","EV000131","High"
"E000132","FS0048","MAT000094","MaterialPlatform","VALIDATED_AT","VAL000005","ValidationStage","EV000132","High"
"E000133","FS0049","MAT000015","MaterialPlatform","TARGETS","CEL000010","TargetCell","EV000133","Medium"
"E000134","FS0049","MAT000015","MaterialPlatform","USES","DES000006","DesignMode","EV000134","High"
"E000135","FS0049","MAT000015","MaterialPlatform","VALIDATED_AT","VAL000001","ValidationStage","EV000135","High"
"E000136","FS0050","MAT000181","MaterialPlatform","USES","DES000015","DesignMode","EV000136","High"
"E000137","FS0050","MAT000181","MaterialPlatform","VALIDATED_AT","VAL000005","ValidationStage","EV000137","High"
"E000138","FS0054","MAT000130","MaterialPlatform","VALIDATED_AT","VAL000001","ValidationStage","EV000138","High"
"E000139","FS0056","MAT000200","MaterialPlatform","COMPOSED_OF","COM000133","MaterialComposition","EV000139","High"
"E000140","FS0056","MAT000200","MaterialPlatform","DELIVERS","CAR000041","TherapeuticCargo","EV000140","Medium"
"E000141","FS0056","MAT000200","MaterialPlatform","FABRICATED_BY","FAB000035","FabricationStrategy","EV000141","High"
"E000142","FS0056","MAT000200","MaterialPlatform","FABRICATED_BY","FAB000039","FabricationStrategy","EV000142","High"
"E000143","FS0056","MAT000200","MaterialPlatform","TARGETS","CEL000002","TargetCell","EV000143","High"
"E000144","FS0056","MAT000200","MaterialPlatform","USES","DES000006","DesignMode","EV000144","High"
"E000145","FS0056","MAT000200","MaterialPlatform","VALIDATED_AT","VAL000001","ValidationStage","EV000145","High"
"E000146","FS0056","MAT000200","MaterialPlatform","VALIDATED_AT","VAL000002","ValidationStage","EV000146","High"
"E000147","FS0058","MAT000058","MaterialPlatform","COMPOSED_OF","COM000002","MaterialComposition","EV000147","High"
"E000148","FS0058","MAT000058","MaterialPlatform","COMPOSED_OF","COM000028","MaterialComposition","EV000148","Medium"
"E000149","FS0058","MAT000058","MaterialPlatform","COMPOSED_OF","COM000029","MaterialComposition","EV000149","Medium"
"E000150","FS0058","MAT000058","MaterialPlatform","FABRICATED_BY","FAB000008","FabricationStrategy","EV000150","High"
"E000151","FS0058","MAT000058","MaterialPlatform","USES","DES000006","DesignMode","EV000151","High"
"E000152","FS0058","MAT000058","MaterialPlatform","VALIDATED_AT","VAL000005","ValidationStage","EV000152","High"
"E000153","FS0059","MAT000116","MaterialPlatform","PROMOTES","REG000008","RegenerativeEndpoint","EV000153","High"
"E000154","FS0059","MAT000116","MaterialPlatform","TARGETS","CEL000008","TargetCell","EV000154","High"
"E000155","FS0059","MAT000116","MaterialPlatform","USES","DES000006","DesignMode","EV000155","High"
"E000156","FS0059","MAT000116","MaterialPlatform","VALIDATED_AT","VAL000001","ValidationStage","EV000156","High"
"E000157","FS0059","MAT000116","MaterialPlatform","VALIDATED_AT","VAL000005","ValidationStage","EV000157","High"
"E000158","FS0062","MAT000003","MaterialPlatform","MODULATES","MEC000003","Mechanism","EV000158","Low"
"E000159","FS0062","MAT000003","MaterialPlatform","TARGETS","CEL000002","TargetCell","EV000159","High"
"E000160","FS0062","MAT000003","MaterialPlatform","USES","DES000006","DesignMode","EV000160","High"
"E000161","FS0062","MAT000003","MaterialPlatform","VALIDATED_AT","VAL000001","ValidationStage","EV000161","High"
"E000162","FS0067","MAT000017","MaterialPlatform","FABRICATED_BY","FAB000035","FabricationStrategy","EV000162","High"
"E000163","FS0067","MAT000017","MaterialPlatform","RELEASES","CAR000017","TherapeuticCargo","EV000163","Medium"
"E000164","FS0067","MAT000017","MaterialPlatform","RELEASES","CAR000050","TherapeuticCargo","EV000164","Medium"
"E000165","FS0067","MAT000017","MaterialPlatform","RESPONDS_TO","STI000003","Stimulus","EV000165","High"
"E000166","FS0067","MAT000017","MaterialPlatform","TARGETS","CEL000013","TargetCell","EV000166","High"
"E000168","FS0067","MAT000017","MaterialPlatform","VALIDATED_AT","VAL000005","ValidationStage","EV000168","High"
"E000169","FS0071","MAT000223","MaterialPlatform","FABRICATED_BY","FAB000024","FabricationStrategy","EV000169","High"
"E000170","FS0071","MAT000223","MaterialPlatform","USES","DES000012","DesignMode","EV000170","High"
"E000171","FS0071","MAT000223","MaterialPlatform","VALIDATED_AT","VAL000001","ValidationStage","EV000171","High"
"E000173","FS0071","MAT000223","MaterialPlatform","VALIDATED_AT","VAL000005","ValidationStage","EV000173","High"
"E000174","FS0073","MAT000236","MaterialPlatform","FABRICATED_BY","FAB000030","FabricationStrategy","EV000174","High"
"E000175","FS0073","MAT000236","MaterialPlatform","TARGETS","CEL000010","TargetCell","EV000175","High"
"E000176","FS0073","MAT000236","MaterialPlatform","VALIDATED_AT","VAL000001","ValidationStage","EV000176","High"
"E000177","FS0077","MAT000152","MaterialPlatform","COMPOSED_OF","COM000047","MaterialComposition","EV000177","Medium"
"E000178","FS0077","MAT000152","MaterialPlatform","COMPOSED_OF","COM000093","MaterialComposition","EV000178","Medium"
"E000179","FS0077","MAT000152","MaterialPlatform","COMPOSED_OF","COM000139","MaterialComposition","EV000179","Medium"
"E000180","FS0077","MAT000152","MaterialPlatform","PROMOTES","REG000003","RegenerativeEndpoint","EV000180","High"
"E000181","FS0077","MAT000152","MaterialPlatform","VALIDATED_AT","VAL000005","ValidationStage","EV000181","High"
"E000182","FS0079","MAT000093","MaterialPlatform","TARGETS","CEL000008","TargetCell","EV000182","High"
"E000183","FS0079","MAT000093","MaterialPlatform","VALIDATED_AT","VAL000003","ValidationStage","EV000183","High"
"E000184","FS0080","MAT000138","MaterialPlatform","COMPOSED_OF","COM000015","MaterialComposition","EV000184","High"
"E000185","FS0080","MAT000138","MaterialPlatform","COMPOSED_OF","COM000081","MaterialComposition","EV000185","High"
"E000186","FS0080","MAT000138","MaterialPlatform","COMPOSED_OF","COM000087","MaterialComposition","EV000186","High"
"E000187","FS0080","MAT000138","MaterialPlatform","COMPOSED_OF","COM000169","MaterialComposition","EV000187","High"
"E000188","FS0080","MAT000138","MaterialPlatform","DELIVERS","CAR000040","TherapeuticCargo","EV000188","High"
"E000189","FS0080","MAT000138","MaterialPlatform","MODULATES","MEC000019","Mechanism","EV000189","Medium"
"E000190","FS0080","MAT000138","MaterialPlatform","RELEASES","CAR000040","TherapeuticCargo","EV000190","High"
"E000191","FS0080","MAT000138","MaterialPlatform","USES","DES000006","DesignMode","EV000191","High"
"E000192","FS0080","MAT000138","MaterialPlatform","VALIDATED_AT","VAL000005","ValidationStage","EV000192","High"
"E000193","FS0081","MAT000050","MaterialPlatform","FABRICATED_BY","FAB000019","FabricationStrategy","EV000193","Medium"
"E000194","FS0081","MAT000050","MaterialPlatform","TARGETS","CEL000013","TargetCell","EV000194","High"
"E000195","FS0081","MAT000050","MaterialPlatform","USES","DES000012","DesignMode","EV000195","High"
"E000196","FS0081","MAT000050","MaterialPlatform","VALIDATED_AT","VAL000001","ValidationStage","EV000196","High"
"E000197","FS0081","MAT000050","MaterialPlatform","VALIDATED_AT","VAL000005","ValidationStage","EV000197","High"
"E000198","FS0082","MAT000001","MaterialPlatform","DELIVERS","CAR000020","TherapeuticCargo","EV000198","High"
"E000199","FS0082","MAT000001","MaterialPlatform","FABRICATED_BY","FAB000001","FabricationStrategy","EV000199","High"
"E000200","FS0082","MAT000001","MaterialPlatform","MODULATES","MEC000017","Mechanism","EV000200","High"
"E000201","FS0082","MAT000001","MaterialPlatform","PROMOTES","REG000001","RegenerativeEndpoint","EV000201","High"
"E000202","FS0082","MAT000001","MaterialPlatform","RELEASES","CAR000020","TherapeuticCargo","EV000202","High"
"E000203","FS0082","MAT000001","MaterialPlatform","TARGETS","CEL000007","TargetCell","EV000203","High"
"E000204","FS0082","MAT000001","MaterialPlatform","TARGETS","CEL000008","TargetCell","EV000204","High"
"E000205","FS0082","MAT000001","MaterialPlatform","USES","DES000006","DesignMode","EV000205","High"
"E000206","FS0082","MAT000001","MaterialPlatform","USES","DES000015","DesignMode","EV000206","High"
"E000207","FS0082","MAT000001","MaterialPlatform","VALIDATED_AT","VAL000001","ValidationStage","EV000207","High"
"E000208","FS0082","MAT000001","MaterialPlatform","VALIDATED_AT","VAL000005","ValidationStage","EV000208","High"
"E000209","FS0087","MAT000220","MaterialPlatform","TARGETS","CEL000004","TargetCell","EV000209","High"
"E000210","FS0087","MAT000220","MaterialPlatform","VALIDATED_AT","VAL000001","ValidationStage","EV000210","High"
"E000211","FS0087","MAT000220","MaterialPlatform","VALIDATED_AT","VAL000003","ValidationStage","EV000211","High"
"E000212","FS0087","MAT000220","MaterialPlatform","VALIDATED_AT","VAL000005","ValidationStage","EV000212","High"
"E000213","FS0090","MAT000266","MaterialPlatform","COMPOSED_OF","COM000137","MaterialComposition","EV000213","High"
"E000214","FS0090","MAT000266","MaterialPlatform","COMPOSED_OF","COM000172","MaterialComposition","EV000214","High"
"E000215","FS0090","MAT000266","MaterialPlatform","DELIVERS","CAR000050","TherapeuticCargo","EV000215","High"
"E000216","FS0090","MAT000266","MaterialPlatform","FABRICATED_BY","FAB000031","FabricationStrategy","EV000216","High"
"E000217","FS0090","MAT000266","MaterialPlatform","MODULATES","MEC000016","Mechanism","EV000217","Low"
"E000218","FS0090","MAT000266","MaterialPlatform","RELEASES","CAR000050","TherapeuticCargo","EV000218","High"
"E000219","FS0090","MAT000266","MaterialPlatform","TARGETS","CEL000003","TargetCell","EV000219","High"
"E000220","FS0090","MAT000266","MaterialPlatform","TARGETS","CEL000008","TargetCell","EV000220","High"
"E000221","FS0090","MAT000266","MaterialPlatform","TARGETS","CEL000011","TargetCell","EV000221","Medium"
"E000222","FS0090","MAT000266","MaterialPlatform","USES","DES000006","DesignMode","EV000222","High"
"E000223","FS0090","MAT000266","MaterialPlatform","VALIDATED_AT","VAL000001","ValidationStage","EV000223","High"
"E000224","FS0090","MAT000266","MaterialPlatform","VALIDATED_AT","VAL000005","ValidationStage","EV000224","High"
"E000225","FS0093","MAT000096","MaterialPlatform","FABRICATED_BY","FAB000012","FabricationStrategy","EV000225","High"
"E000226","FS0093","MAT000096","MaterialPlatform","FABRICATED_BY","FAB000017","FabricationStrategy","EV000226","High"
"E000227","FS0093","MAT000096","MaterialPlatform","MODULATES","MEC000015","Mechanism","EV000227","Medium"
"E000228","FS0093","MAT000096","MaterialPlatform","PROMOTES","REG000012","RegenerativeEndpoint","EV000228","High"
"E000229","FS0093","MAT000096","MaterialPlatform","USES","DES000015","DesignMode","EV000229","High"
"E000230","FS0093","MAT000096","MaterialPlatform","VALIDATED_AT","VAL000001","ValidationStage","EV000230","High"
"E000232","FS0093","MAT000096","MaterialPlatform","VALIDATED_AT","VAL000003","ValidationStage","EV000232","High"
"E000233","FS0093","MAT000096","MaterialPlatform","VALIDATED_AT","VAL000005","ValidationStage","EV000233","High"
"E000234","FS0097","MAT000028","MaterialPlatform","FABRICATED_BY","FAB000002","FabricationStrategy","EV000234","High"
"E000235","FS0097","MAT000028","MaterialPlatform","VALIDATED_AT","VAL000001","ValidationStage","EV000235","High"
"E000237","FS0097","MAT000028","MaterialPlatform","VALIDATED_AT","VAL000005","ValidationStage","EV000237","High"
"E000238","FS0098","MAT000250","MaterialPlatform","FABRICATED_BY","FAB000039","FabricationStrategy","EV000238","High"
"E000239","FS0098","MAT000250","MaterialPlatform","PROMOTES","REG000006","RegenerativeEndpoint","EV000239","High"
"E000240","FS0098","MAT000250","MaterialPlatform","TARGETS","CEL000010","TargetCell","EV000240","High"
"E000241","FS0098","MAT000250","MaterialPlatform","USES","DES000006","DesignMode","EV000241","High"
"E000242","FS0098","MAT000250","MaterialPlatform","VALIDATED_AT","VAL000001","ValidationStage","EV000242","High"
"E000243","FS0098","MAT000250","MaterialPlatform","VALIDATED_AT","VAL000005","ValidationStage","EV000243","High"
"E000244","FS0102","MAT000201","MaterialPlatform","MODULATES","MEC000008","Mechanism","EV000244","Low"
"E000245","FS0102","MAT000201","MaterialPlatform","TARGETS","CEL000013","TargetCell","EV000245","High"
"E000246","FS0102","MAT000201","MaterialPlatform","VALIDATED_AT","VAL000001","ValidationStage","EV000246","High"
"E000247","FS0105","MAT000131","MaterialPlatform","COMPOSED_OF","COM000101","MaterialComposition","EV000247","High"
"E000248","FS0105","MAT000131","MaterialPlatform","COMPOSED_OF","COM000169","MaterialComposition","EV000248","Medium"
"E000249","FS0105","MAT000131","MaterialPlatform","COMPOSED_OF","COM000174","MaterialComposition","EV000249","Medium"
"E000250","FS0105","MAT000131","MaterialPlatform","FABRICATED_BY","FAB000019","FabricationStrategy","EV000250","High"
"E000251","FS0105","MAT000131","MaterialPlatform","RELEASES","CAR000061","TherapeuticCargo","EV000251","High"
"E000252","FS0105","MAT000131","MaterialPlatform","TARGETS","CEL000007","TargetCell","EV000252","High"
"E000253","FS0105","MAT000131","MaterialPlatform","TARGETS","CEL000010","TargetCell","EV000253","Medium"
"E000254","FS0105","MAT000131","MaterialPlatform","USES","DES000005","DesignMode","EV000254","High"
"E000255","FS0105","MAT000131","MaterialPlatform","VALIDATED_AT","VAL000001","ValidationStage","EV000255","High"
"E000256","FS0105","MAT000131","MaterialPlatform","VALIDATED_AT","VAL000005","ValidationStage","EV000256","High"
"E000257","FS0107","MAT000167","MaterialPlatform","DELIVERS","CAR000039","TherapeuticCargo","EV000257","High"
"E000258","FS0107","MAT000167","MaterialPlatform","RELEASES","CAR000039","TherapeuticCargo","EV000258","High"
"E000259","FS0107","MAT000167","MaterialPlatform","TARGETS","CEL000008","TargetCell","EV000259","High"
"E000260","FS0107","MAT000167","MaterialPlatform","VALIDATED_AT","VAL000001","ValidationStage","EV000260","High"
"E000261","FS0109","MAT000113","MaterialPlatform","FABRICATED_BY","FAB000012","FabricationStrategy","EV000261","High"
"E000262","FS0109","MAT000113","MaterialPlatform","FABRICATED_BY","FAB000027","FabricationStrategy","EV000262","High"
"E000263","FS0109","MAT000113","MaterialPlatform","PROMOTES","REG000003","RegenerativeEndpoint","EV000263","High"
"E000264","FS0109","MAT000113","MaterialPlatform","TARGETS","CEL000002","TargetCell","EV000264","High"
"E000265","FS0109","MAT000113","MaterialPlatform","USES","DES000005","DesignMode","EV000265","High"
"E000266","FS0109","MAT000113","MaterialPlatform","USES","DES000006","DesignMode","EV000266","High"
"E000267","FS0109","MAT000113","MaterialPlatform","VALIDATED_AT","VAL000001","ValidationStage","EV000267","High"
"E000268","FS0109","MAT000113","MaterialPlatform","VALIDATED_AT","VAL000005","ValidationStage","EV000268","High"
"E000269","FS0111","MAT000226","MaterialPlatform","MODULATES","MEC000021","Mechanism","EV000269","Medium"
"E000270","FS0111","MAT000226","MaterialPlatform","RELEASES","CAR000003","TherapeuticCargo","EV000270","High"
"E000271","FS0111","MAT000226","MaterialPlatform","TARGETS","CEL000002","TargetCell","EV000271","High"
"E000272","FS0111","MAT000226","MaterialPlatform","VALIDATED_AT","VAL000001","ValidationStage","EV000272","High"
"E000273","FS0111","MAT000226","MaterialPlatform","VALIDATED_AT","VAL000004","ValidationStage","EV000273","High"
"E000274","FS0111","MAT000226","MaterialPlatform","VALIDATED_AT","VAL000005","ValidationStage","EV000274","High"
"E000275","FS0112","MAT000274","MaterialPlatform","PROMOTES","REG000001","RegenerativeEndpoint","EV000275","High"
"E000276","FS0112","MAT000274","MaterialPlatform","TARGETS","CEL000007","TargetCell","EV000276","High"
"E000277","FS0112","MAT000274","MaterialPlatform","USES","DES000006","DesignMode","EV000277","High"
"E000278","FS0112","MAT000274","MaterialPlatform","VALIDATED_AT","VAL000005","ValidationStage","EV000278","High"
"E000279","FS0113","MAT000170","MaterialPlatform","COMPOSED_OF","COM000117","MaterialComposition","EV000279","High"
"E000280","FS0113","MAT000170","MaterialPlatform","PROMOTES","REG000001","RegenerativeEndpoint","EV000280","High"
"E000281","FS0113","MAT000170","MaterialPlatform","TARGETS","CEL000008","TargetCell","EV000281","High"
"E000282","FS0113","MAT000170","MaterialPlatform","TARGETS","CEL000013","TargetCell","EV000282","High"
"E000283","FS0113","MAT000170","MaterialPlatform","USES","DES000012","DesignMode","EV000283","High"
"E000284","FS0113","MAT000170","MaterialPlatform","VALIDATED_AT","VAL000001","ValidationStage","EV000284","High"
"E000285","FS0113","MAT000170","MaterialPlatform","VALIDATED_AT","VAL000005","ValidationStage","EV000285","High"
"E000286","FS0114","MAT000177","MaterialPlatform","COMPOSED_OF","COM000004","MaterialComposition","EV000286","High"
"E000287","FS0114","MAT000177","MaterialPlatform","COMPOSED_OF","COM000069","MaterialComposition","EV000287","High"
"E000288","FS0114","MAT000177","MaterialPlatform","MODULATES","MEC000019","Mechanism","EV000288","Medium"
"E000289","FS0114","MAT000177","MaterialPlatform","TARGETS","CEL000002","TargetCell","EV000289","High"
"E000290","FS0114","MAT000177","MaterialPlatform","TARGETS","CEL000007","TargetCell","EV000290","High"
"E000291","FS0114","MAT000177","MaterialPlatform","USES","DES000006","DesignMode","EV000291","High"
"E000292","FS0114","MAT000177","MaterialPlatform","VALIDATED_AT","VAL000001","ValidationStage","EV000292","High"
"E000293","FS0114","MAT000177","MaterialPlatform","VALIDATED_AT","VAL000005","ValidationStage","EV000293","High"
"E000294","FS0117","MAT000243","MaterialPlatform","COMPOSED_OF","COM000144","MaterialComposition","EV000294","Medium"
"E000295","FS0117","MAT000243","MaterialPlatform","COMPOSED_OF","COM000177","MaterialComposition","EV000295","Medium"
"E000296","FS0117","MAT000243","MaterialPlatform","DELIVERS","CAR000052","TherapeuticCargo","EV000296","Medium"
"E000297","FS0117","MAT000243","MaterialPlatform","PROMOTES","REG000001","RegenerativeEndpoint","EV000297","High"
"E000298","FS0117","MAT000243","MaterialPlatform","TARGETS","CEL000008","TargetCell","EV000298","High"
"E000299","FS0117","MAT000243","MaterialPlatform","USES","DES000006","DesignMode","EV000299","Medium"
"E000300","FS0117","MAT000243","MaterialPlatform","VALIDATED_AT","VAL000001","ValidationStage","EV000300","High"
"E000302","FS0117","MAT000243","MaterialPlatform","VALIDATED_AT","VAL000005","ValidationStage","EV000302","High"
"E000303","FS0122","MAT000092","MaterialPlatform","COMPOSED_OF","COM000042","MaterialComposition","EV000303","Medium"
"E000304","FS0122","MAT000092","MaterialPlatform","FABRICATED_BY","FAB000013","FabricationStrategy","EV000304","High"
"E000305","FS0122","MAT000092","MaterialPlatform","MODULATES","MEC000011","Mechanism","EV000305","Medium"
"E000306","FS0122","MAT000092","MaterialPlatform","PROMOTES","REG000012","RegenerativeEndpoint","EV000306","High"
"E000307","FS0122","MAT000092","MaterialPlatform","TARGETS","CEL000007","TargetCell","EV000307","High"
"E000308","FS0122","MAT000092","MaterialPlatform","USES","DES000006","DesignMode","EV000308","High"
"E000309","FS0122","MAT000092","MaterialPlatform","VALIDATED_AT","VAL000001","ValidationStage","EV000309","High"
"E000310","FS0122","MAT000092","MaterialPlatform","VALIDATED_AT","VAL000005","ValidationStage","EV000310","High"
"E000311","FS0124","MAT000052","MaterialPlatform","MODULATES","MEC000013","Mechanism","EV000311","High"
"E000312","FS0124","MAT000052","MaterialPlatform","TARGETS","CEL000008","TargetCell","EV000312","High"
"E000313","FS0124","MAT000052","MaterialPlatform","VALIDATED_AT","VAL000001","ValidationStage","EV000313","High"
"E000314","FS0125","MAT000174","MaterialPlatform","TARGETS","CEL000008","TargetCell","EV000314","High"
"E000315","FS0125","MAT000174","MaterialPlatform","VALIDATED_AT","VAL000001","ValidationStage","EV000315","High"
"E000316","FS0129","MAT000115","MaterialPlatform","COMPOSED_OF","COM000126","MaterialComposition","EV000316","High"
"E000317","FS0129","MAT000115","MaterialPlatform","DELIVERS","CAR000020","TherapeuticCargo","EV000317","High"
"E000318","FS0129","MAT000115","MaterialPlatform","RELEASES","CAR000020","TherapeuticCargo","EV000318","High"
"E000319","FS0129","MAT000115","MaterialPlatform","TARGETS","CEL000008","TargetCell","EV000319","Medium"
"E000320","FS0129","MAT000115","MaterialPlatform","TARGETS","CEL000010","TargetCell","EV000320","High"
"E000321","FS0129","MAT000115","MaterialPlatform","VALIDATED_AT","VAL000001","ValidationStage","EV000321","High"
"E000322","FS0129","MAT000115","MaterialPlatform","VALIDATED_AT","VAL000005","ValidationStage","EV000322","High"
"E000323","FS0130","MAT000198","MaterialPlatform","COMPOSED_OF","COM000164","MaterialComposition","EV000323","Medium"
"E000324","FS0130","MAT000198","MaterialPlatform","PROMOTES","REG000003","RegenerativeEndpoint","EV000324","High"
"E000325","FS0130","MAT000198","MaterialPlatform","TARGETS","CEL000002","TargetCell","EV000325","High"
"E000326","FS0130","MAT000198","MaterialPlatform","TARGETS","CEL000008","TargetCell","EV000326","High"
"E000327","FS0130","MAT000198","MaterialPlatform","USES","DES000006","DesignMode","EV000327","High"
"E000328","FS0130","MAT000198","MaterialPlatform","VALIDATED_AT","VAL000001","ValidationStage","EV000328","High"
"E000329","FS0130","MAT000198","MaterialPlatform","VALIDATED_AT","VAL000005","ValidationStage","EV000329","High"
"E000330","FS0133","MAT000180","MaterialPlatform","COMPOSED_OF","COM000043","MaterialComposition","EV000330","Medium"
"E000331","FS0133","MAT000180","MaterialPlatform","COMPOSED_OF","COM000053","MaterialComposition","EV000331","High"
"E000332","FS0133","MAT000180","MaterialPlatform","COMPOSED_OF","COM000107","MaterialComposition","EV000332","Medium"
"E000333","FS0133","MAT000180","MaterialPlatform","COMPOSED_OF","COM000116","MaterialComposition","EV000333","High"
"E000334","FS0133","MAT000180","MaterialPlatform","DELIVERS","CAR000051","TherapeuticCargo","EV000334","High"
"E000335","FS0133","MAT000180","MaterialPlatform","FABRICATED_BY","FAB000027","FabricationStrategy","EV000335","High"
"E000336","FS0133","MAT000180","MaterialPlatform","MODULATES","MEC000019","Mechanism","EV000336","High"
"E000337","FS0133","MAT000180","MaterialPlatform","RELEASES","CAR000051","TherapeuticCargo","EV000337","High"
"E000338","FS0133","MAT000180","MaterialPlatform","TARGETS","CEL000010","TargetCell","EV000338","High"
"E000339","FS0133","MAT000180","MaterialPlatform","USES","DES000006","DesignMode","EV000339","High"
"E000340","FS0133","MAT000180","MaterialPlatform","VALIDATED_AT","VAL000001","ValidationStage","EV000340","High"
"E000342","FS0133","MAT000180","MaterialPlatform","VALIDATED_AT","VAL000005","ValidationStage","EV000342","High"
"E000343","FS0134","MAT000063","MaterialPlatform","DELIVERS","CAR000018","TherapeuticCargo","EV000343","High"
"E000344","FS0134","MAT000063","MaterialPlatform","PROMOTES","REG000001","RegenerativeEndpoint","EV000344","High"
"E000345","FS0134","MAT000063","MaterialPlatform","RELEASES","CAR000018","TherapeuticCargo","EV000345","High"
"E000346","FS0134","MAT000063","MaterialPlatform","TARGETS","CEL000007","TargetCell","EV000346","High"
"E000347","FS0134","MAT000063","MaterialPlatform","TARGETS","CEL000013","TargetCell","EV000347","High"
"E000348","FS0134","MAT000063","MaterialPlatform","USES","DES000005","DesignMode","EV000348","High"
"E000349","FS0134","MAT000063","MaterialPlatform","USES","DES000015","DesignMode","EV000349","High"
"E000350","FS0134","MAT000063","MaterialPlatform","VALIDATED_AT","VAL000001","ValidationStage","EV000350","High"
"E000351","FS0134","MAT000063","MaterialPlatform","VALIDATED_AT","VAL000003","ValidationStage","EV000351","High"
"E000352","FS0134","MAT000063","MaterialPlatform","VALIDATED_AT","VAL000005","ValidationStage","EV000352","High"
"E000353","FS0135","MAT000064","MaterialPlatform","PROMOTES","REG000001","RegenerativeEndpoint","EV000353","High"
"E000355","FS0135","MAT000064","MaterialPlatform","TARGETS","CEL000008","TargetCell","EV000355","High"
"E000356","FS0135","MAT000064","MaterialPlatform","USES","DES000006","DesignMode","EV000356","High"
"E000357","FS0135","MAT000064","MaterialPlatform","VALIDATED_AT","VAL000005","ValidationStage","EV000357","High"
"E000358","FS0136","MAT000004","MaterialPlatform","MODULATES","MEC000015","Mechanism","EV000358","High"
"E000359","FS0136","MAT000004","MaterialPlatform","PROMOTES","REG000001","RegenerativeEndpoint","EV000359","High"
"E000360","FS0136","MAT000004","MaterialPlatform","TARGETS","CEL000008","TargetCell","EV000360","High"
"E000361","FS0136","MAT000004","MaterialPlatform","USES","DES000006","DesignMode","EV000361","High"
"E000362","FS0136","MAT000004","MaterialPlatform","USES","DES000015","DesignMode","EV000362","High"
"E000363","FS0136","MAT000004","MaterialPlatform","VALIDATED_AT","VAL000001","ValidationStage","EV000363","High"
"E000364","FS0142","MAT000105","MaterialPlatform","FABRICATED_BY","FAB000035","FabricationStrategy","EV000364","Medium"
"E000365","FS0142","MAT000105","MaterialPlatform","MODULATES","MEC000019","Mechanism","EV000365","Medium"
"E000366","FS0142","MAT000105","MaterialPlatform","PROMOTES","REG000003","RegenerativeEndpoint","EV000366","High"
"E000367","FS0142","MAT000105","MaterialPlatform","RESPONDS_TO","STI000008","Stimulus","EV000367","High"
"E000368","FS0142","MAT000105","MaterialPlatform","TARGETS","CEL000002","TargetCell","EV000368","High"
"E000369","FS0142","MAT000105","MaterialPlatform","USES","DES000012","DesignMode","EV000369","High"
"E000370","FS0142","MAT000105","MaterialPlatform","VALIDATED_AT","VAL000001","ValidationStage","EV000370","High"
"E000371","FS0142","MAT000105","MaterialPlatform","VALIDATED_AT","VAL000003","ValidationStage","EV000371","High"
"E000372","FS0147","MAT000267","MaterialPlatform","DELIVERS","CAR000060","TherapeuticCargo","EV000372","Medium"
"E000373","FS0147","MAT000267","MaterialPlatform","MODULATES","MEC000013","Mechanism","EV000373","High"
"E000374","FS0147","MAT000267","MaterialPlatform","RELEASES","CAR000060","TherapeuticCargo","EV000374","Medium"
"E000375","FS0147","MAT000267","MaterialPlatform","RESPONDS_TO","STI000010","Stimulus","EV000375","High"
"E000376","FS0147","MAT000267","MaterialPlatform","TARGETS","CEL000010","TargetCell","EV000376","High"
"E000377","FS0147","MAT000267","MaterialPlatform","USES","DES000006","DesignMode","EV000377","High"
"E000378","FS0147","MAT000267","MaterialPlatform","VALIDATED_AT","VAL000001","ValidationStage","EV000378","High"
"E000379","FS0147","MAT000267","MaterialPlatform","VALIDATED_AT","VAL000005","ValidationStage","EV000379","High"
"E000380","FS0148","MAT000233","MaterialPlatform","COMPOSED_OF","COM000043","MaterialComposition","EV000380","High"
"E000381","FS0148","MAT000233","MaterialPlatform","COMPOSED_OF","COM000124","MaterialComposition","EV000381","Medium"
"E000382","FS0148","MAT000233","MaterialPlatform","COMPOSED_OF","COM000154","MaterialComposition","EV000382","Medium"
"E000383","FS0148","MAT000233","MaterialPlatform","FABRICATED_BY","FAB000034","FabricationStrategy","EV000383","High"
"E000384","FS0148","MAT000233","MaterialPlatform","MODULATES","MEC000019","Mechanism","EV000384","Medium"
"E000385","FS0148","MAT000233","MaterialPlatform","TARGETS","CEL000002","TargetCell","EV000385","High"
"E000386","FS0148","MAT000233","MaterialPlatform","USES","DES000006","DesignMode","EV000386","High"
"E000387","FS0148","MAT000233","MaterialPlatform","VALIDATED_AT","VAL000005","ValidationStage","EV000387","High"
"E000388","FS0150","MAT000021","MaterialPlatform","COMPOSED_OF","COM000002","MaterialComposition","EV000388","High"
"E000389","FS0150","MAT000021","MaterialPlatform","COMPOSED_OF","COM000008","MaterialComposition","EV000389","High"
"E000390","FS0150","MAT000021","MaterialPlatform","COMPOSED_OF","COM000010","MaterialComposition","EV000390","High"
"E000391","FS0150","MAT000021","MaterialPlatform","COMPOSED_OF","COM000135","MaterialComposition","EV000391","High"
"E000392","FS0150","MAT000021","MaterialPlatform","COMPOSED_OF","COM000169","MaterialComposition","EV000392","High"
"E000393","FS0150","MAT000021","MaterialPlatform","DELIVERS","CAR000007","TherapeuticCargo","EV000393","High"
"E000394","FS0150","MAT000021","MaterialPlatform","FABRICATED_BY","FAB000021","FabricationStrategy","EV000394","High"
"E000395","FS0150","MAT000021","MaterialPlatform","TARGETS","CEL000003","TargetCell","EV000395","High"
"E000396","FS0150","MAT000021","MaterialPlatform","USES","DES000006","DesignMode","EV000396","High"
"E000397","FS0150","MAT000021","MaterialPlatform","VALIDATED_AT","VAL000001","ValidationStage","EV000397","High"
"E000398","FS0150","MAT000021","MaterialPlatform","VALIDATED_AT","VAL000003","ValidationStage","EV000398","High"
"E000399","FS0151","MAT000238","MaterialPlatform","COMPOSED_OF","COM000171","MaterialComposition","EV000399","High"
"E000400","FS0151","MAT000238","MaterialPlatform","FABRICATED_BY","FAB000001","FabricationStrategy","EV000400","Medium"
"E000401","FS0151","MAT000238","MaterialPlatform","TARGETS","CEL000013","TargetCell","EV000401","High"
"E000402","FS0151","MAT000238","MaterialPlatform","USES","DES000015","DesignMode","EV000402","High"
"E000403","FS0151","MAT000238","MaterialPlatform","VALIDATED_AT","VAL000001","ValidationStage","EV000403","High"
"E000404","FS0151","MAT000238","MaterialPlatform","VALIDATED_AT","VAL000005","ValidationStage","EV000404","High"
"E000405","FS0153","MAT000151","MaterialPlatform","COMPOSED_OF","COM000091","MaterialComposition","EV000405","High"
"E000406","FS0153","MAT000151","MaterialPlatform","TARGETS","CEL000015","TargetCell","EV000406","High"
"E000407","FS0153","MAT000151","MaterialPlatform","USES","DES000011","DesignMode","EV000407","High"
"E000408","FS0153","MAT000151","MaterialPlatform","VALIDATED_AT","VAL000001","ValidationStage","EV000408","High"
"E000409","FS0157","MAT000023","MaterialPlatform","FABRICATED_BY","FAB000001","FabricationStrategy","EV000409","High"
"E000410","FS0157","MAT000023","MaterialPlatform","RELEASES","CAR000009","TherapeuticCargo","EV000410","Medium"
"E000411","FS0157","MAT000023","MaterialPlatform","TARGETS","CEL000007","TargetCell","EV000411","High"
"E000412","FS0157","MAT000023","MaterialPlatform","TARGETS","CEL000008","TargetCell","EV000412","High"
"E000413","FS0157","MAT000023","MaterialPlatform","USES","DES000015","DesignMode","EV000413","High"
"E000414","FS0157","MAT000023","MaterialPlatform","VALIDATED_AT","VAL000001","ValidationStage","EV000414","High"
"E000415","FS0164","MAT000049","MaterialPlatform","COMPOSED_OF","COM000016","MaterialComposition","EV000415","High"
"E000416","FS0164","MAT000049","MaterialPlatform","TARGETS","CEL000008","TargetCell","EV000416","High"
"E000417","FS0164","MAT000049","MaterialPlatform","USES","DES000004","DesignMode","EV000417","High"
"E000418","FS0164","MAT000049","MaterialPlatform","USES","DES000012","DesignMode","EV000418","High"
"E000419","FS0164","MAT000049","MaterialPlatform","VALIDATED_AT","VAL000001","ValidationStage","EV000419","High"
"E000420","FS0164","MAT000049","MaterialPlatform","VALIDATED_AT","VAL000005","ValidationStage","EV000420","High"
"E000421","FS0166","MAT000120","MaterialPlatform","MODULATES","MEC000015","Mechanism","EV000421","Medium"
"E000422","FS0166","MAT000120","MaterialPlatform","TARGETS","CEL000007","TargetCell","EV000422","Medium"
"E000423","FS0166","MAT000120","MaterialPlatform","TARGETS","CEL000010","TargetCell","EV000423","Medium"
"E000424","FS0166","MAT000120","MaterialPlatform","TARGETS","CEL000013","TargetCell","EV000424","Medium"
"E000425","FS0166","MAT000120","MaterialPlatform","USES","DES000006","DesignMode","EV000425","Medium"
"E000426","FS0167","MAT000259","MaterialPlatform","TARGETS","CEL000008","TargetCell","EV000426","Medium"
"E000427","FS0167","MAT000259","MaterialPlatform","VALIDATED_AT","VAL000001","ValidationStage","EV000427","Medium"
"E000428","FS0167","MAT000259","MaterialPlatform","VALIDATED_AT","VAL000005","ValidationStage","EV000428","Medium"
"E000429","FS0168","MAT000247","MaterialPlatform","COMPOSED_OF","COM000089","MaterialComposition","EV000429","Medium"
"E000430","FS0168","MAT000247","MaterialPlatform","DELIVERS","CAR000020","TherapeuticCargo","EV000430","Medium"
"E000431","FS0168","MAT000247","MaterialPlatform","MODULATES","MEC000013","Mechanism","EV000431","High"
"E000432","FS0168","MAT000247","MaterialPlatform","TARGETS","CEL000010","TargetCell","EV000432","High"
"E000433","FS0168","MAT000247","MaterialPlatform","USES","DES000006","DesignMode","EV000433","Medium"
"E000434","FS0168","MAT000247","MaterialPlatform","VALIDATED_AT","VAL000001","ValidationStage","EV000434","High"
"E000435","FS0168","MAT000247","MaterialPlatform","VALIDATED_AT","VAL000005","ValidationStage","EV000435","High"
"E000436","FS0173","MAT000111","MaterialPlatform","COMPOSED_OF","COM000067","MaterialComposition","EV000436","High"
"E000437","FS0173","MAT000111","MaterialPlatform","COMPOSED_OF","COM000179","MaterialComposition","EV000437","High"
"E000438","FS0173","MAT000111","MaterialPlatform","FABRICATED_BY","FAB000039","FabricationStrategy","EV000438","High"
"E000439","FS0173","MAT000111","MaterialPlatform","MODULATES","MEC000015","Mechanism","EV000439","Low"
"E000440","FS0173","MAT000111","MaterialPlatform","RESPONDS_TO","STI000008","Stimulus","EV000440","High"
"E000441","FS0173","MAT000111","MaterialPlatform","TARGETS","CEL000008","TargetCell","EV000441","High"
"E000442","FS0173","MAT000111","MaterialPlatform","VALIDATED_AT","VAL000001","ValidationStage","EV000442","High"
"E000443","FS0173","MAT000111","MaterialPlatform","VALIDATED_AT","VAL000005","ValidationStage","EV000443","High"
"E000444","FS0178","MAT000056","MaterialPlatform","FABRICATED_BY","FAB000041","FabricationStrategy","EV000444","High"
"E000445","FS0178","MAT000056","MaterialPlatform","MODULATES","MEC000010","Mechanism","EV000445","High"
"E000446","FS0178","MAT000056","MaterialPlatform","RESPONDS_TO","STI000008","Stimulus","EV000446","High"
"E000447","FS0178","MAT000056","MaterialPlatform","TARGETS","CEL000008","TargetCell","EV000447","High"
"E000448","FS0178","MAT000056","MaterialPlatform","TARGETS","CEL000010","TargetCell","EV000448","High"
"E000449","FS0178","MAT000056","MaterialPlatform","USES","DES000006","DesignMode","EV000449","High"
"E000450","FS0178","MAT000056","MaterialPlatform","VALIDATED_AT","VAL000001","ValidationStage","EV000450","High"
"E000452","FS0178","MAT000056","MaterialPlatform","VALIDATED_AT","VAL000005","ValidationStage","EV000452","High"
"E000453","FS0183","MAT000117","MaterialPlatform","COMPOSED_OF","COM000170","MaterialComposition","EV000453","High"
"E000454","FS0183","MAT000117","MaterialPlatform","RESPONDS_TO","STI000008","Stimulus","EV000454","High"
"E000455","FS0183","MAT000117","MaterialPlatform","TARGETS","CEL000013","TargetCell","EV000455","High"
"E000456","FS0183","MAT000117","MaterialPlatform","USES","DES000012","DesignMode","EV000456","High"
"E000457","FS0183","MAT000117","MaterialPlatform","VALIDATED_AT","VAL000001","ValidationStage","EV000457","High"
"E000458","FS0183","MAT000117","MaterialPlatform","VALIDATED_AT","VAL000004","ValidationStage","EV000458","High"
"E000459","FS0184","MAT000087","MaterialPlatform","DELIVERS","CAR000004","TherapeuticCargo","EV000459","Medium"
"E000460","FS0184","MAT000087","MaterialPlatform","FABRICATED_BY","FAB000039","FabricationStrategy","EV000460","High"
"E000461","FS0184","MAT000087","MaterialPlatform","PROMOTES","REG000012","RegenerativeEndpoint","EV000461","High"
"E000462","FS0184","MAT000087","MaterialPlatform","RELEASES","CAR000004","TherapeuticCargo","EV000462","High"
"E000463","FS0184","MAT000087","MaterialPlatform","TARGETS","CEL000013","TargetCell","EV000463","High"
"E000464","FS0184","MAT000087","MaterialPlatform","USES","DES000012","DesignMode","EV000464","High"
"E000465","FS0184","MAT000087","MaterialPlatform","VALIDATED_AT","VAL000001","ValidationStage","EV000465","High"
"E000466","FS0184","MAT000087","MaterialPlatform","VALIDATED_AT","VAL000005","ValidationStage","EV000466","High"
"E000467","FS0186","MAT000277","MaterialPlatform","COMPOSED_OF","COM000047","MaterialComposition","EV000467","High"
"E000468","FS0186","MAT000277","MaterialPlatform","COMPOSED_OF","COM000049","MaterialComposition","EV000468","Medium"
"E000469","FS0186","MAT000277","MaterialPlatform","DELIVERS","CAR000043","TherapeuticCargo","EV000469","High"
"E000470","FS0186","MAT000277","MaterialPlatform","FABRICATED_BY","FAB000044","FabricationStrategy","EV000470","High"
"E000471","FS0186","MAT000277","MaterialPlatform","PROMOTES","REG000012","RegenerativeEndpoint","EV000471","High"
"E000472","FS0186","MAT000277","MaterialPlatform","RELEASES","CAR000043","TherapeuticCargo","EV000472","High"
"E000473","FS0186","MAT000277","MaterialPlatform","USES","DES000006","DesignMode","EV000473","High"
"E000474","FS0186","MAT000277","MaterialPlatform","VALIDATED_AT","VAL000001","ValidationStage","EV000474","High"
"E000475","FS0186","MAT000277","MaterialPlatform","VALIDATED_AT","VAL000005","ValidationStage","EV000475","High"
"E000476","FS0187","MAT000157","MaterialPlatform","COMPOSED_OF","COM000098","MaterialComposition","EV000476","High"
"E000477","FS0187","MAT000157","MaterialPlatform","COMPOSED_OF","COM000123","MaterialComposition","EV000477","High"
"E000478","FS0187","MAT000157","MaterialPlatform","MODULATES","MEC000019","Mechanism","EV000478","Medium"
"E000479","FS0187","MAT000157","MaterialPlatform","TARGETS","CEL000010","TargetCell","EV000479","High"
"E000480","FS0187","MAT000157","MaterialPlatform","USES","DES000002","DesignMode","EV000480","High"
"E000481","FS0187","MAT000157","MaterialPlatform","USES","DES000006","DesignMode","EV000481","High"
"E000482","FS0187","MAT000157","MaterialPlatform","VALIDATED_AT","VAL000001","ValidationStage","EV000482","High"
"E000483","FS0188","MAT000090","MaterialPlatform","COMPOSED_OF","COM000070","MaterialComposition","EV000483","High"
"E000484","FS0188","MAT000090","MaterialPlatform","COMPOSED_OF","COM000167","MaterialComposition","EV000484","Medium"
"E000485","FS0188","MAT000090","MaterialPlatform","FABRICATED_BY","FAB000038","FabricationStrategy","EV000485","Medium"
"E000486","FS0188","MAT000090","MaterialPlatform","MODULATES","MEC000015","Mechanism","EV000486","High"
"E000487","FS0188","MAT000090","MaterialPlatform","PROMOTES","REG000007","RegenerativeEndpoint","EV000487","High"
"E000488","FS0188","MAT000090","MaterialPlatform","USES","DES000006","DesignMode","EV000488","High"
"E000489","FS0188","MAT000090","MaterialPlatform","USES","DES000015","DesignMode","EV000489","High"
"E000490","FS0196","MAT000199","MaterialPlatform","COMPOSED_OF","COM000075","MaterialComposition","EV000490","High"
"E000491","FS0196","MAT000199","MaterialPlatform","COMPOSED_OF","COM000130","MaterialComposition","EV000491","High"
"E000492","FS0196","MAT000199","MaterialPlatform","MODULATES","MEC000022","Mechanism","EV000492","Medium"
"E000493","FS0196","MAT000199","MaterialPlatform","TARGETS","CEL000013","TargetCell","EV000493","High"
"E000494","FS0196","MAT000199","MaterialPlatform","USES","DES000006","DesignMode","EV000494","High"
"E000495","FS0196","MAT000199","MaterialPlatform","VALIDATED_AT","VAL000001","ValidationStage","EV000495","High"
"E000496","FS0199","MAT000045","MaterialPlatform","COMPOSED_OF","COM000021","MaterialComposition","EV000496","High"
"E000497","FS0199","MAT000045","MaterialPlatform","TARGETS","CEL000008","TargetCell","EV000497","High"
"E000498","FS0199","MAT000045","MaterialPlatform","VALIDATED_AT","VAL000001","ValidationStage","EV000498","High"
"E000499","FS0203","MAT000224","MaterialPlatform","DELIVERS","CAR000054","TherapeuticCargo","EV000499","High"
"E000500","FS0203","MAT000224","MaterialPlatform","FABRICATED_BY","FAB000022","FabricationStrategy","EV000500","High"
"E000501","FS0203","MAT000224","MaterialPlatform","FABRICATED_BY","FAB000042","FabricationStrategy","EV000501","High"
"E000502","FS0203","MAT000224","MaterialPlatform","RELEASES","CAR000054","TherapeuticCargo","EV000502","High"
"E000503","FS0203","MAT000224","MaterialPlatform","TARGETS","CEL000002","TargetCell","EV000503","High"
"E000504","FS0203","MAT000224","MaterialPlatform","USES","DES000006","DesignMode","EV000504","Medium"
"E000505","FS0203","MAT000224","MaterialPlatform","VALIDATED_AT","VAL000001","ValidationStage","EV000505","High"
"E000506","FS0203","MAT000224","MaterialPlatform","VALIDATED_AT","VAL000005","ValidationStage","EV000506","High"
"E000507","FS0205","MAT000184","MaterialPlatform","DELIVERS","CAR000046","TherapeuticCargo","EV000507","High"
"E000508","FS0205","MAT000184","MaterialPlatform","FABRICATED_BY","FAB000001","FabricationStrategy","EV000508","High"
"E000509","FS0205","MAT000184","MaterialPlatform","FABRICATED_BY","FAB000035","FabricationStrategy","EV000509","High"
"E000510","FS0205","MAT000184","MaterialPlatform","RELEASES","CAR000046","TherapeuticCargo","EV000510","High"
"E000511","FS0205","MAT000184","MaterialPlatform","USES","DES000015","DesignMode","EV000511","High"
"E000512","FS0205","MAT000184","MaterialPlatform","VALIDATED_AT","VAL000001","ValidationStage","EV000512","High"
"E000513","FS0205","MAT000184","MaterialPlatform","VALIDATED_AT","VAL000004","ValidationStage","EV000513","High"
"E000514","FS0205","MAT000184","MaterialPlatform","VALIDATED_AT","VAL000005","ValidationStage","EV000514","High"
"E000515","FS0207","MAT000006","MaterialPlatform","MODULATES","MEC000020","Mechanism","EV000515","Medium"
"E000516","FS0207","MAT000006","MaterialPlatform","PROMOTES","REG000012","RegenerativeEndpoint","EV000516","High"
"E000517","FS0207","MAT000006","MaterialPlatform","TARGETS","CEL000003","TargetCell","EV000517","High"
"E000518","FS0207","MAT000006","MaterialPlatform","TARGETS","CEL000004","TargetCell","EV000518","High"
"E000519","FS0207","MAT000006","MaterialPlatform","TARGETS","CEL000013","TargetCell","EV000519","High"
"E000520","FS0207","MAT000006","MaterialPlatform","USES","DES000013","DesignMode","EV000520","High"
"E000521","FS0207","MAT000006","MaterialPlatform","VALIDATED_AT","VAL000005","ValidationStage","EV000521","High"
"E000522","FS0208","MAT000245","MaterialPlatform","COMPOSED_OF","COM000022","MaterialComposition","EV000522","High"
"E000523","FS0208","MAT000245","MaterialPlatform","COMPOSED_OF","COM000125","MaterialComposition","EV000523","High"
"E000524","FS0208","MAT000245","MaterialPlatform","DELIVERS","CAR000056","TherapeuticCargo","EV000524","Medium"
"E000525","FS0208","MAT000245","MaterialPlatform","VALIDATED_AT","VAL000001","ValidationStage","EV000525","High"
"E000526","FS0212","MAT000205","MaterialPlatform","MODULATES","MEC000013","Mechanism","EV000526","Medium"
"E000527","FS0212","MAT000205","MaterialPlatform","TARGETS","CEL000008","TargetCell","EV000527","High"
"E000528","FS0212","MAT000205","MaterialPlatform","USES","DES000012","DesignMode","EV000528","High"
"E000529","FS0212","MAT000205","MaterialPlatform","VALIDATED_AT","VAL000001","ValidationStage","EV000529","High"
"E000530","FS0213","MAT000075","MaterialPlatform","COMPOSED_OF","COM000038","MaterialComposition","EV000530","High"
"E000531","FS0213","MAT000075","MaterialPlatform","COMPOSED_OF","COM000071","MaterialComposition","EV000531","High"
"E000532","FS0213","MAT000075","MaterialPlatform","DELIVERS","CAR000024","TherapeuticCargo","EV000532","High"
"E000533","FS0213","MAT000075","MaterialPlatform","DELIVERS","CAR000033","TherapeuticCargo","EV000533","High"
"E000534","FS0213","MAT000075","MaterialPlatform","FABRICATED_BY","FAB000039","FabricationStrategy","EV000534","High"
"E000535","FS0213","MAT000075","MaterialPlatform","PROMOTES","REG000005","RegenerativeEndpoint","EV000535","Medium"
"E000536","FS0213","MAT000075","MaterialPlatform","TARGETS","CEL000008","TargetCell","EV000536","Medium"
"E000537","FS0213","MAT000075","MaterialPlatform","TARGETS","CEL000013","TargetCell","EV000537","High"
"E000538","FS0213","MAT000075","MaterialPlatform","USES","DES000015","DesignMode","EV000538","High"
"E000539","FS0213","MAT000075","MaterialPlatform","VALIDATED_AT","VAL000001","ValidationStage","EV000539","High"
"E000540","FS0213","MAT000075","MaterialPlatform","VALIDATED_AT","VAL000005","ValidationStage","EV000540","High"
"E000541","FS0219","MAT000165","MaterialPlatform","RELEASES","CAR000001","TherapeuticCargo","EV000541","High"
"E000542","FS0219","MAT000165","MaterialPlatform","TARGETS","CEL000008","TargetCell","EV000542","High"
"E000543","FS0219","MAT000165","MaterialPlatform","TARGETS","CEL000011","TargetCell","EV000543","Medium"
"E000544","FS0219","MAT000165","MaterialPlatform","USES","DES000006","DesignMode","EV000544","High"
"E000545","FS0219","MAT000165","MaterialPlatform","VALIDATED_AT","VAL000001","ValidationStage","EV000545","High"
"E000546","FS0219","MAT000165","MaterialPlatform","VALIDATED_AT","VAL000005","ValidationStage","EV000546","High"
"E000547","FS0222","MAT000280","MaterialPlatform","COMPOSED_OF","COM000183","MaterialComposition","EV000547","High"
"E000548","FS0222","MAT000280","MaterialPlatform","MODULATES","MEC000015","Mechanism","EV000548","Medium"
"E000549","FS0222","MAT000280","MaterialPlatform","PROMOTES","REG000006","RegenerativeEndpoint","EV000549","Medium"
"E000550","FS0222","MAT000280","MaterialPlatform","TARGETS","CEL000010","TargetCell","EV000550","High"
"E000551","FS0222","MAT000280","MaterialPlatform","USES","DES000006","DesignMode","EV000551","High"
"E000552","FS0222","MAT000280","MaterialPlatform","USES","DES000012","DesignMode","EV000552","High"
"E000553","FS0222","MAT000280","MaterialPlatform","VALIDATED_AT","VAL000001","ValidationStage","EV000553","High"
"E000554","FS0222","MAT000280","MaterialPlatform","VALIDATED_AT","VAL000005","ValidationStage","EV000554","High"
"E000555","FS0223","MAT000078","MaterialPlatform","COMPOSED_OF","COM000040","MaterialComposition","EV000555","High"
"E000556","FS0223","MAT000078","MaterialPlatform","COMPOSED_OF","COM000095","MaterialComposition","EV000556","Medium"
"E000557","FS0223","MAT000078","MaterialPlatform","COMPOSED_OF","COM000173","MaterialComposition","EV000557","Medium"
"E000558","FS0223","MAT000078","MaterialPlatform","DELIVERS","CAR000026","TherapeuticCargo","EV000558","High"
"E000559","FS0223","MAT000078","MaterialPlatform","FABRICATED_BY","FAB000035","FabricationStrategy","EV000559","High"
"E000560","FS0223","MAT000078","MaterialPlatform","RELEASES","CAR000026","TherapeuticCargo","EV000560","High"
"E000561","FS0223","MAT000078","MaterialPlatform","RESPONDS_TO","STI000004","Stimulus","EV000561","High"
"E000562","FS0223","MAT000078","MaterialPlatform","TARGETS","CEL000013","TargetCell","EV000562","High"
"E000563","FS0223","MAT000078","MaterialPlatform","VALIDATED_AT","VAL000001","ValidationStage","EV000563","High"
"E000564","FS0223","MAT000078","MaterialPlatform","VALIDATED_AT","VAL000003","ValidationStage","EV000564","High"
"E000565","FS0226","MAT000273","MaterialPlatform","COMPOSED_OF","COM000046","MaterialComposition","EV000565","High"
"E000566","FS0226","MAT000273","MaterialPlatform","MODULATES","MEC000013","Mechanism","EV000566","Medium"
"E000567","FS0226","MAT000273","MaterialPlatform","PROMOTES","REG000012","RegenerativeEndpoint","EV000567","High"
"E000568","FS0226","MAT000273","MaterialPlatform","TARGETS","CEL000013","TargetCell","EV000568","High"
"E000569","FS0226","MAT000273","MaterialPlatform","USES","DES000006","DesignMode","EV000569","High"
"E000570","FS0226","MAT000273","MaterialPlatform","VALIDATED_AT","VAL000001","ValidationStage","EV000570","High"
"E000571","FS0226","MAT000273","MaterialPlatform","VALIDATED_AT","VAL000005","ValidationStage","EV000571","High"
"E000572","FS0227","MAT000189","MaterialPlatform","FABRICATED_BY","FAB000035","FabricationStrategy","EV000572","High"
"E000573","FS0227","MAT000189","MaterialPlatform","MODULATES","MEC000011","Mechanism","EV000573","Medium"
"E000574","FS0227","MAT000189","MaterialPlatform","USES","DES000006","DesignMode","EV000574","High"
"E000575","FS0227","MAT000189","MaterialPlatform","USES","DES000013","DesignMode","EV000575","High"
"E000576","FS0227","MAT000189","MaterialPlatform","VALIDATED_AT","VAL000001","ValidationStage","EV000576","High"
"E000577","FS0227","MAT000189","MaterialPlatform","VALIDATED_AT","VAL000005","ValidationStage","EV000577","High"
"E000578","FS0230","MAT000195","MaterialPlatform","COMPOSED_OF","COM000118","MaterialComposition","EV000578","High"
"E000579","FS0230","MAT000195","MaterialPlatform","COMPOSED_OF","COM000150","MaterialComposition","EV000579","High"
"E000580","FS0230","MAT000195","MaterialPlatform","PROMOTES","REG000012","RegenerativeEndpoint","EV000580","High"
"E000581","FS0230","MAT000195","MaterialPlatform","TARGETS","CEL000003","TargetCell","EV000581","High"
"E000582","FS0230","MAT000195","MaterialPlatform","USES","DES000012","DesignMode","EV000582","High"
"E000583","FS0230","MAT000195","MaterialPlatform","VALIDATED_AT","VAL000001","ValidationStage","EV000583","High"
"E000584","FS0230","MAT000195","MaterialPlatform","VALIDATED_AT","VAL000003","ValidationStage","EV000584","High"
"E000585","FS0230","MAT000195","MaterialPlatform","VALIDATED_AT","VAL000005","ValidationStage","EV000585","High"
"E000586","FS0232","MAT000097","MaterialPlatform","COMPOSED_OF","COM000051","MaterialComposition","EV000586","High"
"E000587","FS0232","MAT000097","MaterialPlatform","COMPOSED_OF","COM000119","MaterialComposition","EV000587","High"
"E000588","FS0232","MAT000097","MaterialPlatform","DELIVERS","CAR000050","TherapeuticCargo","EV000588","High"
"E000589","FS0232","MAT000097","MaterialPlatform","FABRICATED_BY","FAB000028","FabricationStrategy","EV000589","High"
"E000590","FS0232","MAT000097","MaterialPlatform","RELEASES","CAR000050","TherapeuticCargo","EV000590","High"
"E000591","FS0232","MAT000097","MaterialPlatform","TARGETS","CEL000010","TargetCell","EV000591","High"
"E000592","FS0232","MAT000097","MaterialPlatform","USES","DES000006","DesignMode","EV000592","High"
"E000593","FS0232","MAT000097","MaterialPlatform","VALIDATED_AT","VAL000001","ValidationStage","EV000593","High"
"E000594","FS0232","MAT000097","MaterialPlatform","VALIDATED_AT","VAL000005","ValidationStage","EV000594","High"
"E000595","FS0234","MAT000252","MaterialPlatform","FABRICATED_BY","FAB000029","FabricationStrategy","EV000595","High"
"E000596","FS0234","MAT000252","MaterialPlatform","MODULATES","MEC000019","Mechanism","EV000596","High"
"E000597","FS0234","MAT000252","MaterialPlatform","TARGETS","CEL000008","TargetCell","EV000597","High"
"E000598","FS0234","MAT000252","MaterialPlatform","USES","DES000006","DesignMode","EV000598","High"
"E000599","FS0234","MAT000252","MaterialPlatform","VALIDATED_AT","VAL000001","ValidationStage","EV000599","High"
"E000600","FS0238","MAT000194","MaterialPlatform","COMPOSED_OF","COM000115","MaterialComposition","EV000600","High"
"E000601","FS0238","MAT000194","MaterialPlatform","COMPOSED_OF","COM000176","MaterialComposition","EV000601","High"
"E000602","FS0238","MAT000194","MaterialPlatform","MODULATES","MEC000019","Mechanism","EV000602","High"
"E000603","FS0238","MAT000194","MaterialPlatform","PROMOTES","REG000012","RegenerativeEndpoint","EV000603","High"
"E000604","FS0238","MAT000194","MaterialPlatform","TARGETS","CEL000003","TargetCell","EV000604","High"
"E000605","FS0238","MAT000194","MaterialPlatform","TARGETS","CEL000007","TargetCell","EV000605","High"
"E000606","FS0238","MAT000194","MaterialPlatform","VALIDATED_AT","VAL000001","ValidationStage","EV000606","High"
"E000608","FS0238","MAT000194","MaterialPlatform","VALIDATED_AT","VAL000003","ValidationStage","EV000608","High"
"E000609","FS0239","MAT000081","MaterialPlatform","MODULATES","MEC000015","Mechanism","EV000609","Medium"
"E000610","FS0239","MAT000081","MaterialPlatform","TARGETS","CEL000008","TargetCell","EV000610","High"
"E000611","FS0239","MAT000081","MaterialPlatform","USES","DES000004","DesignMode","EV000611","High"
"E000612","FS0239","MAT000081","MaterialPlatform","VALIDATED_AT","VAL000001","ValidationStage","EV000612","High"
"E000613","FS0240","MAT000234","MaterialPlatform","FABRICATED_BY","FAB000035","FabricationStrategy","EV000613","High"
"E000614","FS0240","MAT000234","MaterialPlatform","TARGETS","CEL000008","TargetCell","EV000614","High"
"E000615","FS0240","MAT000234","MaterialPlatform","USES","DES000009","DesignMode","EV000615","High"
"E000616","FS0240","MAT000234","MaterialPlatform","VALIDATED_AT","VAL000001","ValidationStage","EV000616","High"
"E000617","FS0242","MAT000071","MaterialPlatform","USES","DES000011","DesignMode","EV000617","High"
"E000618","FS0243","MAT000141","MaterialPlatform","COMPOSED_OF","COM000087","MaterialComposition","EV000618","High"
"E000619","FS0243","MAT000141","MaterialPlatform","COMPOSED_OF","COM000131","MaterialComposition","EV000619","High"
"E000620","FS0243","MAT000141","MaterialPlatform","COMPOSED_OF","COM000178","MaterialComposition","EV000620","Medium"
"E000621","FS0243","MAT000141","MaterialPlatform","PROMOTES","REG000001","RegenerativeEndpoint","EV000621","Medium"
"E000622","FS0243","MAT000141","MaterialPlatform","TARGETS","CEL000003","TargetCell","EV000622","Medium"
"E000623","FS0243","MAT000141","MaterialPlatform","TARGETS","CEL000007","TargetCell","EV000623","Medium"
"E000624","FS0243","MAT000141","MaterialPlatform","TARGETS","CEL000011","TargetCell","EV000624","Medium"
"E000625","FS0243","MAT000141","MaterialPlatform","VALIDATED_AT","VAL000001","ValidationStage","EV000625","High"
"E000626","FS0244","MAT000217","MaterialPlatform","COMPOSED_OF","COM000046","MaterialComposition","EV000626","Medium"
"E000627","FS0244","MAT000217","MaterialPlatform","MODULATES","MEC000013","Mechanism","EV000627","Medium"
"E000628","FS0244","MAT000217","MaterialPlatform","TARGETS","CEL000002","TargetCell","EV000628","High"
"E000629","FS0244","MAT000217","MaterialPlatform","TARGETS","CEL000013","TargetCell","EV000629","High"
"E000630","FS0244","MAT000217","MaterialPlatform","USES","DES000006","DesignMode","EV000630","Medium"
"E000631","FS0244","MAT000217","MaterialPlatform","VALIDATED_AT","VAL000001","ValidationStage","EV000631","High"
"E000632","FS0244","MAT000217","MaterialPlatform","VALIDATED_AT","VAL000005","ValidationStage","EV000632","High"
"E000633","FS0247","MAT000191","MaterialPlatform","COMPOSED_OF","COM000120","MaterialComposition","EV000633","High"
"E000634","FS0247","MAT000191","MaterialPlatform","COMPOSED_OF","COM000138","MaterialComposition","EV000634","High"
"E000635","FS0247","MAT000191","MaterialPlatform","FABRICATED_BY","FAB000026","FabricationStrategy","EV000635","High"
"E000636","FS0247","MAT000191","MaterialPlatform","RELEASES","CAR000049","TherapeuticCargo","EV000636","High"
"E000637","FS0247","MAT000191","MaterialPlatform","RESPONDS_TO","STI000008","Stimulus","EV000637","High"
"E000638","FS0247","MAT000191","MaterialPlatform","TARGETS","CEL000003","TargetCell","EV000638","High"
"E000639","FS0247","MAT000191","MaterialPlatform","TARGETS","CEL000007","TargetCell","EV000639","High"
"E000640","FS0247","MAT000191","MaterialPlatform","USES","DES000006","DesignMode","EV000640","High"
"E000641","FS0247","MAT000191","MaterialPlatform","VALIDATED_AT","VAL000001","ValidationStage","EV000641","High"
"E000642","FS0248","MAT000248","MaterialPlatform","DELIVERS","CAR000040","TherapeuticCargo","EV000642","Medium"
"E000643","FS0248","MAT000248","MaterialPlatform","FABRICATED_BY","FAB000024","FabricationStrategy","EV000643","High"
"E000644","FS0248","MAT000248","MaterialPlatform","MODULATES","MEC000019","Mechanism","EV000644","High"
"E000645","FS0248","MAT000248","MaterialPlatform","PROMOTES","REG000001","RegenerativeEndpoint","EV000645","High"
"E000646","FS0248","MAT000248","MaterialPlatform","TARGETS","CEL000003","TargetCell","EV000646","High"
"E000647","FS0248","MAT000248","MaterialPlatform","TARGETS","CEL000008","TargetCell","EV000647","High"
"E000648","FS0248","MAT000248","MaterialPlatform","USES","DES000006","DesignMode","EV000648","High"
"E000649","FS0248","MAT000248","MaterialPlatform","VALIDATED_AT","VAL000001","ValidationStage","EV000649","High"
"E000650","FS0248","MAT000248","MaterialPlatform","VALIDATED_AT","VAL000003","ValidationStage","EV000650","High"
"E000651","FS0248","MAT000248","MaterialPlatform","VALIDATED_AT","VAL000005","ValidationStage","EV000651","High"
"E000652","FS0250","MAT000082","MaterialPlatform","PROMOTES","REG000001","RegenerativeEndpoint","EV000652","High"
"E000653","FS0250","MAT000082","MaterialPlatform","USES","DES000015","DesignMode","EV000653","High"
"E000654","FS0250","MAT000082","MaterialPlatform","VALIDATED_AT","VAL000001","ValidationStage","EV000654","High"
"E000655","FS0252","MAT000121","MaterialPlatform","MODULATES","MEC000019","Mechanism","EV000655","Medium"
"E000656","FS0252","MAT000121","MaterialPlatform","RESPONDS_TO","STI000008","Stimulus","EV000656","Medium"
"E000657","FS0252","MAT000121","MaterialPlatform","TARGETS","CEL000008","TargetCell","EV000657","Medium"
"E000658","FS0252","MAT000121","MaterialPlatform","USES","DES000006","DesignMode","EV000658","Medium"
"E000659","FS0252","MAT000121","MaterialPlatform","VALIDATED_AT","VAL000001","ValidationStage","EV000659","Medium"
"E000660","FS0261","MAT000218","MaterialPlatform","COMPOSED_OF","COM000159","MaterialComposition","EV000660","Medium"
"E000661","FS0261","MAT000218","MaterialPlatform","TARGETS","CEL000013","TargetCell","EV000661","High"
"E000662","FS0261","MAT000218","MaterialPlatform","VALIDATED_AT","VAL000001","ValidationStage","EV000662","High"
"E000664","FS0261","MAT000218","MaterialPlatform","VALIDATED_AT","VAL000004","ValidationStage","EV000664","High"
"E000665","FS0261","MAT000218","MaterialPlatform","VALIDATED_AT","VAL000005","ValidationStage","EV000665","High"
"E000666","FS0262","MAT000208","MaterialPlatform","COMPOSED_OF","COM000121","MaterialComposition","EV000666","Medium"
"E000667","FS0262","MAT000208","MaterialPlatform","FABRICATED_BY","FAB000022","FabricationStrategy","EV000667","High"
"E000668","FS0262","MAT000208","MaterialPlatform","TARGETS","CEL000007","TargetCell","EV000668","High"
"E000669","FS0262","MAT000208","MaterialPlatform","TARGETS","CEL000011","TargetCell","EV000669","High"
"E000670","FS0262","MAT000208","MaterialPlatform","USES","DES000006","DesignMode","EV000670","High"
"E000671","FS0262","MAT000208","MaterialPlatform","VALIDATED_AT","VAL000001","ValidationStage","EV000671","High"
"E000672","FS0262","MAT000208","MaterialPlatform","VALIDATED_AT","VAL000005","ValidationStage","EV000672","High"
"E000673","FS0270","MAT000209","MaterialPlatform","COMPOSED_OF","COM000033","MaterialComposition","EV000673","Medium"
"E000674","FS0270","MAT000209","MaterialPlatform","COMPOSED_OF","COM000112","MaterialComposition","EV000674","Medium"
"E000675","FS0270","MAT000209","MaterialPlatform","COMPOSED_OF","COM000168","MaterialComposition","EV000675","Medium"
"E000676","FS0270","MAT000209","MaterialPlatform","PROMOTES","REG000012","RegenerativeEndpoint","EV000676","High"
"E000678","FS0270","MAT000209","MaterialPlatform","TARGETS","CEL000004","TargetCell","EV000678","High"
"E000679","FS0270","MAT000209","MaterialPlatform","USES","DES000006","DesignMode","EV000679","High"
"E000680","FS0270","MAT000209","MaterialPlatform","VALIDATED_AT","VAL000001","ValidationStage","EV000680","High"
"E000681","FS0270","MAT000209","MaterialPlatform","VALIDATED_AT","VAL000005","ValidationStage","EV000681","High"
"E000682","FS0272","MAT000210","MaterialPlatform","USES","DES000006","DesignMode","EV000682","High"
"E000683","FS0278","MAT000254","MaterialPlatform","COMPOSED_OF","COM000078","MaterialComposition","EV000683","High"
"E000684","FS0278","MAT000254","MaterialPlatform","MODULATES","MEC000015","Mechanism","EV000684","Low"
"E000685","FS0278","MAT000254","MaterialPlatform","TARGETS","CEL000007","TargetCell","EV000685","High"
"E000686","FS0278","MAT000254","MaterialPlatform","TARGETS","CEL000013","TargetCell","EV000686","High"
"E000687","FS0278","MAT000254","MaterialPlatform","USES","DES000006","DesignMode","EV000687","High"
"E000688","FS0278","MAT000254","MaterialPlatform","VALIDATED_AT","VAL000001","ValidationStage","EV000688","High"
"E000689","FS0278","MAT000254","MaterialPlatform","VALIDATED_AT","VAL000005","ValidationStage","EV000689","High"
"E000690","FS0279","MAT000128","MaterialPlatform","FABRICATED_BY","FAB000008","FabricationStrategy","EV000690","High"
"E000691","FS0279","MAT000128","MaterialPlatform","MODULATES","MEC000013","Mechanism","EV000691","Medium"
"E000692","FS0279","MAT000128","MaterialPlatform","PROMOTES","REG000003","RegenerativeEndpoint","EV000692","High"
"E000693","FS0279","MAT000128","MaterialPlatform","TARGETS","CEL000002","TargetCell","EV000693","High"
"E000694","FS0279","MAT000128","MaterialPlatform","USES","DES000002","DesignMode","EV000694","High"
"E000695","FS0279","MAT000128","MaterialPlatform","USES","DES000006","DesignMode","EV000695","High"
"E000696","FS0279","MAT000128","MaterialPlatform","VALIDATED_AT","VAL000001","ValidationStage","EV000696","High"
"E000697","FS0279","MAT000128","MaterialPlatform","VALIDATED_AT","VAL000005","ValidationStage","EV000697","High"
"E000698","FS0282","MAT000173","MaterialPlatform","COMPOSED_OF","COM000017","MaterialComposition","EV000698","Medium"
"E000699","FS0282","MAT000173","MaterialPlatform","COMPOSED_OF","COM000114","MaterialComposition","EV000699","High"
"E000700","FS0282","MAT000173","MaterialPlatform","MODULATES","MEC000019","Mechanism","EV000700","Low"
"E000701","FS0282","MAT000173","MaterialPlatform","PROMOTES","REG000001","RegenerativeEndpoint","EV000701","High"
"E000702","FS0282","MAT000173","MaterialPlatform","TARGETS","CEL000013","TargetCell","EV000702","High"
"E000703","FS0282","MAT000173","MaterialPlatform","USES","DES000015","DesignMode","EV000703","High"
"E000704","FS0282","MAT000173","MaterialPlatform","VALIDATED_AT","VAL000001","ValidationStage","EV000704","High"
"E000705","FS0283","MAT000182","MaterialPlatform","COMPOSED_OF","COM000060","MaterialComposition","EV000705","High"
"E000706","FS0283","MAT000182","MaterialPlatform","COMPOSED_OF","COM000104","MaterialComposition","EV000706","High"
"E000707","FS0283","MAT000182","MaterialPlatform","FABRICATED_BY","FAB000039","FabricationStrategy","EV000707","High"
"E000708","FS0283","MAT000182","MaterialPlatform","MODULATES","MEC000019","Mechanism","EV000708","Medium"
"E000709","FS0283","MAT000182","MaterialPlatform","PROMOTES","REG000001","RegenerativeEndpoint","EV000709","High"
"E000710","FS0283","MAT000182","MaterialPlatform","TARGETS","CEL000003","TargetCell","EV000710","Medium"
"E000711","FS0283","MAT000182","MaterialPlatform","TARGETS","CEL000008","TargetCell","EV000711","High"
"E000712","FS0283","MAT000182","MaterialPlatform","VALIDATED_AT","VAL000001","ValidationStage","EV000712","High"
"E000713","FS0284","MAT000039","MaterialPlatform","VALIDATED_AT","VAL000001","ValidationStage","EV000713","High"
"E000714","FS0290","MAT000057","MaterialPlatform","FABRICATED_BY","FAB000001","FabricationStrategy","EV000714","High"
"E000715","FS0290","MAT000057","MaterialPlatform","PROMOTES","REG000012","RegenerativeEndpoint","EV000715","High"
"E000716","FS0290","MAT000057","MaterialPlatform","VALIDATED_AT","VAL000001","ValidationStage","EV000716","High"
"E000717","FS0290","MAT000057","MaterialPlatform","VALIDATED_AT","VAL000003","ValidationStage","EV000717","High"
"E000718","FS0290","MAT000057","MaterialPlatform","VALIDATED_AT","VAL000005","ValidationStage","EV000718","High"
"E000719","FS0292","MAT000084","MaterialPlatform","PROMOTES","REG000010","RegenerativeEndpoint","EV000719","High"
"E000721","FS0292","MAT000084","MaterialPlatform","TARGETS","CEL000016","TargetCell","EV000721","High"
"E000722","FS0292","MAT000084","MaterialPlatform","USES","DES000006","DesignMode","EV000722","High"
"E000723","FS0292","MAT000084","MaterialPlatform","VALIDATED_AT","VAL000005","ValidationStage","EV000723","High"
"E000724","FS0295","MAT000244","MaterialPlatform","COMPOSED_OF","COM000156","MaterialComposition","EV000724","Medium"
"E000725","FS0295","MAT000244","MaterialPlatform","DELIVERS","CAR000053","TherapeuticCargo","EV000725","High"
"E000726","FS0295","MAT000244","MaterialPlatform","FABRICATED_BY","FAB000022","FabricationStrategy","EV000726","High"
"E000727","FS0295","MAT000244","MaterialPlatform","FABRICATED_BY","FAB000024","FabricationStrategy","EV000727","High"
"E000728","FS0295","MAT000244","MaterialPlatform","PROMOTES","REG000012","RegenerativeEndpoint","EV000728","High"
"E000729","FS0295","MAT000244","MaterialPlatform","RELEASES","CAR000053","TherapeuticCargo","EV000729","Medium"
"E000730","FS0295","MAT000244","MaterialPlatform","TARGETS","CEL000004","TargetCell","EV000730","High"
"E000731","FS0295","MAT000244","MaterialPlatform","USES","DES000006","DesignMode","EV000731","Medium"
"E000732","FS0295","MAT000244","MaterialPlatform","VALIDATED_AT","VAL000001","ValidationStage","EV000732","High"
"E000733","FS0295","MAT000244","MaterialPlatform","VALIDATED_AT","VAL000005","ValidationStage","EV000733","High"
"E000734","FS0296","MAT000156","MaterialPlatform","COMPOSED_OF","COM000096","MaterialComposition","EV000734","High"
"E000735","FS0296","MAT000156","MaterialPlatform","MODULATES","MEC000016","Mechanism","EV000735","Medium"
"E000736","FS0296","MAT000156","MaterialPlatform","PROMOTES","REG000001","RegenerativeEndpoint","EV000736","Medium"
"E000737","FS0296","MAT000156","MaterialPlatform","TARGETS","CEL000008","TargetCell","EV000737","High"
"E000738","FS0296","MAT000156","MaterialPlatform","TARGETS","CEL000009","TargetCell","EV000738","High"
"E000739","FS0296","MAT000156","MaterialPlatform","USES","DES000006","DesignMode","EV000739","High"
"E000740","FS0296","MAT000156","MaterialPlatform","VALIDATED_AT","VAL000005","ValidationStage","EV000740","Medium"
"E000741","FS0300","MAT000125","MaterialPlatform","DELIVERS","CAR000002","TherapeuticCargo","EV000741","High"
"E000742","FS0300","MAT000125","MaterialPlatform","FABRICATED_BY","FAB000015","FabricationStrategy","EV000742","Medium"
"E000743","FS0300","MAT000125","MaterialPlatform","RELEASES","CAR000002","TherapeuticCargo","EV000743","High"
"E000744","FS0300","MAT000125","MaterialPlatform","TARGETS","CEL000002","TargetCell","EV000744","High"
"E000745","FS0300","MAT000125","MaterialPlatform","TARGETS","CEL000008","TargetCell","EV000745","High"
"E000746","FS0300","MAT000125","MaterialPlatform","TARGETS","CEL000013","TargetCell","EV000746","High"
"E000747","FS0300","MAT000125","MaterialPlatform","USES","DES000012","DesignMode","EV000747","High"
"E000748","FS0300","MAT000125","MaterialPlatform","VALIDATED_AT","VAL000001","ValidationStage","EV000748","High"
"E000749","FS0303","MAT000129","MaterialPlatform","COMPOSED_OF","COM000074","MaterialComposition","EV000749","High"
"E000750","FS0303","MAT000129","MaterialPlatform","COMPOSED_OF","COM000153","MaterialComposition","EV000750","Medium"
"E000751","FS0303","MAT000129","MaterialPlatform","FABRICATED_BY","FAB000023","FabricationStrategy","EV000751","High"
"E000752","FS0303","MAT000129","MaterialPlatform","PROMOTES","REG000002","RegenerativeEndpoint","EV000752","High"
"E000753","FS0303","MAT000129","MaterialPlatform","TARGETS","CEL000003","TargetCell","EV000753","High"
"E000754","FS0303","MAT000129","MaterialPlatform","VALIDATED_AT","VAL000001","ValidationStage","EV000754","High"
"E000756","FS0303","MAT000129","MaterialPlatform","VALIDATED_AT","VAL000003","ValidationStage","EV000756","High"
"E000757","FS0306","MAT000164","MaterialPlatform","MODULATES","MEC000007","Mechanism","EV000757","Low"
"E000758","FS0306","MAT000164","MaterialPlatform","TARGETS","CEL000008","TargetCell","EV000758","High"
"E000759","FS0306","MAT000164","MaterialPlatform","VALIDATED_AT","VAL000001","ValidationStage","EV000759","High"
"E000760","FS0307","MAT000204","MaterialPlatform","TARGETS","CEL000008","TargetCell","EV000760","High"
"E000761","FS0307","MAT000204","MaterialPlatform","USES","DES000012","DesignMode","EV000761","High"
"E000762","FS0308","MAT000183","MaterialPlatform","DELIVERS","CAR000045","TherapeuticCargo","EV000762","Medium"
"E000763","FS0308","MAT000183","MaterialPlatform","FABRICATED_BY","FAB000039","FabricationStrategy","EV000763","High"
"E000764","FS0308","MAT000183","MaterialPlatform","MODULATES","MEC000015","Mechanism","EV000764","Medium"
"E000765","FS0308","MAT000183","MaterialPlatform","RESPONDS_TO","STI000002","Stimulus","EV000765","High"
"E000766","FS0308","MAT000183","MaterialPlatform","TARGETS","CEL000010","TargetCell","EV000766","High"
"E000767","FS0308","MAT000183","MaterialPlatform","USES","DES000004","DesignMode","EV000767","High"
"E000768","FS0308","MAT000183","MaterialPlatform","USES","DES000012","DesignMode","EV000768","High"
"E000769","FS0308","MAT000183","MaterialPlatform","VALIDATED_AT","VAL000001","ValidationStage","EV000769","High"
"E000770","FS0308","MAT000183","MaterialPlatform","VALIDATED_AT","VAL000005","ValidationStage","EV000770","High"
"E000771","FS0310","MAT000228","MaterialPlatform","COMPOSED_OF","COM000111","MaterialComposition","EV000771","High"
"E000772","FS0310","MAT000228","MaterialPlatform","COMPOSED_OF","COM000145","MaterialComposition","EV000772","High"
"E000773","FS0310","MAT000228","MaterialPlatform","FABRICATED_BY","FAB000027","FabricationStrategy","EV000773","High"
"E000774","FS0310","MAT000228","MaterialPlatform","PROMOTES","REG000012","RegenerativeEndpoint","EV000774","High"
"E000775","FS0310","MAT000228","MaterialPlatform","TARGETS","CEL000004","TargetCell","EV000775","High"
"E000776","FS0310","MAT000228","MaterialPlatform","USES","DES000006","DesignMode","EV000776","High"
"E000777","FS0310","MAT000228","MaterialPlatform","VALIDATED_AT","VAL000005","ValidationStage","EV000777","High"
"E000778","FS0311","MAT000136","MaterialPlatform","FABRICATED_BY","FAB000001","FabricationStrategy","EV000778","High"
"E000779","FS0311","MAT000136","MaterialPlatform","MODULATES","MEC000012","Mechanism","EV000779","High"
"E000780","FS0311","MAT000136","MaterialPlatform","PROMOTES","REG000001","RegenerativeEndpoint","EV000780","High"
"E000781","FS0311","MAT000136","MaterialPlatform","USES","DES000003","DesignMode","EV000781","High"
"E000782","FS0311","MAT000136","MaterialPlatform","VALIDATED_AT","VAL000001","ValidationStage","EV000782","High"
"E000783","FS0311","MAT000136","MaterialPlatform","VALIDATED_AT","VAL000005","ValidationStage","EV000783","High"
"E000784","FS0312","MAT000101","MaterialPlatform","FABRICATED_BY","FAB000034","FabricationStrategy","EV000784","High"
"E000785","FS0312","MAT000101","MaterialPlatform","FABRICATED_BY","FAB000035","FabricationStrategy","EV000785","High"
"E000786","FS0312","MAT000101","MaterialPlatform","MODULATES","MEC000021","Mechanism","EV000786","Medium"
"E000788","FS0312","MAT000101","MaterialPlatform","TARGETS","CEL000010","TargetCell","EV000788","High"
"E000789","FS0312","MAT000101","MaterialPlatform","USES","DES000006","DesignMode","EV000789","High"
"E000790","FS0312","MAT000101","MaterialPlatform","VALIDATED_AT","VAL000001","ValidationStage","EV000790","High"
"E000791","FS0313","MAT000265","MaterialPlatform","COMPOSED_OF","COM000020","MaterialComposition","EV000791","Medium"
"E000792","FS0313","MAT000265","MaterialPlatform","COMPOSED_OF","COM000181","MaterialComposition","EV000792","High"
"E000793","FS0313","MAT000265","MaterialPlatform","DELIVERS","CAR000064","TherapeuticCargo","EV000793","Medium"
"E000794","FS0313","MAT000265","MaterialPlatform","PROMOTES","REG000001","RegenerativeEndpoint","EV000794","High"
"E000795","FS0313","MAT000265","MaterialPlatform","RELEASES","CAR000064","TherapeuticCargo","EV000795","High"
"E000796","FS0313","MAT000265","MaterialPlatform","TARGETS","CEL000008","TargetCell","EV000796","High"
"E000797","FS0313","MAT000265","MaterialPlatform","TARGETS","CEL000013","TargetCell","EV000797","High"
"E000798","FS0313","MAT000265","MaterialPlatform","USES","DES000006","DesignMode","EV000798","High"
"E000799","FS0313","MAT000265","MaterialPlatform","VALIDATED_AT","VAL000001","ValidationStage","EV000799","High"
"E000800","FS0313","MAT000265","MaterialPlatform","VALIDATED_AT","VAL000005","ValidationStage","EV000800","High"
"E000801","FS0322","MAT000033","MaterialPlatform","MODULATES","MEC000016","Mechanism","EV000801","High"
"E000802","FS0322","MAT000033","MaterialPlatform","PROMOTES","REG000003","RegenerativeEndpoint","EV000802","High"
"E000803","FS0322","MAT000033","MaterialPlatform","RELEASES","CAR000020","TherapeuticCargo","EV000803","High"
"E000804","FS0322","MAT000033","MaterialPlatform","TARGETS","CEL000002","TargetCell","EV000804","High"
"E000805","FS0322","MAT000033","MaterialPlatform","TARGETS","CEL000008","TargetCell","EV000805","High"
"E000806","FS0322","MAT000033","MaterialPlatform","USES","DES000006","DesignMode","EV000806","High"
"E000807","FS0322","MAT000033","MaterialPlatform","VALIDATED_AT","VAL000001","ValidationStage","EV000807","High"
"E000808","FS0322","MAT000033","MaterialPlatform","VALIDATED_AT","VAL000005","ValidationStage","EV000808","High"
"E000809","FS0323","MAT000229","MaterialPlatform","PROMOTES","REG000012","RegenerativeEndpoint","EV000809","High"
"E000810","FS0323","MAT000229","MaterialPlatform","TARGETS","CEL000004","TargetCell","EV000810","High"
"E000811","FS0323","MAT000229","MaterialPlatform","TARGETS","CEL000007","TargetCell","EV000811","High"
"E000812","FS0323","MAT000229","MaterialPlatform","VALIDATED_AT","VAL000001","ValidationStage","EV000812","High"
"E000813","FS0323","MAT000229","MaterialPlatform","VALIDATED_AT","VAL000005","ValidationStage","EV000813","High"
"E000814","FS0324","MAT000240","MaterialPlatform","PROMOTES","REG000001","RegenerativeEndpoint","EV000814","High"
"E000815","FS0324","MAT000240","MaterialPlatform","TARGETS","CEL000013","TargetCell","EV000815","High"
"E000816","FS0324","MAT000240","MaterialPlatform","USES","DES000007","DesignMode","EV000816","High"
"E000817","FS0324","MAT000240","MaterialPlatform","VALIDATED_AT","VAL000001","ValidationStage","EV000817","Medium"
"E000818","FS0324","MAT000240","MaterialPlatform","VALIDATED_AT","VAL000005","ValidationStage","EV000818","High"
"E000819","FS0326","MAT000005","MaterialPlatform","FABRICATED_BY","FAB000035","FabricationStrategy","EV000819","High"
"E000820","FS0326","MAT000005","MaterialPlatform","MODULATES","MEC000002","Mechanism","EV000820","Medium"
"E000821","FS0326","MAT000005","MaterialPlatform","TARGETS","CEL000003","TargetCell","EV000821","High"
"E000822","FS0326","MAT000005","MaterialPlatform","TARGETS","CEL000007","TargetCell","EV000822","High"
"E000823","FS0326","MAT000005","MaterialPlatform","USES","DES000006","DesignMode","EV000823","High"
"E000824","FS0326","MAT000005","MaterialPlatform","USES","DES000015","DesignMode","EV000824","High"
"E000825","FS0326","MAT000005","MaterialPlatform","VALIDATED_AT","VAL000003","ValidationStage","EV000825","High"
"E000826","FS0327","MAT000257","MaterialPlatform","FABRICATED_BY","FAB000019","FabricationStrategy","EV000826","High"
"E000827","FS0327","MAT000257","MaterialPlatform","TARGETS","CEL000007","TargetCell","EV000827","High"
"E000828","FS0327","MAT000257","MaterialPlatform","USES","DES000006","DesignMode","EV000828","High"
"E000829","FS0327","MAT000257","MaterialPlatform","USES","DES000011","DesignMode","EV000829","High"
"E000830","FS0327","MAT000257","MaterialPlatform","VALIDATED_AT","VAL000001","ValidationStage","EV000830","High"
"E000831","FS0327","MAT000257","MaterialPlatform","VALIDATED_AT","VAL000005","ValidationStage","EV000831","High"
"E000832","FS0328","MAT000153","MaterialPlatform","COMPOSED_OF","COM000084","MaterialComposition","EV000832","Medium"
"E000833","FS0328","MAT000153","MaterialPlatform","PROMOTES","REG000011","RegenerativeEndpoint","EV000833","High"
"E000834","FS0328","MAT000153","MaterialPlatform","TARGETS","CEL000008","TargetCell","EV000834","High"
"E000835","FS0328","MAT000153","MaterialPlatform","TARGETS","CEL000011","TargetCell","EV000835","High"
"E000836","FS0328","MAT000153","MaterialPlatform","USES","DES000004","DesignMode","EV000836","High"
"E000837","FS0328","MAT000153","MaterialPlatform","USES","DES000006","DesignMode","EV000837","High"
"E000838","FS0328","MAT000153","MaterialPlatform","VALIDATED_AT","VAL000001","ValidationStage","EV000838","High"
"E000839","FS0328","MAT000153","MaterialPlatform","VALIDATED_AT","VAL000005","ValidationStage","EV000839","High"
"E000840","FS0329","MAT000159","MaterialPlatform","PROMOTES","REG000012","RegenerativeEndpoint","EV000840","High"
"E000841","FS0329","MAT000159","MaterialPlatform","TARGETS","CEL000003","TargetCell","EV000841","High"
"E000842","FS0329","MAT000159","MaterialPlatform","USES","DES000006","DesignMode","EV000842","High"
"E000843","FS0329","MAT000159","MaterialPlatform","VALIDATED_AT","VAL000001","ValidationStage","EV000843","High"
"E000844","FS0329","MAT000159","MaterialPlatform","VALIDATED_AT","VAL000005","ValidationStage","EV000844","High"
"E000845","FS0338","MAT000161","MaterialPlatform","DELIVERS","CAR000044","TherapeuticCargo","EV000845","High"
"E000846","FS0338","MAT000161","MaterialPlatform","FABRICATED_BY","FAB000035","FabricationStrategy","EV000846","High"
"E000847","FS0338","MAT000161","MaterialPlatform","MODULATES","MEC000001","Mechanism","EV000847","High"
"E000848","FS0338","MAT000161","MaterialPlatform","PROMOTES","REG000006","RegenerativeEndpoint","EV000848","Medium"
"E000849","FS0338","MAT000161","MaterialPlatform","TARGETS","CEL000008","TargetCell","EV000849","High"
"E000850","FS0338","MAT000161","MaterialPlatform","TARGETS","CEL000010","TargetCell","EV000850","High"
"E000851","FS0338","MAT000161","MaterialPlatform","USES","DES000006","DesignMode","EV000851","High"
"E000852","FS0338","MAT000161","MaterialPlatform","VALIDATED_AT","VAL000003","ValidationStage","EV000852","High"
"E000853","FS0338","MAT000161","MaterialPlatform","VALIDATED_AT","VAL000005","ValidationStage","EV000853","High"
"E000854","FS0341","MAT000124","MaterialPlatform","FABRICATED_BY","FAB000022","FabricationStrategy","EV000854","Medium"
"E000855","FS0341","MAT000124","MaterialPlatform","PROMOTES","REG000001","RegenerativeEndpoint","EV000855","Medium"
"E000856","FS0341","MAT000124","MaterialPlatform","TARGETS","CEL000007","TargetCell","EV000856","High"
"E000857","FS0341","MAT000124","MaterialPlatform","TARGETS","CEL000008","TargetCell","EV000857","High"
"E000858","FS0341","MAT000124","MaterialPlatform","TARGETS","CEL000013","TargetCell","EV000858","High"
"E000859","FS0341","MAT000124","MaterialPlatform","USES","DES000006","DesignMode","EV000859","High"
"E000860","FS0341","MAT000124","MaterialPlatform","VALIDATED_AT","VAL000001","ValidationStage","EV000860","Medium"
"E000861","FS0341","MAT000124","MaterialPlatform","VALIDATED_AT","VAL000005","ValidationStage","EV000861","Medium"
"E000862","FS0345","MAT000029","MaterialPlatform","COMPOSED_OF","COM000023","MaterialComposition","EV000862","High"
"E000863","FS0345","MAT000029","MaterialPlatform","PROMOTES","REG000012","RegenerativeEndpoint","EV000863","Medium"
"E000864","FS0345","MAT000029","MaterialPlatform","TARGETS","CEL000008","TargetCell","EV000864","High"
"E000865","FS0345","MAT000029","MaterialPlatform","USES","DES000015","DesignMode","EV000865","High"
"E000866","FS0345","MAT000029","MaterialPlatform","VALIDATED_AT","VAL000005","ValidationStage","EV000866","Medium"
"E000867","FS0346","MAT000168","MaterialPlatform","MODULATES","MEC000002","Mechanism","EV000867","High"
"E000868","FS0346","MAT000168","MaterialPlatform","PROMOTES","REG000001","RegenerativeEndpoint","EV000868","High"
"E000869","FS0346","MAT000168","MaterialPlatform","TARGETS","CEL000012","TargetCell","EV000869","High"
"E000870","FS0346","MAT000168","MaterialPlatform","USES","DES000011","DesignMode","EV000870","High"
"E000871","FS0346","MAT000168","MaterialPlatform","VALIDATED_AT","VAL000001","ValidationStage","EV000871","High"
"E000872","FS0346","MAT000168","MaterialPlatform","VALIDATED_AT","VAL000003","ValidationStage","EV000872","High"
"E000873","FS0346","MAT000168","MaterialPlatform","VALIDATED_AT","VAL000005","ValidationStage","EV000873","High"
"E000874","FS0348","MAT000260","MaterialPlatform","PROMOTES","REG000001","RegenerativeEndpoint","EV000874","Medium"
"E000875","FS0348","MAT000260","MaterialPlatform","RELEASES","CAR000038","TherapeuticCargo","EV000875","Medium"
"E000876","FS0348","MAT000260","MaterialPlatform","TARGETS","CEL000008","TargetCell","EV000876","Medium"
"E000877","FS0348","MAT000260","MaterialPlatform","USES","DES000015","DesignMode","EV000877","Medium"
"E000878","FS0348","MAT000260","MaterialPlatform","VALIDATED_AT","VAL000005","ValidationStage","EV000878","Medium"
"E000879","FS0350","MAT000237","MaterialPlatform","MODULATES","MEC000001","Mechanism","EV000879","Medium"
"E000880","FS0350","MAT000237","MaterialPlatform","PROMOTES","REG000001","RegenerativeEndpoint","EV000880","High"
"E000881","FS0350","MAT000237","MaterialPlatform","TARGETS","CEL000008","TargetCell","EV000881","High"
"E000882","FS0350","MAT000237","MaterialPlatform","USES","DES000012","DesignMode","EV000882","High"
"E000883","FS0356","MAT000171","MaterialPlatform","PROMOTES","REG000002","RegenerativeEndpoint","EV000883","High"
"E000884","FS0356","MAT000171","MaterialPlatform","TARGETS","CEL000001","TargetCell","EV000884","High"
"E000885","FS0356","MAT000171","MaterialPlatform","TARGETS","CEL000008","TargetCell","EV000885","High"
"E000886","FS0356","MAT000171","MaterialPlatform","USES","DES000012","DesignMode","EV000886","High"
"E000887","FS0356","MAT000171","MaterialPlatform","VALIDATED_AT","VAL000001","ValidationStage","EV000887","High"
"E000888","FS0356","MAT000171","MaterialPlatform","VALIDATED_AT","VAL000005","ValidationStage","EV000888","High"
"E000889","FS0358","MAT000026","MaterialPlatform","COMPOSED_OF","COM000044","MaterialComposition","EV000889","Medium"
"E000890","FS0358","MAT000026","MaterialPlatform","COMPOSED_OF","COM000136","MaterialComposition","EV000890","Medium"
"E000891","FS0358","MAT000026","MaterialPlatform","FABRICATED_BY","FAB000008","FabricationStrategy","EV000891","Medium"
"E000892","FS0358","MAT000026","MaterialPlatform","FABRICATED_BY","FAB000022","FabricationStrategy","EV000892","High"
"E000893","FS0358","MAT000026","MaterialPlatform","TARGETS","CEL000012","TargetCell","EV000893","Medium"
"E000894","FS0358","MAT000026","MaterialPlatform","USES","DES000002","DesignMode","EV000894","Medium"
"E000895","FS0361","MAT000110","MaterialPlatform","USES","DES000006","DesignMode","EV000895","High"
"E000896","FS0361","MAT000110","MaterialPlatform","VALIDATED_AT","VAL000001","ValidationStage","EV000896","High"
"E000897","FS0361","MAT000110","MaterialPlatform","VALIDATED_AT","VAL000005","ValidationStage","EV000897","High"
"E000898","FS0362","MAT000122","MaterialPlatform","FABRICATED_BY","FAB000039","FabricationStrategy","EV000898","High"
"E000899","FS0362","MAT000122","MaterialPlatform","FABRICATED_BY","FAB000042","FabricationStrategy","EV000899","High"
"E000900","FS0362","MAT000122","MaterialPlatform","PROMOTES","REG000001","RegenerativeEndpoint","EV000900","High"
"E000901","FS0362","MAT000122","MaterialPlatform","TARGETS","CEL000007","TargetCell","EV000901","High"
"E000902","FS0362","MAT000122","MaterialPlatform","TARGETS","CEL000011","TargetCell","EV000902","High"
"E000903","FS0362","MAT000122","MaterialPlatform","TARGETS","CEL000012","TargetCell","EV000903","Medium"
"E000904","FS0362","MAT000122","MaterialPlatform","VALIDATED_AT","VAL000001","ValidationStage","EV000904","High"
"E000905","FS0365","MAT000080","MaterialPlatform","DELIVERS","CAR000027","TherapeuticCargo","EV000905","High"
"E000906","FS0365","MAT000080","MaterialPlatform","FABRICATED_BY","FAB000015","FabricationStrategy","EV000906","High"
"E000907","FS0365","MAT000080","MaterialPlatform","RELEASES","CAR000027","TherapeuticCargo","EV000907","High"
"E000909","FS0365","MAT000080","MaterialPlatform","TARGETS","CEL000008","TargetCell","EV000909","High"
"E000910","FS0365","MAT000080","MaterialPlatform","USES","DES000006","DesignMode","EV000910","High"
"E000911","FS0365","MAT000080","MaterialPlatform","VALIDATED_AT","VAL000001","ValidationStage","EV000911","High"
"E000913","FS0367","MAT000008","MaterialPlatform","DELIVERS","CAR000014","TherapeuticCargo","EV000913","High"
"E000914","FS0367","MAT000008","MaterialPlatform","FABRICATED_BY","FAB000003","FabricationStrategy","EV000914","High"
"E000915","FS0367","MAT000008","MaterialPlatform","FABRICATED_BY","FAB000013","FabricationStrategy","EV000915","High"
"E000916","FS0367","MAT000008","MaterialPlatform","FABRICATED_BY","FAB000039","FabricationStrategy","EV000916","High"
"E000917","FS0367","MAT000008","MaterialPlatform","PROMOTES","REG000001","RegenerativeEndpoint","EV000917","High"
"E000918","FS0367","MAT000008","MaterialPlatform","RELEASES","CAR000014","TherapeuticCargo","EV000918","High"
"E000919","FS0367","MAT000008","MaterialPlatform","TARGETS","CEL000012","TargetCell","EV000919","High"
"E000920","FS0367","MAT000008","MaterialPlatform","USES","DES000006","DesignMode","EV000920","High"
"E000921","FS0367","MAT000008","MaterialPlatform","VALIDATED_AT","VAL000001","ValidationStage","EV000921","High"
"E000922","FS0367","MAT000008","MaterialPlatform","VALIDATED_AT","VAL000005","ValidationStage","EV000922","High"
"E000923","FS0371","MAT000269","MaterialPlatform","PROMOTES","REG000005","RegenerativeEndpoint","EV000923","High"
"E000924","FS0371","MAT000269","MaterialPlatform","TARGETS","CEL000005","TargetCell","EV000924","High"
"E000925","FS0371","MAT000269","MaterialPlatform","TARGETS","CEL000007","TargetCell","EV000925","High"
"E000926","FS0371","MAT000269","MaterialPlatform","TARGETS","CEL000013","TargetCell","EV000926","High"
"E000927","FS0371","MAT000269","MaterialPlatform","USES","DES000012","DesignMode","EV000927","High"
"E000928","FS0371","MAT000269","MaterialPlatform","VALIDATED_AT","VAL000001","ValidationStage","EV000928","High"
"E000929","FS0371","MAT000269","MaterialPlatform","VALIDATED_AT","VAL000005","ValidationStage","EV000929","High"
"E000930","FS0374","MAT000066","MaterialPlatform","PROMOTES","REG000003","RegenerativeEndpoint","EV000930","High"
"E000931","FS0374","MAT000066","MaterialPlatform","TARGETS","CEL000002","TargetCell","EV000931","High"
"E000932","FS0374","MAT000066","MaterialPlatform","VALIDATED_AT","VAL000001","ValidationStage","EV000932","High"
"E000933","FS0376","MAT000154","MaterialPlatform","DELIVERS","CAR000065","TherapeuticCargo","EV000933","Medium"
"E000934","FS0376","MAT000154","MaterialPlatform","PROMOTES","REG000001","RegenerativeEndpoint","EV000934","High"
"E000935","FS0376","MAT000154","MaterialPlatform","RELEASES","CAR000065","TherapeuticCargo","EV000935","Medium"
"E000936","FS0376","MAT000154","MaterialPlatform","TARGETS","CEL000007","TargetCell","EV000936","Medium"
"E000937","FS0376","MAT000154","MaterialPlatform","TARGETS","CEL000013","TargetCell","EV000937","Medium"
"E000938","FS0376","MAT000154","MaterialPlatform","USES","DES000012","DesignMode","EV000938","High"
"E000939","FS0376","MAT000154","MaterialPlatform","VALIDATED_AT","VAL000001","ValidationStage","EV000939","High"
"E000940","FS0376","MAT000154","MaterialPlatform","VALIDATED_AT","VAL000005","ValidationStage","EV000940","High"
"E000941","FS0380","MAT000196","MaterialPlatform","COMPOSED_OF","COM000054","MaterialComposition","EV000941","High"
"E000942","FS0380","MAT000196","MaterialPlatform","COMPOSED_OF","COM000106","MaterialComposition","EV000942","High"
"E000943","FS0380","MAT000196","MaterialPlatform","DELIVERS","CAR000062","TherapeuticCargo","EV000943","High"
"E000944","FS0380","MAT000196","MaterialPlatform","RELEASES","CAR000062","TherapeuticCargo","EV000944","Medium"
"E000946","FS0380","MAT000196","MaterialPlatform","TARGETS","CEL000007","TargetCell","EV000946","Medium"
"E000947","FS0380","MAT000196","MaterialPlatform","TARGETS","CEL000010","TargetCell","EV000947","High"
"E000948","FS0380","MAT000196","MaterialPlatform","USES","DES000002","DesignMode","EV000948","High"
"E000949","FS0380","MAT000196","MaterialPlatform","USES","DES000006","DesignMode","EV000949","High"
"E000950","FS0380","MAT000196","MaterialPlatform","VALIDATED_AT","VAL000001","ValidationStage","EV000950","High"
"E000951","FS0380","MAT000196","MaterialPlatform","VALIDATED_AT","VAL000003","ValidationStage","EV000951","High"
"E000952","FS0380","MAT000196","MaterialPlatform","VALIDATED_AT","VAL000005","ValidationStage","EV000952","High"
"E000953","FS0382","MAT000175","MaterialPlatform","FABRICATED_BY","FAB000001","FabricationStrategy","EV000953","High"
"E000954","FS0382","MAT000175","MaterialPlatform","MODULATES","MEC000019","Mechanism","EV000954","High"
"E000955","FS0382","MAT000175","MaterialPlatform","TARGETS","CEL000008","TargetCell","EV000955","High"
"E000956","FS0382","MAT000175","MaterialPlatform","USES","DES000015","DesignMode","EV000956","High"
"E000957","FS0382","MAT000175","MaterialPlatform","VALIDATED_AT","VAL000001","ValidationStage","EV000957","Medium"
"E000958","FS0382","MAT000175","MaterialPlatform","VALIDATED_AT","VAL000005","ValidationStage","EV000958","High"
"E000959","FS0384","MAT000012","MaterialPlatform","COMPOSED_OF","COM000003","MaterialComposition","EV000959","Medium"
"E000960","FS0384","MAT000012","MaterialPlatform","COMPOSED_OF","COM000018","MaterialComposition","EV000960","High"
"E000961","FS0384","MAT000012","MaterialPlatform","COMPOSED_OF","COM000043","MaterialComposition","EV000961","High"
"E000962","FS0384","MAT000012","MaterialPlatform","FABRICATED_BY","FAB000039","FabricationStrategy","EV000962","High"
"E000963","FS0384","MAT000012","MaterialPlatform","MODULATES","MEC000019","Mechanism","EV000963","Medium"
"E000964","FS0384","MAT000012","MaterialPlatform","PROMOTES","REG000001","RegenerativeEndpoint","EV000964","High"
"E000965","FS0384","MAT000012","MaterialPlatform","TARGETS","CEL000011","TargetCell","EV000965","High"
"E000966","FS0384","MAT000012","MaterialPlatform","TARGETS","CEL000013","TargetCell","EV000966","High"
"E000967","FS0384","MAT000012","MaterialPlatform","VALIDATED_AT","VAL000001","ValidationStage","EV000967","High"
"E000968","FS0384","MAT000012","MaterialPlatform","VALIDATED_AT","VAL000005","ValidationStage","EV000968","High"
"E000969","FS0385","MAT000070","MaterialPlatform","PROMOTES","REG000006","RegenerativeEndpoint","EV000969","High"
"E000970","FS0385","MAT000070","MaterialPlatform","TARGETS","CEL000010","TargetCell","EV000970","High"
"E000971","FS0385","MAT000070","MaterialPlatform","VALIDATED_AT","VAL000001","ValidationStage","EV000971","High"
"E000972","FS0385","MAT000070","MaterialPlatform","VALIDATED_AT","VAL000005","ValidationStage","EV000972","High"
"E000973","FS0386","MAT000095","MaterialPlatform","FABRICATED_BY","FAB000001","FabricationStrategy","EV000973","High"
"E000974","FS0386","MAT000095","MaterialPlatform","FABRICATED_BY","FAB000039","FabricationStrategy","EV000974","High"
"E000975","FS0386","MAT000095","MaterialPlatform","TARGETS","CEL000008","TargetCell","EV000975","High"
"E000976","FS0386","MAT000095","MaterialPlatform","USES","DES000015","DesignMode","EV000976","High"
"E000977","FS0386","MAT000095","MaterialPlatform","VALIDATED_AT","VAL000001","ValidationStage","EV000977","High"
"E000978","FS0389","MAT000069","MaterialPlatform","DELIVERS","CAR000042","TherapeuticCargo","EV000978","High"
"E000979","FS0389","MAT000069","MaterialPlatform","FABRICATED_BY","FAB000015","FabricationStrategy","EV000979","High"
"E000980","FS0389","MAT000069","MaterialPlatform","PROMOTES","REG000012","RegenerativeEndpoint","EV000980","High"
"E000981","FS0389","MAT000069","MaterialPlatform","TARGETS","CEL000004","TargetCell","EV000981","High"
"E000982","FS0389","MAT000069","MaterialPlatform","TARGETS","CEL000008","TargetCell","EV000982","High"
"E000983","FS0389","MAT000069","MaterialPlatform","VALIDATED_AT","VAL000001","ValidationStage","EV000983","High"
"E000984","FS0389","MAT000069","MaterialPlatform","VALIDATED_AT","VAL000005","ValidationStage","EV000984","High"
"E000985","FS0391","MAT000227","MaterialPlatform","DELIVERS","CAR000055","TherapeuticCargo","EV000985","High"
"E000986","FS0391","MAT000227","MaterialPlatform","PROMOTES","REG000001","RegenerativeEndpoint","EV000986","High"
"E000987","FS0391","MAT000227","MaterialPlatform","RELEASES","CAR000055","TherapeuticCargo","EV000987","High"
"E000988","FS0391","MAT000227","MaterialPlatform","TARGETS","CEL000008","TargetCell","EV000988","High"
"E000989","FS0391","MAT000227","MaterialPlatform","USES","DES000006","DesignMode","EV000989","High"
"E000990","FS0391","MAT000227","MaterialPlatform","VALIDATED_AT","VAL000001","ValidationStage","EV000990","High"
"E000991","FS0391","MAT000227","MaterialPlatform","VALIDATED_AT","VAL000005","ValidationStage","EV000991","High"
"E000992","FS0392","MAT000241","MaterialPlatform","FABRICATED_BY","FAB000039","FabricationStrategy","EV000992","High"
"E000993","FS0392","MAT000241","MaterialPlatform","TARGETS","CEL000003","TargetCell","EV000993","High"
"E000994","FS0392","MAT000241","MaterialPlatform","USES","DES000004","DesignMode","EV000994","High"
"E000995","FS0392","MAT000241","MaterialPlatform","USES","DES000006","DesignMode","EV000995","High"
"E000996","FS0392","MAT000241","MaterialPlatform","VALIDATED_AT","VAL000001","ValidationStage","EV000996","High"
"E000997","FS0393","MAT000123","MaterialPlatform","RELEASES","CAR000008","TherapeuticCargo","EV000997","Medium"
"E000998","FS0393","MAT000123","MaterialPlatform","TARGETS","CEL000009","TargetCell","EV000998","Medium"
"E000999","FS0393","MAT000123","MaterialPlatform","VALIDATED_AT","VAL000001","ValidationStage","EV000999","High"
"E001000","FS0393","MAT000123","MaterialPlatform","VALIDATED_AT","VAL000005","ValidationStage","EV001000","High"
"E001001","FS0394","MAT000215","MaterialPlatform","COMPOSED_OF","COM000125","MaterialComposition","EV001001","High"
"E001002","FS0394","MAT000215","MaterialPlatform","DELIVERS","CAR000050","TherapeuticCargo","EV001002","High"
"E001003","FS0394","MAT000215","MaterialPlatform","FABRICATED_BY","FAB000022","FabricationStrategy","EV001003","High"
"E001004","FS0394","MAT000215","MaterialPlatform","PROMOTES","REG000009","RegenerativeEndpoint","EV001004","High"
"E001005","FS0394","MAT000215","MaterialPlatform","RELEASES","CAR000050","TherapeuticCargo","EV001005","High"
"E001006","FS0394","MAT000215","MaterialPlatform","TARGETS","CEL000008","TargetCell","EV001006","High"
"E001007","FS0394","MAT000215","MaterialPlatform","VALIDATED_AT","VAL000001","ValidationStage","EV001007","High"
"E001008","FS0394","MAT000215","MaterialPlatform","VALIDATED_AT","VAL000003","ValidationStage","EV001008","High"
"E001009","FS0395","MAT000022","MaterialPlatform","COMPOSED_OF","COM000092","MaterialComposition","EV001009","High"
"E001010","FS0395","MAT000022","MaterialPlatform","FABRICATED_BY","FAB000008","FabricationStrategy","EV001010","High"
"E001011","FS0395","MAT000022","MaterialPlatform","TARGETS","CEL000008","TargetCell","EV001011","High"
"E001012","FS0395","MAT000022","MaterialPlatform","USES","DES000015","DesignMode","EV001012","High"
"E001013","FS0395","MAT000022","MaterialPlatform","VALIDATED_AT","VAL000001","ValidationStage","EV001013","High"
"E001014","FS0395","MAT000022","MaterialPlatform","VALIDATED_AT","VAL000005","ValidationStage","EV001014","High"
"E001015","FS0397","MAT000048","MaterialPlatform","DELIVERS","CAR000014","TherapeuticCargo","EV001015","High"
"E001016","FS0397","MAT000048","MaterialPlatform","PROMOTES","REG000001","RegenerativeEndpoint","EV001016","High"
"E001017","FS0397","MAT000048","MaterialPlatform","USES","DES000006","DesignMode","EV001017","High"
"E001018","FS0397","MAT000048","MaterialPlatform","VALIDATED_AT","VAL000001","ValidationStage","EV001018","High"
"E001019","FS0397","MAT000048","MaterialPlatform","VALIDATED_AT","VAL000003","ValidationStage","EV001019","High"
"E001020","FS0397","MAT000048","MaterialPlatform","VALIDATED_AT","VAL000005","ValidationStage","EV001020","High"
"E001021","FS0399","MAT000079","MaterialPlatform","COMPOSED_OF","COM000011","MaterialComposition","EV001021","Medium"
"E001022","FS0399","MAT000079","MaterialPlatform","COMPOSED_OF","COM000099","MaterialComposition","EV001022","Medium"
"E001023","FS0399","MAT000079","MaterialPlatform","DELIVERS","CAR000026","TherapeuticCargo","EV001023","High"
"E001024","FS0399","MAT000079","MaterialPlatform","FABRICATED_BY","FAB000042","FabricationStrategy","EV001024","High"
"E001025","FS0399","MAT000079","MaterialPlatform","RELEASES","CAR000026","TherapeuticCargo","EV001025","High"
"E001026","FS0399","MAT000079","MaterialPlatform","TARGETS","CEL000004","TargetCell","EV001026","High"
"E001027","FS0399","MAT000079","MaterialPlatform","USES","DES000012","DesignMode","EV001027","High"
"E001028","FS0399","MAT000079","MaterialPlatform","VALIDATED_AT","VAL000001","ValidationStage","EV001028","High"
"E001029","FS0399","MAT000079","MaterialPlatform","VALIDATED_AT","VAL000005","ValidationStage","EV001029","High"
"E001030","FS0400","MAT000169","MaterialPlatform","DELIVERS","CAR000053","TherapeuticCargo","EV001030","High"
"E001031","FS0400","MAT000169","MaterialPlatform","FABRICATED_BY","FAB000001","FabricationStrategy","EV001031","High"
"E001032","FS0400","MAT000169","MaterialPlatform","FABRICATED_BY","FAB000027","FabricationStrategy","EV001032","High"
"E001033","FS0400","MAT000169","MaterialPlatform","MODULATES","MEC000019","Mechanism","EV001033","Medium"
"E001034","FS0400","MAT000169","MaterialPlatform","PROMOTES","REG000001","RegenerativeEndpoint","EV001034","High"
"E001035","FS0400","MAT000169","MaterialPlatform","RELEASES","CAR000053","TherapeuticCargo","EV001035","High"
"E001036","FS0400","MAT000169","MaterialPlatform","RESPONDS_TO","STI000008","Stimulus","EV001036","High"
"E001037","FS0400","MAT000169","MaterialPlatform","TARGETS","CEL000013","TargetCell","EV001037","High"
"E001038","FS0401","MAT000067","MaterialPlatform","COMPOSED_OF","COM000034","MaterialComposition","EV001038","High"
"E001039","FS0401","MAT000067","MaterialPlatform","COMPOSED_OF","COM000046","MaterialComposition","EV001039","High"
"E001040","FS0401","MAT000067","MaterialPlatform","USES","DES000006","DesignMode","EV001040","High"
"E001041","FS0401","MAT000067","MaterialPlatform","USES","DES000015","DesignMode","EV001041","High"
"E001042","FS0401","MAT000067","MaterialPlatform","VALIDATED_AT","VAL000001","ValidationStage","EV001042","High"
"E001043","FS0402","MAT000193","MaterialPlatform","MODULATES","MEC000013","Mechanism","EV001043","Medium"
"E001044","FS0402","MAT000193","MaterialPlatform","PROMOTES","REG000012","RegenerativeEndpoint","EV001044","Medium"
"E001045","FS0402","MAT000193","MaterialPlatform","TARGETS","CEL000003","TargetCell","EV001045","Medium"
"E001046","FS0402","MAT000193","MaterialPlatform","USES","DES000012","DesignMode","EV001046","High"
"E001047","FS0402","MAT000193","MaterialPlatform","VALIDATED_AT","VAL000001","ValidationStage","EV001047","High"
"E001048","FS0402","MAT000193","MaterialPlatform","VALIDATED_AT","VAL000005","ValidationStage","EV001048","Medium"
"E001049","FS0404","MAT000253","MaterialPlatform","COMPOSED_OF","COM000039","MaterialComposition","EV001049","High"
"E001050","FS0404","MAT000253","MaterialPlatform","COMPOSED_OF","COM000076","MaterialComposition","EV001050","Medium"
"E001051","FS0404","MAT000253","MaterialPlatform","DELIVERS","CAR000025","TherapeuticCargo","EV001051","High"
"E001052","FS0404","MAT000253","MaterialPlatform","MODULATES","MEC000004","Mechanism","EV001052","High"
"E001053","FS0404","MAT000253","MaterialPlatform","TARGETS","CEL000002","TargetCell","EV001053","High"
"E001054","FS0404","MAT000253","MaterialPlatform","USES","DES000012","DesignMode","EV001054","Medium"
"E001055","FS0404","MAT000253","MaterialPlatform","VALIDATED_AT","VAL000005","ValidationStage","EV001055","High"
"E001056","FS0406","MAT000149","MaterialPlatform","COMPOSED_OF","COM000128","MaterialComposition","EV001056","High"
"E001057","FS0406","MAT000149","MaterialPlatform","USES","DES000006","DesignMode","EV001057","High"
"E001058","FS0406","MAT000149","MaterialPlatform","VALIDATED_AT","VAL000005","ValidationStage","EV001058","High"
"E001059","FS0409","MAT000054","MaterialPlatform","DELIVERS","CAR000015","TherapeuticCargo","EV001059","Medium"
"E001060","FS0409","MAT000054","MaterialPlatform","PROMOTES","REG000007","RegenerativeEndpoint","EV001060","Medium"
"E001061","FS0409","MAT000054","MaterialPlatform","TARGETS","CEL000003","TargetCell","EV001061","High"
"E001062","FS0409","MAT000054","MaterialPlatform","VALIDATED_AT","VAL000001","ValidationStage","EV001062","High"
"E001063","FS0409","MAT000054","MaterialPlatform","VALIDATED_AT","VAL000003","ValidationStage","EV001063","High"
"E001064","FS0414","MAT000019","MaterialPlatform","FABRICATED_BY","FAB000022","FabricationStrategy","EV001064","Medium"
"E001065","FS0414","MAT000019","MaterialPlatform","FABRICATED_BY","FAB000042","FabricationStrategy","EV001065","Medium"
"E001066","FS0414","MAT000019","MaterialPlatform","PROMOTES","REG000003","RegenerativeEndpoint","EV001066","Medium"
"E001067","FS0414","MAT000019","MaterialPlatform","TARGETS","CEL000002","TargetCell","EV001067","High"
"E001068","FS0414","MAT000019","MaterialPlatform","TARGETS","CEL000013","TargetCell","EV001068","Medium"
"E001069","FS0414","MAT000019","MaterialPlatform","USES","DES000006","DesignMode","EV001069","Medium"
"E001070","FS0418","MAT000089","MaterialPlatform","TARGETS","CEL000003","TargetCell","EV001070","High"
"E001071","FS0418","MAT000089","MaterialPlatform","USES","DES000006","DesignMode","EV001071","High"
"E001072","FS0418","MAT000089","MaterialPlatform","VALIDATED_AT","VAL000001","ValidationStage","EV001072","High"
"E001073","FS0418","MAT000089","MaterialPlatform","VALIDATED_AT","VAL000003","ValidationStage","EV001073","High"
"E001074","FS0418","MAT000089","MaterialPlatform","VALIDATED_AT","VAL000005","ValidationStage","EV001074","Medium"
"E001075","FS0419","MAT000239","MaterialPlatform","FABRICATED_BY","FAB000039","FabricationStrategy","EV001075","High"
"E001076","FS0419","MAT000239","MaterialPlatform","RESPONDS_TO","STI000008","Stimulus","EV001076","High"
"E001077","FS0419","MAT000239","MaterialPlatform","TARGETS","CEL000008","TargetCell","EV001077","High"
"E001078","FS0419","MAT000239","MaterialPlatform","VALIDATED_AT","VAL000001","ValidationStage","EV001078","High"
"E001079","FS0424","MAT000272","MaterialPlatform","FABRICATED_BY","FAB000001","FabricationStrategy","EV001079","High"
"E001080","FS0424","MAT000272","MaterialPlatform","PROMOTES","REG000001","RegenerativeEndpoint","EV001080","High"
"E001081","FS0424","MAT000272","MaterialPlatform","TARGETS","CEL000008","TargetCell","EV001081","High"
"E001082","FS0424","MAT000272","MaterialPlatform","USES","DES000015","DesignMode","EV001082","High"
"E001083","FS0428","MAT000235","MaterialPlatform","COMPOSED_OF","COM000110","MaterialComposition","EV001083","High"
"E001084","FS0428","MAT000235","MaterialPlatform","COMPOSED_OF","COM000142","MaterialComposition","EV001084","High"
"E001085","FS0428","MAT000235","MaterialPlatform","DELIVERS","CAR000058","TherapeuticCargo","EV001085","High"
"E001086","FS0428","MAT000235","MaterialPlatform","FABRICATED_BY","FAB000034","FabricationStrategy","EV001086","High"
"E001087","FS0428","MAT000235","MaterialPlatform","MODULATES","MEC000004","Mechanism","EV001087","High"
"E001088","FS0428","MAT000235","MaterialPlatform","RELEASES","CAR000058","TherapeuticCargo","EV001088","High"
"E001089","FS0428","MAT000235","MaterialPlatform","TARGETS","CEL000010","TargetCell","EV001089","High"
"E001090","FS0428","MAT000235","MaterialPlatform","USES","DES000006","DesignMode","EV001090","High"
"E001091","FS0428","MAT000235","MaterialPlatform","VALIDATED_AT","VAL000001","ValidationStage","EV001091","High"
"E001092","FS0430","MAT000103","MaterialPlatform","FABRICATED_BY","FAB000015","FabricationStrategy","EV001092","High"
"E001093","FS0430","MAT000103","MaterialPlatform","MODULATES","MEC000002","Mechanism","EV001093","High"
"E001094","FS0430","MAT000103","MaterialPlatform","TARGETS","CEL000007","TargetCell","EV001094","High"
"E001095","FS0430","MAT000103","MaterialPlatform","TARGETS","CEL000010","TargetCell","EV001095","High"
"E001096","FS0430","MAT000103","MaterialPlatform","USES","DES000012","DesignMode","EV001096","Medium"
"E001097","FS0430","MAT000103","MaterialPlatform","VALIDATED_AT","VAL000001","ValidationStage","EV001097","High"
"E001098","FS0430","MAT000103","MaterialPlatform","VALIDATED_AT","VAL000005","ValidationStage","EV001098","High"
"E001099","FS0433","MAT000214","MaterialPlatform","DELIVERS","CAR000050","TherapeuticCargo","EV001099","Medium"
"E001100","FS0433","MAT000214","MaterialPlatform","FABRICATED_BY","FAB000001","FabricationStrategy","EV001100","High"
"E001101","FS0433","MAT000214","MaterialPlatform","FABRICATED_BY","FAB000003","FabricationStrategy","EV001101","High"
"E001102","FS0433","MAT000214","MaterialPlatform","FABRICATED_BY","FAB000027","FabricationStrategy","EV001102","High"
"E001103","FS0433","MAT000214","MaterialPlatform","PROMOTES","REG000001","RegenerativeEndpoint","EV001103","High"
"E001104","FS0433","MAT000214","MaterialPlatform","RELEASES","CAR000050","TherapeuticCargo","EV001104","High"
"E001105","FS0433","MAT000214","MaterialPlatform","TARGETS","CEL000008","TargetCell","EV001105","High"
"E001106","FS0433","MAT000214","MaterialPlatform","USES","DES000006","DesignMode","EV001106","Medium"
"E001107","FS0433","MAT000214","MaterialPlatform","VALIDATED_AT","VAL000001","ValidationStage","EV001107","High"
"E001108","FS0433","MAT000214","MaterialPlatform","VALIDATED_AT","VAL000005","ValidationStage","EV001108","High"
"E001109","FS0436","MAT000038","MaterialPlatform","MODULATES","MEC000019","Mechanism","EV001109","Medium"
"E001110","FS0436","MAT000038","MaterialPlatform","PROMOTES","REG000001","RegenerativeEndpoint","EV001110","High"
"E001111","FS0436","MAT000038","MaterialPlatform","TARGETS","CEL000008","TargetCell","EV001111","High"
"E001112","FS0436","MAT000038","MaterialPlatform","TARGETS","CEL000011","TargetCell","EV001112","High"
"E001113","FS0436","MAT000038","MaterialPlatform","VALIDATED_AT","VAL000001","ValidationStage","EV001113","High"
"E001114","FS0438","MAT000249","MaterialPlatform","COMPOSED_OF","COM000161","MaterialComposition","EV001114","High"
"E001115","FS0438","MAT000249","MaterialPlatform","COMPOSED_OF","COM000162","MaterialComposition","EV001115","High"
"E001116","FS0438","MAT000249","MaterialPlatform","TARGETS","CEL000002","TargetCell","EV001116","High"
"E001117","FS0438","MAT000249","MaterialPlatform","USES","DES000012","DesignMode","EV001117","High"
"E001118","FS0438","MAT000249","MaterialPlatform","VALIDATED_AT","VAL000001","ValidationStage","EV001118","High"
"E001119","FS0438","MAT000249","MaterialPlatform","VALIDATED_AT","VAL000005","ValidationStage","EV001119","High"
"E001120","FS0439","MAT000255","MaterialPlatform","COMPOSED_OF","COM000024","MaterialComposition","EV001120","High"
"E001121","FS0439","MAT000255","MaterialPlatform","FABRICATED_BY","FAB000039","FabricationStrategy","EV001121","High"
"E001122","FS0439","MAT000255","MaterialPlatform","MODULATES","MEC000002","Mechanism","EV001122","Medium"
"E001123","FS0439","MAT000255","MaterialPlatform","TARGETS","CEL000003","TargetCell","EV001123","High"
"E001124","FS0439","MAT000255","MaterialPlatform","TARGETS","CEL000007","TargetCell","EV001124","High"
"E001125","FS0439","MAT000255","MaterialPlatform","TARGETS","CEL000008","TargetCell","EV001125","High"
"E001126","FS0439","MAT000255","MaterialPlatform","USES","DES000015","DesignMode","EV001126","High"
"E001127","FS0439","MAT000255","MaterialPlatform","VALIDATED_AT","VAL000001","ValidationStage","EV001127","High"
"E001128","FS0439","MAT000255","MaterialPlatform","VALIDATED_AT","VAL000003","ValidationStage","EV001128","High"
"E001129","FS0440","MAT000086","MaterialPlatform","FABRICATED_BY","FAB000027","FabricationStrategy","EV001129","High"
"E001130","FS0440","MAT000086","MaterialPlatform","TARGETS","CEL000007","TargetCell","EV001130","High"
"E001131","FS0440","MAT000086","MaterialPlatform","TARGETS","CEL000008","TargetCell","EV001131","High"
"E001132","FS0440","MAT000086","MaterialPlatform","USES","DES000006","DesignMode","EV001132","High"
"E001133","FS0440","MAT000086","MaterialPlatform","VALIDATED_AT","VAL000001","ValidationStage","EV001133","High"
"E001134","FS0440","MAT000086","MaterialPlatform","VALIDATED_AT","VAL000005","ValidationStage","EV001134","High"
"E001135","FS0446","MAT000027","MaterialPlatform","MODULATES","MEC000013","Mechanism","EV001135","Medium"
"E001136","FS0446","MAT000027","MaterialPlatform","TARGETS","CEL000002","TargetCell","EV001136","High"
"E001137","FS0446","MAT000027","MaterialPlatform","TARGETS","CEL000007","TargetCell","EV001137","High"
"E001138","FS0446","MAT000027","MaterialPlatform","USES","DES000006","DesignMode","EV001138","High"
"E001139","FS0446","MAT000027","MaterialPlatform","VALIDATED_AT","VAL000001","ValidationStage","EV001139","High"
"E001140","FS0449","MAT000068","MaterialPlatform","PROMOTES","REG000012","RegenerativeEndpoint","EV001140","High"
"E001141","FS0449","MAT000068","MaterialPlatform","TARGETS","CEL000013","TargetCell","EV001141","High"
"E001142","FS0449","MAT000068","MaterialPlatform","USES","DES000006","DesignMode","EV001142","High"
"E001143","FS0449","MAT000068","MaterialPlatform","VALIDATED_AT","VAL000001","ValidationStage","EV001143","High"
"E001144","FS0449","MAT000068","MaterialPlatform","VALIDATED_AT","VAL000003","ValidationStage","EV001144","High"
"E001145","FS0449","MAT000068","MaterialPlatform","VALIDATED_AT","VAL000005","ValidationStage","EV001145","High"
"E001146","FS0450","MAT000047","MaterialPlatform","COMPOSED_OF","COM000022","MaterialComposition","EV001146","Medium"
"E001147","FS0450","MAT000047","MaterialPlatform","COMPOSED_OF","COM000130","MaterialComposition","EV001147","Medium"
"E001148","FS0450","MAT000047","MaterialPlatform","MODULATES","MEC000011","Mechanism","EV001148","Medium"
"E001149","FS0450","MAT000047","MaterialPlatform","TARGETS","CEL000003","TargetCell","EV001149","High"
"E001150","FS0450","MAT000047","MaterialPlatform","TARGETS","CEL000008","TargetCell","EV001150","High"
"E001151","FS0450","MAT000047","MaterialPlatform","USES","DES000006","DesignMode","EV001151","Medium"
"E001152","FS0450","MAT000047","MaterialPlatform","VALIDATED_AT","VAL000001","ValidationStage","EV001152","High"
"E001153","FS0453","MAT000203","MaterialPlatform","FABRICATED_BY","FAB000013","FabricationStrategy","EV001153","High"
"E001154","FS0453","MAT000203","MaterialPlatform","FABRICATED_BY","FAB000027","FabricationStrategy","EV001154","High"
"E001155","FS0453","MAT000203","MaterialPlatform","FABRICATED_BY","FAB000039","FabricationStrategy","EV001155","High"
"E001156","FS0453","MAT000203","MaterialPlatform","TARGETS","CEL000001","TargetCell","EV001156","High"
"E001157","FS0453","MAT000203","MaterialPlatform","TARGETS","CEL000003","TargetCell","EV001157","High"
"E001158","FS0453","MAT000203","MaterialPlatform","TARGETS","CEL000004","TargetCell","EV001158","High"
"E001159","FS0453","MAT000203","MaterialPlatform","USES","DES000012","DesignMode","EV001159","High"
"E001160","FS0453","MAT000203","MaterialPlatform","VALIDATED_AT","VAL000001","ValidationStage","EV001160","High"
"E001162","FS0454","MAT000085","MaterialPlatform","PROMOTES","REG000006","RegenerativeEndpoint","EV001162","High"
"E001163","FS0454","MAT000085","MaterialPlatform","RESPONDS_TO","STI000010","Stimulus","EV001163","High"
"E001164","FS0454","MAT000085","MaterialPlatform","TARGETS","CEL000010","TargetCell","EV001164","High"
"E001165","FS0454","MAT000085","MaterialPlatform","USES","DES000015","DesignMode","EV001165","High"
"E001166","FS0454","MAT000085","MaterialPlatform","VALIDATED_AT","VAL000001","ValidationStage","EV001166","High"
"E001167","FS0454","MAT000085","MaterialPlatform","VALIDATED_AT","VAL000003","ValidationStage","EV001167","High"
"E001168","FS0458","MAT000268","MaterialPlatform","TARGETS","CEL000002","TargetCell","EV001168","High"
"E001169","FS0459","MAT000142","MaterialPlatform","COMPOSED_OF","COM000066","MaterialComposition","EV001169","Medium"
"E001171","FS0459","MAT000142","MaterialPlatform","DELIVERS","CAR000032","TherapeuticCargo","EV001171","Medium"
"E001172","FS0459","MAT000142","MaterialPlatform","FABRICATED_BY","FAB000008","FabricationStrategy","EV001172","High"
"E001173","FS0459","MAT000142","MaterialPlatform","FABRICATED_BY","FAB000022","FabricationStrategy","EV001173","High"
"E001174","FS0459","MAT000142","MaterialPlatform","FABRICATED_BY","FAB000027","FabricationStrategy","EV001174","High"
"E001175","FS0459","MAT000142","MaterialPlatform","TARGETS","CEL000002","TargetCell","EV001175","High"
"E001176","FS0459","MAT000142","MaterialPlatform","TARGETS","CEL000008","TargetCell","EV001176","High"
"E001177","FS0459","MAT000142","MaterialPlatform","USES","DES000006","DesignMode","EV001177","High"
"E001178","FS0459","MAT000142","MaterialPlatform","VALIDATED_AT","VAL000001","ValidationStage","EV001178","High"
"E001179","FS0459","MAT000142","MaterialPlatform","VALIDATED_AT","VAL000002","ValidationStage","EV001179","High"
"E001180","FS0460","MAT000258","MaterialPlatform","PROMOTES","REG000001","RegenerativeEndpoint","EV001180","High"
"E001181","FS0460","MAT000258","MaterialPlatform","TARGETS","CEL000008","TargetCell","EV001181","High"
"E001182","FS0460","MAT000258","MaterialPlatform","VALIDATED_AT","VAL000001","ValidationStage","EV001182","High"
"E001183","FS0461","MAT000007","MaterialPlatform","MODULATES","MEC000001","Mechanism","EV001183","Medium"
"E001184","FS0461","MAT000007","MaterialPlatform","TARGETS","CEL000013","TargetCell","EV001184","Medium"
"E001185","FS0461","MAT000007","MaterialPlatform","VALIDATED_AT","VAL000001","ValidationStage","EV001185","Medium"
"E001186","FS0462","MAT000133","MaterialPlatform","COMPOSED_OF","COM000030","MaterialComposition","EV001186","High"
"E001187","FS0462","MAT000133","MaterialPlatform","COMPOSED_OF","COM000031","MaterialComposition","EV001187","High"
"E001188","FS0462","MAT000133","MaterialPlatform","COMPOSED_OF","COM000180","MaterialComposition","EV001188","High"
"E001189","FS0462","MAT000133","MaterialPlatform","DELIVERS","CAR000036","TherapeuticCargo","EV001189","Medium"
"E001190","FS0462","MAT000133","MaterialPlatform","DELIVERS","CAR000063","TherapeuticCargo","EV001190","High"
"E001191","FS0462","MAT000133","MaterialPlatform","FABRICATED_BY","FAB000006","FabricationStrategy","EV001191","High"
"E001192","FS0462","MAT000133","MaterialPlatform","RELEASES","CAR000036","TherapeuticCargo","EV001192","Medium"
"E001193","FS0462","MAT000133","MaterialPlatform","RESPONDS_TO","STI000008","Stimulus","EV001193","High"
"E001194","FS0462","MAT000133","MaterialPlatform","TARGETS","CEL000007","TargetCell","EV001194","High"
"E001195","FS0462","MAT000133","MaterialPlatform","TARGETS","CEL000016","TargetCell","EV001195","High"
"E001196","FS0462","MAT000133","MaterialPlatform","USES","DES000012","DesignMode","EV001196","High"
"E001197","FS0462","MAT000133","MaterialPlatform","VALIDATED_AT","VAL000001","ValidationStage","EV001197","High"
"E001198","FS0462","MAT000133","MaterialPlatform","VALIDATED_AT","VAL000005","ValidationStage","EV001198","High"
"E001199","FS0465","MAT000147","MaterialPlatform","COMPOSED_OF","COM000046","MaterialComposition","EV001199","High"
"E001200","FS0465","MAT000147","MaterialPlatform","FABRICATED_BY","FAB000027","FabricationStrategy","EV001200","High"
"E001201","FS0465","MAT000147","MaterialPlatform","PROMOTES","REG000012","RegenerativeEndpoint","EV001201","High"
"E001202","FS0465","MAT000147","MaterialPlatform","USES","DES000006","DesignMode","EV001202","High"
"E001203","FS0465","MAT000147","MaterialPlatform","VALIDATED_AT","VAL000001","ValidationStage","EV001203","High"
"E001204","FS0469","MAT000212","MaterialPlatform","COMPOSED_OF","COM000141","MaterialComposition","EV001204","Medium"
"E001205","FS0469","MAT000212","MaterialPlatform","FABRICATED_BY","FAB000024","FabricationStrategy","EV001205","High"
"E001206","FS0469","MAT000212","MaterialPlatform","RESPONDS_TO","STI000007","Stimulus","EV001206","High"
"E001207","FS0469","MAT000212","MaterialPlatform","USES","DES000006","DesignMode","EV001207","High"
"E001208","FS0469","MAT000212","MaterialPlatform","VALIDATED_AT","VAL000001","ValidationStage","EV001208","High"
"E001209","FS0470","MAT000176","MaterialPlatform","COMPOSED_OF","COM000080","MaterialComposition","EV001209","High"
"E001210","FS0470","MAT000176","MaterialPlatform","COMPOSED_OF","COM000182","MaterialComposition","EV001210","High"
"E001211","FS0470","MAT000176","MaterialPlatform","FABRICATED_BY","FAB000013","FabricationStrategy","EV001211","High"
"E001212","FS0470","MAT000176","MaterialPlatform","TARGETS","CEL000008","TargetCell","EV001212","Medium"
"E001213","FS0470","MAT000176","MaterialPlatform","TARGETS","CEL000013","TargetCell","EV001213","High"
"E001214","FS0470","MAT000176","MaterialPlatform","USES","DES000012","DesignMode","EV001214","High"
"E001215","FS0470","MAT000176","MaterialPlatform","VALIDATED_AT","VAL000001","ValidationStage","EV001215","High"
"E001216","FS0471","MAT000018","MaterialPlatform","COMPOSED_OF","COM000007","MaterialComposition","EV001216","Medium"
"E001217","FS0471","MAT000018","MaterialPlatform","COMPOSED_OF","COM000069","MaterialComposition","EV001217","High"
"E001218","FS0471","MAT000018","MaterialPlatform","DELIVERS","CAR000006","TherapeuticCargo","EV001218","High"
"E001219","FS0471","MAT000018","MaterialPlatform","USES","DES000006","DesignMode","EV001219","High"
"E001220","FS0471","MAT000018","MaterialPlatform","USES","DES000015","DesignMode","EV001220","High"
"E001221","FS0472","MAT000114","MaterialPlatform","COMPOSED_OF","COM000050","MaterialComposition","EV001221","High"
"E001222","FS0472","MAT000114","MaterialPlatform","DELIVERS","CAR000031","TherapeuticCargo","EV001222","High"
"E001223","FS0472","MAT000114","MaterialPlatform","MODULATES","MEC000015","Mechanism","EV001223","Medium"
"E001224","FS0472","MAT000114","MaterialPlatform","PROMOTES","REG000001","RegenerativeEndpoint","EV001224","High"
"E001225","FS0472","MAT000114","MaterialPlatform","RELEASES","CAR000031","TherapeuticCargo","EV001225","High"
"E001226","FS0472","MAT000114","MaterialPlatform","TARGETS","CEL000007","TargetCell","EV001226","High"
"E001227","FS0472","MAT000114","MaterialPlatform","USES","DES000006","DesignMode","EV001227","High"
"E001228","FS0472","MAT000114","MaterialPlatform","VALIDATED_AT","VAL000001","ValidationStage","EV001228","High"
"E001229","FS0472","MAT000114","MaterialPlatform","VALIDATED_AT","VAL000005","ValidationStage","EV001229","High"
"E001230","FS0478","MAT000061","MaterialPlatform","COMPOSED_OF","COM000032","MaterialComposition","EV001230","Medium"
"E001231","FS0478","MAT000061","MaterialPlatform","TARGETS","CEL000002","TargetCell","EV001231","High"
"E001232","FS0478","MAT000061","MaterialPlatform","TARGETS","CEL000008","TargetCell","EV001232","High"
"E001233","FS0478","MAT000061","MaterialPlatform","USES","DES000006","DesignMode","EV001233","High"
"E001234","FS0478","MAT000061","MaterialPlatform","VALIDATED_AT","VAL000001","ValidationStage","EV001234","High"
"E001235","FS0478","MAT000061","MaterialPlatform","VALIDATED_AT","VAL000005","ValidationStage","EV001235","High"
"E001236","FS0482","MAT000146","MaterialPlatform","MODULATES","MEC000013","Mechanism","EV001236","High"
"E001237","FS0482","MAT000146","MaterialPlatform","TARGETS","CEL000008","TargetCell","EV001237","High"
"E001238","FS0482","MAT000146","MaterialPlatform","VALIDATED_AT","VAL000001","ValidationStage","EV001238","High"
"E001239","FS0482","MAT000146","MaterialPlatform","VALIDATED_AT","VAL000003","ValidationStage","EV001239","High"
"E001240","FS0482","MAT000146","MaterialPlatform","VALIDATED_AT","VAL000005","ValidationStage","EV001240","High"
"E001241","FS0487","MAT000002","MaterialPlatform","FABRICATED_BY","FAB000001","FabricationStrategy","EV001241","Medium"
"E001242","FS0487","MAT000002","MaterialPlatform","FABRICATED_BY","FAB000039","FabricationStrategy","EV001242","High"
"E001243","FS0487","MAT000002","MaterialPlatform","MODULATES","MEC000019","Mechanism","EV001243","Medium"
"E001244","FS0487","MAT000002","MaterialPlatform","PROMOTES","REG000001","RegenerativeEndpoint","EV001244","High"
"E001245","FS0487","MAT000002","MaterialPlatform","TARGETS","CEL000007","TargetCell","EV001245","High"
"E001246","FS0487","MAT000002","MaterialPlatform","TARGETS","CEL000008","TargetCell","EV001246","High"
"E001247","FS0487","MAT000002","MaterialPlatform","USES","DES000004","DesignMode","EV001247","High"
"E001248","FS0487","MAT000002","MaterialPlatform","USES","DES000006","DesignMode","EV001248","High"
"E001249","FS0487","MAT000002","MaterialPlatform","USES","DES000015","DesignMode","EV001249","High"
"E001250","FS0487","MAT000002","MaterialPlatform","VALIDATED_AT","VAL000001","ValidationStage","EV001250","High"
"E001251","FS0487","MAT000002","MaterialPlatform","VALIDATED_AT","VAL000005","ValidationStage","EV001251","High"
"E001252","FS0490","MAT000062","MaterialPlatform","DELIVERS","CAR000059","TherapeuticCargo","EV001252","Medium"
"E001253","FS0490","MAT000062","MaterialPlatform","FABRICATED_BY","FAB000011","FabricationStrategy","EV001253","High"
"E001254","FS0490","MAT000062","MaterialPlatform","FABRICATED_BY","FAB000034","FabricationStrategy","EV001254","High"
"E001255","FS0490","MAT000062","MaterialPlatform","FABRICATED_BY","FAB000035","FabricationStrategy","EV001255","Medium"
"E001256","FS0490","MAT000062","MaterialPlatform","FABRICATED_BY","FAB000037","FabricationStrategy","EV001256","High"
"E001257","FS0490","MAT000062","MaterialPlatform","FABRICATED_BY","FAB000039","FabricationStrategy","EV001257","High"
"E001258","FS0490","MAT000062","MaterialPlatform","MODULATES","MEC000013","Mechanism","EV001258","Medium"
"E001259","FS0490","MAT000062","MaterialPlatform","PROMOTES","REG000012","RegenerativeEndpoint","EV001259","High"
"E001260","FS0490","MAT000062","MaterialPlatform","RESPONDS_TO","STI000008","Stimulus","EV001260","High"
"E001261","FS0490","MAT000062","MaterialPlatform","TARGETS","CEL000013","TargetCell","EV001261","High"
"E001262","FS0490","MAT000062","MaterialPlatform","USES","DES000006","DesignMode","EV001262","Medium"
"E001263","FS0490","MAT000062","MaterialPlatform","VALIDATED_AT","VAL000001","ValidationStage","EV001263","High"
"E001264","FS0490","MAT000062","MaterialPlatform","VALIDATED_AT","VAL000005","ValidationStage","EV001264","High"
"E001265","FS0492","MAT000025","MaterialPlatform","USES","DES000006","DesignMode","EV001265","High"
"E001266","FS0492","MAT000025","MaterialPlatform","VALIDATED_AT","VAL000005","ValidationStage","EV001266","High"
"E001267","FS0498","MAT000083","MaterialPlatform","FABRICATED_BY","FAB000039","FabricationStrategy","EV001267","Medium"
"E001268","FS0498","MAT000083","MaterialPlatform","TARGETS","CEL000008","TargetCell","EV001268","Medium"
"E001269","FS0498","MAT000083","MaterialPlatform","USES","DES000006","DesignMode","EV001269","High"
"E001270","FS0498","MAT000083","MaterialPlatform","VALIDATED_AT","VAL000001","ValidationStage","EV001270","Medium"
"E001271","FS0506","MAT000216","MaterialPlatform","COMPOSED_OF","COM000137","MaterialComposition","EV001271","Medium"
"E001272","FS0506","MAT000216","MaterialPlatform","DELIVERS","CAR000050","TherapeuticCargo","EV001272","Medium"
"E001273","FS0506","MAT000216","MaterialPlatform","RELEASES","CAR000050","TherapeuticCargo","EV001273","High"
"E001274","FS0506","MAT000216","MaterialPlatform","TARGETS","CEL000002","TargetCell","EV001274","High"
"E001275","FS0506","MAT000216","MaterialPlatform","TARGETS","CEL000013","TargetCell","EV001275","High"
"E001276","FS0506","MAT000216","MaterialPlatform","USES","DES000012","DesignMode","EV001276","High"
"E001277","FS0506","MAT000216","MaterialPlatform","VALIDATED_AT","VAL000001","ValidationStage","EV001277","High"
"E001278","FS0507","MAT000256","MaterialPlatform","COMPOSED_OF","COM000009","MaterialComposition","EV001278","Medium"
"E001279","FS0507","MAT000256","MaterialPlatform","COMPOSED_OF","COM000013","MaterialComposition","EV001279","Medium"
"E001280","FS0507","MAT000256","MaterialPlatform","COMPOSED_OF","COM000158","MaterialComposition","EV001280","Medium"
"E001281","FS0507","MAT000256","MaterialPlatform","COMPOSED_OF","COM000169","MaterialComposition","EV001281","Medium"
"E001282","FS0507","MAT000256","MaterialPlatform","DELIVERS","CAR000060","TherapeuticCargo","EV001282","Medium"
"E001283","FS0507","MAT000256","MaterialPlatform","FABRICATED_BY","FAB000013","FabricationStrategy","EV001283","Medium"
"E001284","FS0507","MAT000256","MaterialPlatform","PROMOTES","REG000012","RegenerativeEndpoint","EV001284","High"
"E001285","FS0507","MAT000256","MaterialPlatform","RELEASES","CAR000011","TherapeuticCargo","EV001285","High"
"E001286","FS0507","MAT000256","MaterialPlatform","RELEASES","CAR000060","TherapeuticCargo","EV001286","Medium"
"E001287","FS0507","MAT000256","MaterialPlatform","TARGETS","CEL000004","TargetCell","EV001287","Medium"
"E001288","FS0507","MAT000256","MaterialPlatform","VALIDATED_AT","VAL000001","ValidationStage","EV001288","High"
"E001289","FS0507","MAT000256","MaterialPlatform","VALIDATED_AT","VAL000005","ValidationStage","EV001289","High"
"E001290","FS0513","MAT000011","MaterialPlatform","TARGETS","CEL000008","TargetCell","EV001290","High"
"E001291","FS0513","MAT000011","MaterialPlatform","USES","DES000006","DesignMode","EV001291","High"
"E001292","FS0513","MAT000011","MaterialPlatform","VALIDATED_AT","VAL000001","ValidationStage","EV001292","Medium"
"E001293","FS0513","MAT000011","MaterialPlatform","VALIDATED_AT","VAL000003","ValidationStage","EV001293","Medium"
"E001294","FS0515","MAT000261","MaterialPlatform","TARGETS","CEL000013","TargetCell","EV001294","High"
"E001295","FS0515","MAT000261","MaterialPlatform","USES","DES000006","DesignMode","EV001295","High"
"E001296","FS0515","MAT000261","MaterialPlatform","USES","DES000015","DesignMode","EV001296","High"
"E001297","FS0515","MAT000261","MaterialPlatform","VALIDATED_AT","VAL000001","ValidationStage","EV001297","High"
"E001298","FS0516","MAT000073","MaterialPlatform","PROMOTES","REG000001","RegenerativeEndpoint","EV001298","High"
"E001299","FS0516","MAT000073","MaterialPlatform","TARGETS","CEL000008","TargetCell","EV001299","High"
"E001300","FS0516","MAT000073","MaterialPlatform","USES","DES000015","DesignMode","EV001300","High"
"E001301","FS0516","MAT000073","MaterialPlatform","VALIDATED_AT","VAL000001","ValidationStage","EV001301","High"
"E001302","FS0516","MAT000073","MaterialPlatform","VALIDATED_AT","VAL000005","ValidationStage","EV001302","High"
"E001303","FS0522","MAT000043","MaterialPlatform","COMPOSED_OF","COM000018","MaterialComposition","EV001303","High"
"E001304","FS0522","MAT000043","MaterialPlatform","TARGETS","CEL000004","TargetCell","EV001304","High"
"E001305","FS0522","MAT000043","MaterialPlatform","VALIDATED_AT","VAL000001","ValidationStage","EV001305","High"
"E001306","FS0526","MAT000139","MaterialPlatform","COMPOSED_OF","COM000043","MaterialComposition","EV001306","Medium"
"E001307","FS0526","MAT000139","MaterialPlatform","COMPOSED_OF","COM000065","MaterialComposition","EV001307","Medium"
"E001308","FS0526","MAT000139","MaterialPlatform","COMPOSED_OF","COM000087","MaterialComposition","EV001308","Medium"
"E001309","FS0526","MAT000139","MaterialPlatform","DELIVERS","CAR000040","TherapeuticCargo","EV001309","Medium"
"E001310","FS0526","MAT000139","MaterialPlatform","FABRICATED_BY","FAB000012","FabricationStrategy","EV001310","Medium"
"E001311","FS0526","MAT000139","MaterialPlatform","TARGETS","CEL000008","TargetCell","EV001311","High"
"E001312","FS0526","MAT000139","MaterialPlatform","VALIDATED_AT","VAL000001","ValidationStage","EV001312","High"
"E001313","FS0526","MAT000139","MaterialPlatform","VALIDATED_AT","VAL000003","ValidationStage","EV001313","High"
"E001314","FS0534","MAT000074","MaterialPlatform","COMPOSED_OF","COM000037","MaterialComposition","EV001314","High"
"E001315","FS0534","MAT000074","MaterialPlatform","COMPOSED_OF","COM000041","MaterialComposition","EV001315","High"
"E001316","FS0534","MAT000074","MaterialPlatform","COMPOSED_OF","COM000125","MaterialComposition","EV001316","High"
"E001317","FS0534","MAT000074","MaterialPlatform","DELIVERS","CAR000023","TherapeuticCargo","EV001317","High"
"E001318","FS0534","MAT000074","MaterialPlatform","RELEASES","CAR000034","TherapeuticCargo","EV001318","High"
"E001319","FS0534","MAT000074","MaterialPlatform","RESPONDS_TO","STI000005","Stimulus","EV001319","High"
"E001320","FS0534","MAT000074","MaterialPlatform","TARGETS","CEL000013","TargetCell","EV001320","High"
"E001321","FS0534","MAT000074","MaterialPlatform","USES","DES000012","DesignMode","EV001321","High"
"E001322","FS0534","MAT000074","MaterialPlatform","VALIDATED_AT","VAL000005","ValidationStage","EV001322","High"
"E001323","FS0535","MAT000137","MaterialPlatform","FABRICATED_BY","FAB000039","FabricationStrategy","EV001323","High"
"E001324","FS0535","MAT000137","MaterialPlatform","TARGETS","CEL000004","TargetCell","EV001324","High"
"E001325","FS0535","MAT000137","MaterialPlatform","USES","DES000004","DesignMode","EV001325","High"
"E001326","FS0535","MAT000137","MaterialPlatform","USES","DES000012","DesignMode","EV001326","High"
"E001327","FS0536","MAT000140","MaterialPlatform","COMPOSED_OF","COM000083","MaterialComposition","EV001327","Medium"
"E001328","FS0536","MAT000140","MaterialPlatform","COMPOSED_OF","COM000087","MaterialComposition","EV001328","Medium"
"E001329","FS0536","MAT000140","MaterialPlatform","DELIVERS","CAR000040","TherapeuticCargo","EV001329","Medium"
"E001330","FS0536","MAT000140","MaterialPlatform","USES","DES000012","DesignMode","EV001330","High"
"E001331","FS0536","MAT000140","MaterialPlatform","VALIDATED_AT","VAL000001","ValidationStage","EV001331","High"
"E001332","FS0538","MAT000278","MaterialPlatform","DELIVERS","CAR000054","TherapeuticCargo","EV001332","Medium"
"E001333","FS0538","MAT000278","MaterialPlatform","PROMOTES","REG000001","RegenerativeEndpoint","EV001333","High"
"E001334","FS0538","MAT000278","MaterialPlatform","TARGETS","CEL000003","TargetCell","EV001334","High"
"E001335","FS0538","MAT000278","MaterialPlatform","TARGETS","CEL000007","TargetCell","EV001335","High"
"E001336","FS0538","MAT000278","MaterialPlatform","TARGETS","CEL000008","TargetCell","EV001336","High"
"E001337","FS0538","MAT000278","MaterialPlatform","TARGETS","CEL000011","TargetCell","EV001337","High"
"E001338","FS0538","MAT000278","MaterialPlatform","TARGETS","CEL000013","TargetCell","EV001338","High"
"E001339","FS0538","MAT000278","MaterialPlatform","USES","DES000012","DesignMode","EV001339","High"
"E001340","FS0538","MAT000278","MaterialPlatform","VALIDATED_AT","VAL000001","ValidationStage","EV001340","High"
"E001341","FS0538","MAT000278","MaterialPlatform","VALIDATED_AT","VAL000003","ValidationStage","EV001341","High"
"E001343","FS0539","MAT000051","MaterialPlatform","FABRICATED_BY","FAB000012","FabricationStrategy","EV001343","High"
"E001344","FS0539","MAT000051","MaterialPlatform","TARGETS","CEL000008","TargetCell","EV001344","High"
"E001345","FS0539","MAT000051","MaterialPlatform","USES","DES000005","DesignMode","EV001345","High"
"E001346","FS0539","MAT000051","MaterialPlatform","VALIDATED_AT","VAL000001","ValidationStage","EV001346","High"
"E001347","FS0542","MAT000178","MaterialPlatform","COMPOSED_OF","COM000018","MaterialComposition","EV001347","Medium"
"E001348","FS0542","MAT000178","MaterialPlatform","COMPOSED_OF","COM000100","MaterialComposition","EV001348","Medium"
"E001349","FS0542","MAT000178","MaterialPlatform","COMPOSED_OF","COM000125","MaterialComposition","EV001349","Medium"
"E001350","FS0542","MAT000178","MaterialPlatform","TARGETS","CEL000008","TargetCell","EV001350","Medium"
"E001351","FS0542","MAT000178","MaterialPlatform","USES","DES000015","DesignMode","EV001351","High"
"E001352","FS0542","MAT000178","MaterialPlatform","VALIDATED_AT","VAL000001","ValidationStage","EV001352","High"
"E001353","FS0552","MAT000185","MaterialPlatform","DELIVERS","CAR000047","TherapeuticCargo","EV001353","High"
"E001354","FS0552","MAT000185","MaterialPlatform","FABRICATED_BY","FAB000013","FabricationStrategy","EV001354","High"
"E001355","FS0552","MAT000185","MaterialPlatform","RELEASES","CAR000047","TherapeuticCargo","EV001355","High"
"E001356","FS0552","MAT000185","MaterialPlatform","TARGETS","CEL000002","TargetCell","EV001356","High"
"E001357","FS0552","MAT000185","MaterialPlatform","VALIDATED_AT","VAL000001","ValidationStage","EV001357","High"
"E001358","FS0552","MAT000185","MaterialPlatform","VALIDATED_AT","VAL000005","ValidationStage","EV001358","High"
"E001359","FS0553","MAT000119","MaterialPlatform","MODULATES","MEC000014","Mechanism","EV001359","High"
"E001360","FS0553","MAT000119","MaterialPlatform","VALIDATED_AT","VAL000001","ValidationStage","EV001360","High"
"E001362","FS0559","MAT000263","MaterialPlatform","TARGETS","CEL000004","TargetCell","EV001362","High"
"E001363","FS0559","MAT000263","MaterialPlatform","TARGETS","CEL000012","TargetCell","EV001363","High"
"E001364","FS0559","MAT000263","MaterialPlatform","USES","DES000006","DesignMode","EV001364","High"
"E001365","FS0559","MAT000263","MaterialPlatform","VALIDATED_AT","VAL000001","ValidationStage","EV001365","High"
"E001366","FS0560","MAT000262","MaterialPlatform","COMPOSED_OF","COM000160","MaterialComposition","EV001366","High"
"E001367","FS0560","MAT000262","MaterialPlatform","FABRICATED_BY","FAB000035","FabricationStrategy","EV001367","High"
"E001368","FS0560","MAT000262","MaterialPlatform","USES","DES000005","DesignMode","EV001368","Medium"
"E001369","FS0560","MAT000262","MaterialPlatform","VALIDATED_AT","VAL000001","ValidationStage","EV001369","High"
"E001370","FS0563","MAT000077","MaterialPlatform","TARGETS","CEL000008","TargetCell","EV001370","Medium"
"E001371","FS0563","MAT000077","MaterialPlatform","TARGETS","CEL000013","TargetCell","EV001371","High"
"E001372","FS0563","MAT000077","MaterialPlatform","VALIDATED_AT","VAL000001","ValidationStage","EV001372","High"
"E001373","FS0571","MAT000100","MaterialPlatform","FABRICATED_BY","FAB000039","FabricationStrategy","EV001373","High"
"E001374","FS0571","MAT000100","MaterialPlatform","TARGETS","CEL000008","TargetCell","EV001374","High"
"E001375","FS0571","MAT000100","MaterialPlatform","USES","DES000015","DesignMode","EV001375","High"
"E001376","FS0571","MAT000100","MaterialPlatform","VALIDATED_AT","VAL000001","ValidationStage","EV001376","High"
"E001377","FS0580","MAT000009","MaterialPlatform","PROMOTES","REG000012","RegenerativeEndpoint","EV001377","High"
"E001378","FS0580","MAT000009","MaterialPlatform","USES","DES000013","DesignMode","EV001378","High"
"E001379","FS0580","MAT000009","MaterialPlatform","VALIDATED_AT","VAL000005","ValidationStage","EV001379","High"
"E001380","FS0595","MAT000143","MaterialPlatform","TARGETS","CEL000008","TargetCell","EV001380","High"
"E001381","FS0595","MAT000143","MaterialPlatform","USES","DES000002","DesignMode","EV001381","High"
"E001382","FS0595","MAT000143","MaterialPlatform","VALIDATED_AT","VAL000001","ValidationStage","EV001382","High"
"E001383","FS0598","MAT000013","MaterialPlatform","COMPOSED_OF","COM000151","MaterialComposition","EV001383","High"
"E001384","FS0598","MAT000013","MaterialPlatform","FABRICATED_BY","FAB000017","FabricationStrategy","EV001384","High"
"E001385","FS0598","MAT000013","MaterialPlatform","MODULATES","MEC000002","Mechanism","EV001385","Medium"
"E001386","FS0598","MAT000013","MaterialPlatform","PROMOTES","REG000012","RegenerativeEndpoint","EV001386","High"
"E001387","FS0598","MAT000013","MaterialPlatform","TARGETS","CEL000003","TargetCell","EV001387","Medium"
"E001388","FS0598","MAT000013","MaterialPlatform","TARGETS","CEL000008","TargetCell","EV001388","High"
"E001389","FS0598","MAT000013","MaterialPlatform","USES","DES000015","DesignMode","EV001389","High"
"E001390","FS0598","MAT000013","MaterialPlatform","VALIDATED_AT","VAL000001","ValidationStage","EV001390","High"
"E001391","FS0602","MAT000187","MaterialPlatform","TARGETS","CEL000008","TargetCell","EV001391","Medium"
"E001392","FS0624","MAT000135","MaterialPlatform","COMPOSED_OF","COM000077","MaterialComposition","EV001392","High"
"E001393","FS0624","MAT000135","MaterialPlatform","FABRICATED_BY","FAB000019","FabricationStrategy","EV001393","High"
"E001394","FS0624","MAT000135","MaterialPlatform","MODULATES","MEC000003","Mechanism","EV001394","High"
"E001395","FS0624","MAT000135","MaterialPlatform","PROMOTES","REG000001","RegenerativeEndpoint","EV001395","High"
"E001396","FS0624","MAT000135","MaterialPlatform","TARGETS","CEL000008","TargetCell","EV001396","High"
"E001397","FS0624","MAT000135","MaterialPlatform","VALIDATED_AT","VAL000005","ValidationStage","EV001397","High"
"E001398","FS0628","MAT000271","MaterialPlatform","FABRICATED_BY","FAB000039","FabricationStrategy","EV001398","High"
"E001399","FS0628","MAT000271","MaterialPlatform","USES","DES000004","DesignMode","EV001399","High"
"E001400","FS0628","MAT000271","MaterialPlatform","VALIDATED_AT","VAL000001","ValidationStage","EV001400","High"
"E001402","FS0630","MAT000042","MaterialPlatform","TARGETS","CEL000008","TargetCell","EV001402","High"
"E001403","FS0630","MAT000042","MaterialPlatform","VALIDATED_AT","VAL000001","ValidationStage","EV001403","High"
"E001404","FS0637","MAT000145","MaterialPlatform","MODULATES","MEC000017","Mechanism","EV001404","Low"
"E001405","FS0637","MAT000145","MaterialPlatform","TARGETS","CEL000008","TargetCell","EV001405","High"
"E001406","FS0637","MAT000145","MaterialPlatform","VALIDATED_AT","VAL000001","ValidationStage","EV001406","High"
"E001407","FS0642","MAT000020","MaterialPlatform","COMPOSED_OF","COM000006","MaterialComposition","EV001407","High"
"E001408","FS0642","MAT000020","MaterialPlatform","FABRICATED_BY","FAB000001","FabricationStrategy","EV001408","Medium"
"E001409","FS0642","MAT000020","MaterialPlatform","MODULATES","MEC000013","Mechanism","EV001409","Medium"
"E001410","FS0642","MAT000020","MaterialPlatform","TARGETS","CEL000011","TargetCell","EV001410","High"
"E001411","FS0642","MAT000020","MaterialPlatform","TARGETS","CEL000013","TargetCell","EV001411","High"
"E001412","FS0642","MAT000020","MaterialPlatform","USES","DES000003","DesignMode","EV001412","Medium"
"E001413","FS0642","MAT000020","MaterialPlatform","VALIDATED_AT","VAL000005","ValidationStage","EV001413","High"
"E001414","FS0644","MAT000179","MaterialPlatform","FABRICATED_BY","FAB000001","FabricationStrategy","EV001414","High"
"E001415","FS0644","MAT000179","MaterialPlatform","USES","DES000006","DesignMode","EV001415","High"
"E001416","FS0649","MAT000030","MaterialPlatform","COMPOSED_OF","COM000155","MaterialComposition","EV001416","High"
"E001417","FS0649","MAT000030","MaterialPlatform","DELIVERS","CAR000050","TherapeuticCargo","EV001417","High"
"E001418","FS0649","MAT000030","MaterialPlatform","RELEASES","CAR000050","TherapeuticCargo","EV001418","High"
"E001419","FS0649","MAT000030","MaterialPlatform","TARGETS","CEL000008","TargetCell","EV001419","High"
"E001420","FS0649","MAT000030","MaterialPlatform","TARGETS","CEL000013","TargetCell","EV001420","High"
"E001421","FS0649","MAT000030","MaterialPlatform","VALIDATED_AT","VAL000001","ValidationStage","EV001421","High"
"E001422","FS0649","MAT000030","MaterialPlatform","VALIDATED_AT","VAL000005","ValidationStage","EV001422","High"
"E001423","FS0651","MAT000221","MaterialPlatform","COMPOSED_OF","COM000146","MaterialComposition","EV001423","High"
"E001424","FS0651","MAT000221","MaterialPlatform","DELIVERS","CAR000020","TherapeuticCargo","EV001424","High"
"E001425","FS0651","MAT000221","MaterialPlatform","FABRICATED_BY","FAB000001","FabricationStrategy","EV001425","High"
"E001426","FS0651","MAT000221","MaterialPlatform","RELEASES","CAR000020","TherapeuticCargo","EV001426","High"
"E001427","FS0651","MAT000221","MaterialPlatform","TARGETS","CEL000016","TargetCell","EV001427","High"
"E001428","FS0651","MAT000221","MaterialPlatform","USES","DES000006","DesignMode","EV001428","High"
"E001429","FS0651","MAT000221","MaterialPlatform","VALIDATED_AT","VAL000001","ValidationStage","EV001429","High"
"E001431","FS0651","MAT000221","MaterialPlatform","VALIDATED_AT","VAL000005","ValidationStage","EV001431","High"
"E001432","FS0655","MAT000043","MaterialPlatform","COMPOSED_OF","COM000018","MaterialComposition","EV001432","High"
"E001433","FS0655","MAT000043","MaterialPlatform","FABRICATED_BY","FAB000042","FabricationStrategy","EV001433","High"
"E001434","FS0655","MAT000043","MaterialPlatform","TARGETS","CEL000004","TargetCell","EV001434","Medium"
"E001435","FS0655","MAT000043","MaterialPlatform","VALIDATED_AT","VAL000001","ValidationStage","EV001435","High"
"E001436","FS0657","MAT000213","MaterialPlatform","COMPOSED_OF","COM000068","MaterialComposition","EV001436","Medium"
"E001437","FS0657","MAT000213","MaterialPlatform","COMPOSED_OF","COM000137","MaterialComposition","EV001437","Medium"
"E001439","FS0657","MAT000213","MaterialPlatform","DELIVERS","CAR000050","TherapeuticCargo","EV001439","High"
"E001440","FS0657","MAT000213","MaterialPlatform","FABRICATED_BY","FAB000035","FabricationStrategy","EV001440","High"
"E001441","FS0657","MAT000213","MaterialPlatform","PROMOTES","REG000001","RegenerativeEndpoint","EV001441","High"
"E001442","FS0657","MAT000213","MaterialPlatform","RELEASES","CAR000050","TherapeuticCargo","EV001442","High"
"E001443","FS0657","MAT000213","MaterialPlatform","TARGETS","CEL000008","TargetCell","EV001443","High"
"E001444","FS0657","MAT000213","MaterialPlatform","TARGETS","CEL000013","TargetCell","EV001444","High"
"E001445","FS0657","MAT000213","MaterialPlatform","USES","DES000006","DesignMode","EV001445","High"
"E001446","FS0657","MAT000213","MaterialPlatform","VALIDATED_AT","VAL000005","ValidationStage","EV001446","High"
"E001447","FS0672","MAT000276","MaterialPlatform","VALIDATED_AT","VAL000001","ValidationStage","EV001447","High"
"E001449","FS0672","MAT000276","MaterialPlatform","VALIDATED_AT","VAL000005","ValidationStage","EV001449","High"
"E001450","FS0675","MAT000242","MaterialPlatform","VALIDATED_AT","VAL000001","ValidationStage","EV001450","High"
"E001451","FS0678","MAT000222","MaterialPlatform","FABRICATED_BY","FAB000039","FabricationStrategy","EV001451","High"
"E001452","FS0678","MAT000222","MaterialPlatform","USES","DES000004","DesignMode","EV001452","High"
"E001453","FS0678","MAT000222","MaterialPlatform","VALIDATED_AT","VAL000001","ValidationStage","EV001453","High"
"E001456","FS0687","MAT000034","MaterialPlatform","COMPOSED_OF","COM000175","MaterialComposition","EV001456","High"
"E001457","FS0687","MAT000034","MaterialPlatform","TARGETS","CEL000013","TargetCell","EV001457","High"
"E001458","FS0687","MAT000034","MaterialPlatform","USES","DES000015","DesignMode","EV001458","High"
"E001459","FS0687","MAT000034","MaterialPlatform","VALIDATED_AT","VAL000005","ValidationStage","EV001459","High"
"E001460","FS0696","MAT000150","MaterialPlatform","FABRICATED_BY","FAB000035","FabricationStrategy","EV001460","High"
"E001461","FS0696","MAT000150","MaterialPlatform","MODULATES","MEC000009","Mechanism","EV001461","High"
"E001462","FS0696","MAT000150","MaterialPlatform","PROMOTES","REG000003","RegenerativeEndpoint","EV001462","High"
"E001463","FS0696","MAT000150","MaterialPlatform","TARGETS","CEL000002","TargetCell","EV001463","High"
"E001464","FS0696","MAT000150","MaterialPlatform","USES","DES000006","DesignMode","EV001464","High"
"E001465","FS0696","MAT000150","MaterialPlatform","VALIDATED_AT","VAL000001","ValidationStage","EV001465","High"
"E001466","FS0696","MAT000150","MaterialPlatform","VALIDATED_AT","VAL000005","ValidationStage","EV001466","High"
"E001467","FS0701","MAT000041","MaterialPlatform","USES","DES000012","DesignMode","EV001467","High"
"E001468","FS0701","MAT000041","MaterialPlatform","VALIDATED_AT","VAL000001","ValidationStage","EV001468","High"
"E001469","FS0704","MAT000211","MaterialPlatform","COMPOSED_OF","COM000109","MaterialComposition","EV001469","Medium"
"E001470","FS0704","MAT000211","MaterialPlatform","FABRICATED_BY","FAB000034","FabricationStrategy","EV001470","High"
"E001471","FS0704","MAT000211","MaterialPlatform","PROMOTES","REG000006","RegenerativeEndpoint","EV001471","Medium"
"E001472","FS0704","MAT000211","MaterialPlatform","RESPONDS_TO","STI000006","Stimulus","EV001472","High"
"E001473","FS0704","MAT000211","MaterialPlatform","TARGETS","CEL000010","TargetCell","EV001473","High"
"E001474","FS0704","MAT000211","MaterialPlatform","USES","DES000006","DesignMode","EV001474","High"
"E001475","FS0704","MAT000211","MaterialPlatform","VALIDATED_AT","VAL000001","ValidationStage","EV001475","High"
"E001476","FS0704","MAT000211","MaterialPlatform","VALIDATED_AT","VAL000005","ValidationStage","EV001476","High"
"E001477","FS0705","MAT000037","MaterialPlatform","TARGETS","CEL000007","TargetCell","EV001477","High"
"E001478","FS0705","MAT000037","MaterialPlatform","VALIDATED_AT","VAL000001","ValidationStage","EV001478","High"
"E001479","FS0709","MAT000040","MaterialPlatform","COMPOSED_OF","COM000017","MaterialComposition","EV001479","Medium"
"E001480","FS0709","MAT000040","MaterialPlatform","COMPOSED_OF","COM000063","MaterialComposition","EV001480","Medium"
"E001481","FS0709","MAT000040","MaterialPlatform","MODULATES","MEC000019","Mechanism","EV001481","Medium"
"E001482","FS0709","MAT000040","MaterialPlatform","PROMOTES","REG000010","RegenerativeEndpoint","EV001482","High"
"E001483","FS0709","MAT000040","MaterialPlatform","TARGETS","CEL000008","TargetCell","EV001483","Medium"
"E001484","FS0709","MAT000040","MaterialPlatform","VALIDATED_AT","VAL000005","ValidationStage","EV001484","High"
"E001485","FS0720","MAT000246","MaterialPlatform","PROMOTES","REG000003","RegenerativeEndpoint","EV001485","High"
"E001486","FS0720","MAT000246","MaterialPlatform","TARGETS","CEL000008","TargetCell","EV001486","High"
"E001487","FS0720","MAT000246","MaterialPlatform","USES","DES000006","DesignMode","EV001487","High"
"E001488","FS0720","MAT000246","MaterialPlatform","VALIDATED_AT","VAL000001","ValidationStage","EV001488","High"
"E001489","FS0726","MAT000055","MaterialPlatform","COMPOSED_OF","COM000025","MaterialComposition","EV001489","Medium"
"E001490","FS0726","MAT000055","MaterialPlatform","COMPOSED_OF","COM000184","MaterialComposition","EV001490","High"
"E001491","FS0726","MAT000055","MaterialPlatform","FABRICATED_BY","FAB000012","FabricationStrategy","EV001491","High"
"E001492","FS0726","MAT000055","MaterialPlatform","FABRICATED_BY","FAB000019","FabricationStrategy","EV001492","High"
"E001493","FS0726","MAT000055","MaterialPlatform","RELEASES","CAR000015","TherapeuticCargo","EV001493","Medium"
"E001494","FS0726","MAT000055","MaterialPlatform","TARGETS","CEL000008","TargetCell","EV001494","High"
"E001495","FS0726","MAT000055","MaterialPlatform","USES","DES000005","DesignMode","EV001495","High"
"E001496","FS0726","MAT000055","MaterialPlatform","VALIDATED_AT","VAL000001","ValidationStage","EV001496","High"
"E001498","FS0729","MAT000076","MaterialPlatform","TARGETS","CEL000004","TargetCell","EV001498","High"
"E001499","FS0729","MAT000076","MaterialPlatform","TARGETS","CEL000013","TargetCell","EV001499","High"
"E001500","FS0729","MAT000076","MaterialPlatform","VALIDATED_AT","VAL000001","ValidationStage","EV001500","High"
"E001501","FS0731","MAT000275","MaterialPlatform","COMPOSED_OF","COM000036","MaterialComposition","EV001501","Medium"
"E001502","FS0731","MAT000275","MaterialPlatform","FABRICATED_BY","FAB000008","FabricationStrategy","EV001502","High"
"E001503","FS0731","MAT000275","MaterialPlatform","USES","DES000015","DesignMode","EV001503","High"
"E001504","FS0731","MAT000275","MaterialPlatform","VALIDATED_AT","VAL000001","ValidationStage","EV001504","High"
"E001505","FS0738","MAT000088","MaterialPlatform","COMPOSED_OF","COM000045","MaterialComposition","EV001505","High"
"E001506","FS0738","MAT000088","MaterialPlatform","FABRICATED_BY","FAB000001","FabricationStrategy","EV001506","High"
"E001507","FS0738","MAT000088","MaterialPlatform","FABRICATED_BY","FAB000035","FabricationStrategy","EV001507","High"
"E001508","FS0738","MAT000088","MaterialPlatform","MODULATES","MEC000003","Mechanism","EV001508","Low"
"E001509","FS0738","MAT000088","MaterialPlatform","PROMOTES","REG000007","RegenerativeEndpoint","EV001509","High"
"E001510","FS0738","MAT000088","MaterialPlatform","TARGETS","CEL000008","TargetCell","EV001510","High"
"E001511","FS0738","MAT000088","MaterialPlatform","USES","DES000006","DesignMode","EV001511","High"
"E001512","FS0738","MAT000088","MaterialPlatform","VALIDATED_AT","VAL000001","ValidationStage","EV001512","High"
"E001513","FS0738","MAT000088","MaterialPlatform","VALIDATED_AT","VAL000005","ValidationStage","EV001513","High"
"E001514","FS0761","MAT000148","MaterialPlatform","COMPOSED_OF","COM000094","MaterialComposition","EV001514","High"
"E001515","FS0761","MAT000148","MaterialPlatform","FABRICATED_BY","FAB000008","FabricationStrategy","EV001515","Medium"
"E001516","FS0761","MAT000148","MaterialPlatform","TARGETS","CEL000004","TargetCell","EV001516","High"
"E001517","FS0761","MAT000148","MaterialPlatform","USES","DES000015","DesignMode","EV001517","High"
"E001518","FS0765","MAT000014","MaterialPlatform","MODULATES","MEC000003","Mechanism","EV001518","Low"
"E001519","FS0765","MAT000014","MaterialPlatform","PROMOTES","REG000003","RegenerativeEndpoint","EV001519","High"
"E001520","FS0765","MAT000014","MaterialPlatform","TARGETS","CEL000002","TargetCell","EV001520","High"
"E001521","FS0765","MAT000014","MaterialPlatform","TARGETS","CEL000013","TargetCell","EV001521","High"
"E001522","FS0765","MAT000014","MaterialPlatform","VALIDATED_AT","VAL000001","ValidationStage","EV001522","High"
"E001523","FS0765","MAT000014","MaterialPlatform","VALIDATED_AT","VAL000005","ValidationStage","EV001523","High"
"E001524","FS0770","MAT000206","MaterialPlatform","USES","DES000012","DesignMode","EV001524","Medium"
"E001525","FS0770","MAT000206","MaterialPlatform","VALIDATED_AT","VAL000001","ValidationStage","EV001525","High"
"E001526","FS0776","MAT000192","MaterialPlatform","COMPOSED_OF","COM000085","MaterialComposition","EV001526","High"
"E001527","FS0776","MAT000192","MaterialPlatform","DELIVERS","CAR000040","TherapeuticCargo","EV001527","Medium"
"E001528","FS0776","MAT000192","MaterialPlatform","FABRICATED_BY","FAB000012","FabricationStrategy","EV001528","High"
"E001529","FS0776","MAT000192","MaterialPlatform","TARGETS","CEL000008","TargetCell","EV001529","High"
"E001530","FS0776","MAT000192","MaterialPlatform","USES","DES000005","DesignMode","EV001530","High"
"E001531","FS0776","MAT000192","MaterialPlatform","USES","DES000012","DesignMode","EV001531","High"
"E001532","FS0776","MAT000192","MaterialPlatform","VALIDATED_AT","VAL000001","ValidationStage","EV001532","High"
"E001533","FS0783","MAT000032","MaterialPlatform","MODULATES","MEC000016","Mechanism","EV001533","Medium"
"E001534","FS0783","MAT000032","MaterialPlatform","PROMOTES","REG000012","RegenerativeEndpoint","EV001534","High"
"E001535","FS0783","MAT000032","MaterialPlatform","TARGETS","CEL000004","TargetCell","EV001535","Medium"
"E001536","FS0788","MAT000230","MaterialPlatform","MODULATES","MEC000015","Mechanism","EV001536","Low"
"E001537","FS0788","MAT000230","MaterialPlatform","TARGETS","CEL000008","TargetCell","EV001537","High"
"E001538","FS0788","MAT000230","MaterialPlatform","TARGETS","CEL000011","TargetCell","EV001538","High"
"E001539","FS0788","MAT000230","MaterialPlatform","VALIDATED_AT","VAL000005","ValidationStage","EV001539","High"
"E001540","FS0795","MAT000270","MaterialPlatform","DELIVERS","CAR000053","TherapeuticCargo","EV001540","High"
"E001541","FS0795","MAT000270","MaterialPlatform","TARGETS","CEL000003","TargetCell","EV001541","High"
"E001542","FS0795","MAT000270","MaterialPlatform","VALIDATED_AT","VAL000001","ValidationStage","EV001542","High"
"E001543","FS0795","MAT000270","MaterialPlatform","VALIDATED_AT","VAL000003","ValidationStage","EV001543","High"
"E001544","FS0796","MAT000126","MaterialPlatform","RELEASES","CAR000034","TherapeuticCargo","EV001544","High"
"E001545","FS0796","MAT000126","MaterialPlatform","TARGETS","CEL000008","TargetCell","EV001545","Medium"
"E001546","FS0796","MAT000126","MaterialPlatform","USES","DES000012","DesignMode","EV001546","High"
"E001547","FS0796","MAT000126","MaterialPlatform","VALIDATED_AT","VAL000001","ValidationStage","EV001547","High"
"E001548","FS0796","MAT000126","MaterialPlatform","VALIDATED_AT","VAL000005","ValidationStage","EV001548","High"
"E001549","FS0797","MAT000036","MaterialPlatform","FABRICATED_BY","FAB000008","FabricationStrategy","EV001549","High"
"E001550","FS0797","MAT000036","MaterialPlatform","PROMOTES","REG000009","RegenerativeEndpoint","EV001550","Medium"
"E001551","FS0797","MAT000036","MaterialPlatform","TARGETS","CEL000008","TargetCell","EV001551","High"
"E001552","FS0797","MAT000036","MaterialPlatform","VALIDATED_AT","VAL000001","ValidationStage","EV001552","High"
"E001554","FS0809","MAT000108","MaterialPlatform","TARGETS","CEL000002","TargetCell","EV001554","High"
"E001555","FS0809","MAT000108","MaterialPlatform","USES","DES000015","DesignMode","EV001555","High"
"E001556","FS0809","MAT000108","MaterialPlatform","VALIDATED_AT","VAL000001","ValidationStage","EV001556","High"
"E001557","FS0810","MAT000016","MaterialPlatform","COMPOSED_OF","COM000026","MaterialComposition","EV001557","High"
"E001558","FS0810","MAT000016","MaterialPlatform","COMPOSED_OF","COM000046","MaterialComposition","EV001558","High"
"E001559","FS0810","MAT000016","MaterialPlatform","COMPOSED_OF","COM000048","MaterialComposition","EV001559","High"
"E001560","FS0810","MAT000016","MaterialPlatform","DELIVERS","CAR000016","TherapeuticCargo","EV001560","High"
"E001561","FS0810","MAT000016","MaterialPlatform","DELIVERS","CAR000028","TherapeuticCargo","EV001561","High"
"E001562","FS0810","MAT000016","MaterialPlatform","DELIVERS","CAR000037","TherapeuticCargo","EV001562","High"
"E001563","FS0810","MAT000016","MaterialPlatform","PROMOTES","REG000012","RegenerativeEndpoint","EV001563","High"
"E001564","FS0810","MAT000016","MaterialPlatform","RELEASES","CAR000013","TherapeuticCargo","EV001564","High"
"E001565","FS0810","MAT000016","MaterialPlatform","RELEASES","CAR000016","TherapeuticCargo","EV001565","High"
"E001566","FS0810","MAT000016","MaterialPlatform","RELEASES","CAR000028","TherapeuticCargo","EV001566","High"
"E001567","FS0810","MAT000016","MaterialPlatform","RELEASES","CAR000037","TherapeuticCargo","EV001567","High"
"E001568","FS0810","MAT000016","MaterialPlatform","TARGETS","CEL000008","TargetCell","EV001568","High"
"E001569","FS0810","MAT000016","MaterialPlatform","USES","DES000013","DesignMode","EV001569","High"
"E001570","FS0810","MAT000016","MaterialPlatform","VALIDATED_AT","VAL000005","ValidationStage","EV001570","High"
"E001571","FS0816","MAT000044","MaterialPlatform","PROMOTES","REG000003","RegenerativeEndpoint","EV001571","Medium"
"E001572","FS0816","MAT000044","MaterialPlatform","TARGETS","CEL000002","TargetCell","EV001572","Medium"
"E001573","FS0816","MAT000044","MaterialPlatform","TARGETS","CEL000008","TargetCell","EV001573","Medium"
"E001574","FS0816","MAT000044","MaterialPlatform","VALIDATED_AT","VAL000005","ValidationStage","EV001574","Medium"
"E001575","FS0821","MAT000188","MaterialPlatform","TARGETS","CEL000004","TargetCell","EV001575","High"
"E001576","FS0821","MAT000188","MaterialPlatform","TARGETS","CEL000013","TargetCell","EV001576","High"
"E001577","FS0834","MAT000172","MaterialPlatform","COMPOSED_OF","COM000086","MaterialComposition","EV001577","Medium"
"E001578","FS0834","MAT000172","MaterialPlatform","COMPOSED_OF","COM000179","MaterialComposition","EV001578","Medium"
"E001579","FS0834","MAT000172","MaterialPlatform","FABRICATED_BY","FAB000019","FabricationStrategy","EV001579","Medium"
"E001580","FS0834","MAT000172","MaterialPlatform","FABRICATED_BY","FAB000039","FabricationStrategy","EV001580","Medium"
"E001581","FS0834","MAT000172","MaterialPlatform","PROMOTES","REG000001","RegenerativeEndpoint","EV001581","Medium"
"E001582","FS0834","MAT000172","MaterialPlatform","TARGETS","CEL000008","TargetCell","EV001582","Medium"
"E001583","FS0834","MAT000172","MaterialPlatform","USES","DES000004","DesignMode","EV001583","Medium"
"E001584","FS0834","MAT000172","MaterialPlatform","VALIDATED_AT","VAL000001","ValidationStage","EV001584","Medium"
"E001585","FS0834","MAT000172","MaterialPlatform","VALIDATED_AT","VAL000005","ValidationStage","EV001585","Medium"
"E001586","FS0838","MAT000232","MaterialPlatform","FABRICATED_BY","FAB000039","FabricationStrategy","EV001586","High"
"E001587","FS0838","MAT000232","MaterialPlatform","TARGETS","CEL000013","TargetCell","EV001587","High"
"E001588","FS0838","MAT000232","MaterialPlatform","USES","DES000015","DesignMode","EV001588","High"
"E001589","FS0838","MAT000232","MaterialPlatform","VALIDATED_AT","VAL000001","ValidationStage","EV001589","High"
"E001590","FS0838","MAT000232","MaterialPlatform","VALIDATED_AT","VAL000005","ValidationStage","EV001590","High"
"E001591","FS0842","MAT000225","MaterialPlatform","COMPOSED_OF","COM000132","MaterialComposition","EV001591","High"
"E001592","FS0842","MAT000225","MaterialPlatform","COMPOSED_OF","COM000134","MaterialComposition","EV001592","High"
"E001593","FS0842","MAT000225","MaterialPlatform","COMPOSED_OF","COM000149","MaterialComposition","EV001593","High"
"E001594","FS0842","MAT000225","MaterialPlatform","TARGETS","CEL000008","TargetCell","EV001594","High"
"E001595","FS0842","MAT000225","MaterialPlatform","VALIDATED_AT","VAL000001","ValidationStage","EV001595","High"
"E001596","FS0843","MAT000072","MaterialPlatform","FABRICATED_BY","FAB000008","FabricationStrategy","EV001596","High"
"E001597","FS0843","MAT000072","MaterialPlatform","MODULATES","MEC000016","Mechanism","EV001597","High"
"E001598","FS0843","MAT000072","MaterialPlatform","TARGETS","CEL000010","TargetCell","EV001598","High"
"E001599","FS0843","MAT000072","MaterialPlatform","USES","DES000006","DesignMode","EV001599","High"
"E001600","FS0843","MAT000072","MaterialPlatform","VALIDATED_AT","VAL000001","ValidationStage","EV001600","High"
"E001601","FS0843","MAT000072","MaterialPlatform","VALIDATED_AT","VAL000002","ValidationStage","EV001601","High"
"E001602","FS0843","MAT000072","MaterialPlatform","VALIDATED_AT","VAL000005","ValidationStage","EV001602","High"
"E001603","FS0866","MAT000132","MaterialPlatform","FABRICATED_BY","FAB000019","FabricationStrategy","EV001603","High"
"E001604","FS0866","MAT000132","MaterialPlatform","TARGETS","CEL000013","TargetCell","EV001604","High"
"E001605","FS0866","MAT000132","MaterialPlatform","VALIDATED_AT","VAL000001","ValidationStage","EV001605","High"
"E001606","FS0879","MAT000279","MaterialPlatform","TARGETS","CEL000008","TargetCell","EV001606","Medium"
"E001607","FS0879","MAT000279","MaterialPlatform","USES","DES000006","DesignMode","EV001607","High"
"E001608","FS0879","MAT000279","MaterialPlatform","VALIDATED_AT","VAL000001","ValidationStage","EV001608","High"
"E001609","FS0879","MAT000279","MaterialPlatform","VALIDATED_AT","VAL000005","ValidationStage","EV001609","High"
"E001610","FS0882","MAT000264","MaterialPlatform","FABRICATED_BY","FAB000014","FabricationStrategy","EV001610","High"
"E001611","FS0882","MAT000264","MaterialPlatform","MODULATES","MEC000019","Mechanism","EV001611","High"
"E001612","FS0882","MAT000264","MaterialPlatform","TARGETS","CEL000008","TargetCell","EV001612","High"
"E001613","FS0882","MAT000264","MaterialPlatform","USES","DES000006","DesignMode","EV001613","High"
"E001614","FS0882","MAT000264","MaterialPlatform","VALIDATED_AT","VAL000001","ValidationStage","EV001614","High"
"E001615","FS0882","MAT000264","MaterialPlatform","VALIDATED_AT","VAL000005","ValidationStage","EV001615","High"
"E001616","FS0885","MAT000109","MaterialPlatform","FABRICATED_BY","FAB000015","FabricationStrategy","EV001616","Medium"
"E001617","FS0885","MAT000109","MaterialPlatform","PROMOTES","REG000009","RegenerativeEndpoint","EV001617","Medium"
"E001618","FS0885","MAT000109","MaterialPlatform","TARGETS","CEL000004","TargetCell","EV001618","High"
"E001619","FS0885","MAT000109","MaterialPlatform","VALIDATED_AT","VAL000001","ValidationStage","EV001619","High"
"E001620","FS0887","MAT000219","MaterialPlatform","DELIVERS","CAR000053","TherapeuticCargo","EV001620","High"
"E001621","FS0887","MAT000219","MaterialPlatform","RELEASES","CAR000053","TherapeuticCargo","EV001621","High"
"E001622","FS0905","MAT000053","MaterialPlatform","COMPOSED_OF","COM000005","MaterialComposition","EV001622","Medium"
"E001623","FS0905","MAT000053","MaterialPlatform","COMPOSED_OF","COM000043","MaterialComposition","EV001623","Medium"
"E001624","FS0905","MAT000053","MaterialPlatform","COMPOSED_OF","COM000113","MaterialComposition","EV001624","Medium"
"E001625","FS0905","MAT000053","MaterialPlatform","RELEASES","CAR000015","TherapeuticCargo","EV001625","Medium"
"E001626","FS0905","MAT000053","MaterialPlatform","USES","DES000005","DesignMode","EV001626","High"
"E001627","FS0905","MAT000053","MaterialPlatform","VALIDATED_AT","VAL000001","ValidationStage","EV001627","High"
"E001628","FS0912","MAT000060","MaterialPlatform","MODULATES","MEC000015","Mechanism","EV001628","Medium"
"E001629","FS0912","MAT000060","MaterialPlatform","TARGETS","CEL000008","TargetCell","EV001629","High"
"E001630","FS0912","MAT000060","MaterialPlatform","TARGETS","CEL000013","TargetCell","EV001630","Medium"
"E001631","FS0912","MAT000060","MaterialPlatform","VALIDATED_AT","VAL000001","ValidationStage","EV001631","High"
"E001632","FS0912","MAT000060","MaterialPlatform","VALIDATED_AT","VAL000003","ValidationStage","EV001632","Medium"
"E001633","FS0913","MAT000091","MaterialPlatform","COMPOSED_OF","COM000069","MaterialComposition","EV001633","Medium"
"E001634","FS0913","MAT000091","MaterialPlatform","MODULATES","MEC000019","Mechanism","EV001634","High"
"E001635","FS0913","MAT000091","MaterialPlatform","PROMOTES","REG000006","RegenerativeEndpoint","EV001635","Medium"
"E001636","FS0913","MAT000091","MaterialPlatform","TARGETS","CEL000008","TargetCell","EV001636","Medium"
"E001637","FS0913","MAT000091","MaterialPlatform","TARGETS","CEL000010","TargetCell","EV001637","Medium"
"E001638","FS0913","MAT000091","MaterialPlatform","USES","DES000006","DesignMode","EV001638","Medium"
"E001639","FS0913","MAT000091","MaterialPlatform","VALIDATED_AT","VAL000001","ValidationStage","EV001639","Medium"
"E001640","FS0913","MAT000091","MaterialPlatform","VALIDATED_AT","VAL000005","ValidationStage","EV001640","Medium"
"E001641","FS0916","MAT000104","MaterialPlatform","DELIVERS","CAR000030","TherapeuticCargo","EV001641","Medium"
"E001642","FS0916","MAT000104","MaterialPlatform","FABRICATED_BY","FAB000012","FabricationStrategy","EV001642","Medium"
"E001643","FS0916","MAT000104","MaterialPlatform","MODULATES","MEC000019","Mechanism","EV001643","Low"
"E001644","FS0916","MAT000104","MaterialPlatform","RELEASES","CAR000030","TherapeuticCargo","EV001644","High"
"E001645","FS0916","MAT000104","MaterialPlatform","TARGETS","CEL000008","TargetCell","EV001645","Medium"
"E001646","FS0916","MAT000104","MaterialPlatform","TARGETS","CEL000013","TargetCell","EV001646","Medium"
"E001647","FS0916","MAT000104","MaterialPlatform","VALIDATED_AT","VAL000001","ValidationStage","EV001647","Medium"
"E001648","FS0927","MAT000107","MaterialPlatform","COMPOSED_OF","COM000062","MaterialComposition","EV001648","High"
"E001649","FS0927","MAT000107","MaterialPlatform","TARGETS","CEL000004","TargetCell","EV001649","High"
"E001650","FS0927","MAT000107","MaterialPlatform","VALIDATED_AT","VAL000001","ValidationStage","EV001650","High"
"E001651","FS0927","MAT000107","MaterialPlatform","VALIDATED_AT","VAL000003","ValidationStage","EV001651","High"
"E001652","FS0927","MAT000107","MaterialPlatform","VALIDATED_AT","VAL000005","ValidationStage","EV001652","High"
"E001653","FS0928","MAT000010","MaterialPlatform","COMPOSED_OF","COM000088","MaterialComposition","EV001653","High"
"E001654","FS0928","MAT000010","MaterialPlatform","COMPOSED_OF","COM000166","MaterialComposition","EV001654","High"
"E001655","FS0928","MAT000010","MaterialPlatform","PROMOTES","REG000003","RegenerativeEndpoint","EV001655","High"
"E001656","FS0928","MAT000010","MaterialPlatform","TARGETS","CEL000002","TargetCell","EV001656","High"
"E001657","FS0928","MAT000010","MaterialPlatform","USES","DES000006","DesignMode","EV001657","High"
"E001658","FS0928","MAT000010","MaterialPlatform","VALIDATED_AT","VAL000001","ValidationStage","EV001658","High"
"E001660","FS0928","MAT000010","MaterialPlatform","VALIDATED_AT","VAL000005","ValidationStage","EV001660","High"
"E001661","FS0932","MAT000160","MaterialPlatform","TARGETS","CEL000003","TargetCell","EV001661","High"
"E001662","FS0932","MAT000160","MaterialPlatform","VALIDATED_AT","VAL000001","ValidationStage","EV001662","High"
"E001663","FS0956","MAT000102","MaterialPlatform","COMPOSED_OF","COM000061","MaterialComposition","EV001663","Medium"
"E001664","FS0956","MAT000102","MaterialPlatform","COMPOSED_OF","COM000157","MaterialComposition","EV001664","High"
"E001665","FS0956","MAT000102","MaterialPlatform","DELIVERS","CAR000030","TherapeuticCargo","EV001665","Medium"
"E001666","FS0956","MAT000102","MaterialPlatform","FABRICATED_BY","FAB000017","FabricationStrategy","EV001666","High"
"E001667","FS0956","MAT000102","MaterialPlatform","FABRICATED_BY","FAB000040","FabricationStrategy","EV001667","High"
"E001668","FS0956","MAT000102","MaterialPlatform","TARGETS","CEL000008","TargetCell","EV001668","High"
"E001669","FS0956","MAT000102","MaterialPlatform","USES","DES000015","DesignMode","EV001669","High"
"E001670","FS0956","MAT000102","MaterialPlatform","VALIDATED_AT","VAL000001","ValidationStage","EV001670","High"
"E001671","FS0970","MAT000231","MaterialPlatform","FABRICATED_BY","FAB000039","FabricationStrategy","EV001671","High"
"E001672","FS0970","MAT000231","MaterialPlatform","PROMOTES","REG000001","RegenerativeEndpoint","EV001672","High"
"E001673","FS0970","MAT000231","MaterialPlatform","USES","DES000004","DesignMode","EV001673","High"
"E001674","FS0970","MAT000231","MaterialPlatform","VALIDATED_AT","VAL000001","ValidationStage","EV001674","Medium"
"E001675","FS0970","MAT000231","MaterialPlatform","VALIDATED_AT","VAL000005","ValidationStage","EV001675","High"
"E001676","FS1020","MAT000251","MaterialPlatform","COMPOSED_OF","COM000163","MaterialComposition","EV001676","Medium"
"E001677","FS1020","MAT000251","MaterialPlatform","FABRICATED_BY","FAB000035","FabricationStrategy","EV001677","High"
"E001678","FS1020","MAT000251","MaterialPlatform","MODULATES","MEC000002","Mechanism","EV001678","Medium"
"E001679","FS1020","MAT000251","MaterialPlatform","TARGETS","CEL000003","TargetCell","EV001679","High"
"E001680","FS1020","MAT000251","MaterialPlatform","VALIDATED_AT","VAL000001","ValidationStage","EV001680","High"
"E001681","FS1020","MAT000251","MaterialPlatform","VALIDATED_AT","VAL000003","ValidationStage","EV001681","High"
"E001682","FS1021","MAT000112","MaterialPlatform","MODULATES","MEC000022","Mechanism","EV001682","Medium"
"E001683","FS1021","MAT000112","MaterialPlatform","USES","DES000006","DesignMode","EV001683","High"
"E001684","FS1021","MAT000112","MaterialPlatform","VALIDATED_AT","VAL000001","ValidationStage","EV001684","High"
"E001685","FS1040","MAT000098","MaterialPlatform","DELIVERS","CAR000029","TherapeuticCargo","EV001685","High"
"E001686","FS1040","MAT000098","MaterialPlatform","PROMOTES","REG000001","RegenerativeEndpoint","EV001686","High"
"E001687","FS1040","MAT000098","MaterialPlatform","RELEASES","CAR000029","TherapeuticCargo","EV001687","High"
"E001688","FS1040","MAT000098","MaterialPlatform","TARGETS","CEL000003","TargetCell","EV001688","High"
"E001689","FS1040","MAT000098","MaterialPlatform","TARGETS","CEL000004","TargetCell","EV001689","High"
"E001690","FS1040","MAT000098","MaterialPlatform","TARGETS","CEL000007","TargetCell","EV001690","High"
"E001691","FS1040","MAT000098","MaterialPlatform","USES","DES000011","DesignMode","EV001691","High"
"E001692","FS1040","MAT000098","MaterialPlatform","VALIDATED_AT","VAL000001","ValidationStage","EV001692","High"
"E001693","FS1040","MAT000098","MaterialPlatform","VALIDATED_AT","VAL000003","ValidationStage","EV001693","High"
"E001694","FS1040","MAT000098","MaterialPlatform","VALIDATED_AT","VAL000005","ValidationStage","EV001694","High"
"E001695","FS1052","MAT000065","MaterialPlatform","COMPOSED_OF","COM000064","MaterialComposition","EV001695","High"
"E001696","FS1052","MAT000065","MaterialPlatform","COMPOSED_OF","COM000122","MaterialComposition","EV001696","High"
"E001697","FS1052","MAT000065","MaterialPlatform","FABRICATED_BY","FAB000039","FabricationStrategy","EV001697","High"
"E001698","FS1052","MAT000065","MaterialPlatform","MODULATES","MEC000013","Mechanism","EV001698","Medium"
"E001699","FS1052","MAT000065","MaterialPlatform","PROMOTES","REG000001","RegenerativeEndpoint","EV001699","High"
"E001700","FS1052","MAT000065","MaterialPlatform","TARGETS","CEL000003","TargetCell","EV001700","High"
"E001701","FS1052","MAT000065","MaterialPlatform","TARGETS","CEL000008","TargetCell","EV001701","High"
"E001702","FS1052","MAT000065","MaterialPlatform","USES","DES000012","DesignMode","EV001702","High"
"E001703","FS1052","MAT000065","MaterialPlatform","VALIDATED_AT","VAL000001","ValidationStage","EV001703","High"
"E001705","FS1052","MAT000065","MaterialPlatform","VALIDATED_AT","VAL000003","ValidationStage","EV001705","High"
"E001706","FS1052","MAT000065","MaterialPlatform","VALIDATED_AT","VAL000005","ValidationStage","EV001706","High"
"E001707","FS1054","MAT000106","MaterialPlatform","COMPOSED_OF","COM000055","MaterialComposition","EV001707","High"
"E001708","FS1054","MAT000106","MaterialPlatform","PROMOTES","REG000006","RegenerativeEndpoint","EV001708","High"
"E001709","FS1054","MAT000106","MaterialPlatform","TARGETS","CEL000010","TargetCell","EV001709","High"
"E001710","FS1054","MAT000106","MaterialPlatform","USES","DES000006","DesignMode","EV001710","High"
"E001711","FS1054","MAT000106","MaterialPlatform","VALIDATED_AT","VAL000001","ValidationStage","EV001711","High"
"E001712","FS1054","MAT000106","MaterialPlatform","VALIDATED_AT","VAL000002","ValidationStage","EV001712","High"
"E001713","FS1054","MAT000106","MaterialPlatform","VALIDATED_AT","VAL000005","ValidationStage","EV001713","High"
"E001714","FS0005","MAT000099","MaterialPlatform","VALIDATED_AT","VAL000001","ValidationStage","EV001714","High"
"E001715","FS0009","MAT000163","MaterialPlatform","RESPONDS_TO","STI000008","Stimulus","EV001715","High"
"E001716","FS0013","MAT000190","MaterialPlatform","VALIDATED_AT","VAL000005","ValidationStage","EV001716","High"
"E001717","FS0016","MAT000046","MaterialPlatform","VALIDATED_AT","VAL000001","ValidationStage","EV001717","Medium"
"E001718","FS0018","MAT000207","MaterialPlatform","VALIDATED_AT","VAL000005","ValidationStage","EV001718","High"
"E001719","FS0020","MAT000162","MaterialPlatform","RESPONDS_TO","STI000011","Stimulus","EV001719","High"
"E001720","FS0021","MAT000202","MaterialPlatform","VALIDATED_AT","VAL000005","ValidationStage","EV001720","High"
"E001721","FS0035","MAT000158","MaterialPlatform","VALIDATED_AT","VAL000005","ValidationStage","EV001721","High"
"E001722","FS0036","MAT000035","MaterialPlatform","VALIDATED_AT","VAL000005","ValidationStage","EV001722","High"
"E001723","FS0038","MAT000127","MaterialPlatform","RESPONDS_TO","STI000011","Stimulus","EV001723","High"
"E001724","FS0041","MAT000118","MaterialPlatform","VALIDATED_AT","VAL000006","ValidationStage","EV001724","High"
"E001725","FS0042","MAT000144","MaterialPlatform","VALIDATED_AT","VAL000001","ValidationStage","EV001725","Medium"
"E001726","FS0042","MAT000144","MaterialPlatform","VALIDATED_AT","VAL000005","ValidationStage","EV001726","Medium"
"E001727","FS0043","MAT000186","MaterialPlatform","VALIDATED_AT","VAL000005","ValidationStage","EV001727","High"
"E001728","FS0050","MAT000181","MaterialPlatform","VALIDATED_AT","VAL000001","ValidationStage","EV001728","High"
"E001729","FS0054","MAT000130","MaterialPlatform","VALIDATED_AT","VAL000005","ValidationStage","EV001729","High"
"E001730","FS0056","MAT000200","MaterialPlatform","RESPONDS_TO","STI000006","Stimulus","EV001730","High"
"E001731","FS0056","MAT000200","MaterialPlatform","VALIDATED_AT","VAL000005","ValidationStage","EV001731","High"
"E001732","FS0067","MAT000017","MaterialPlatform","VALIDATED_AT","VAL000001","ValidationStage","EV001732","High"
"E001733","FS0073","MAT000236","MaterialPlatform","RESPONDS_TO","STI000012","Stimulus","EV001733","High"
"E001734","FS0073","MAT000236","MaterialPlatform","VALIDATED_AT","VAL000005","ValidationStage","EV001734","High"
"E001735","FS0077","MAT000152","MaterialPlatform","VALIDATED_AT","VAL000001","ValidationStage","EV001735","High"
"E001736","FS0079","MAT000093","MaterialPlatform","VALIDATED_AT","VAL000001","ValidationStage","EV001736","High"
"E001737","FS0080","MAT000138","MaterialPlatform","VALIDATED_AT","VAL000001","ValidationStage","EV001737","High"
"E001738","FS0098","MAT000250","MaterialPlatform","VALIDATED_AT","VAL000006","ValidationStage","EV001738","High"
"E001739","FS0102","MAT000201","MaterialPlatform","VALIDATED_AT","VAL000005","ValidationStage","EV001739","High"
"E001740","FS0105","MAT000131","MaterialPlatform","RESPONDS_TO","STI000011","Stimulus","EV001740","High"
"E001741","FS0107","MAT000167","MaterialPlatform","VALIDATED_AT","VAL000005","ValidationStage","EV001741","High"
"E001742","FS0112","MAT000274","MaterialPlatform","VALIDATED_AT","VAL000001","ValidationStage","EV001742","High"
"E001744","FS0133","MAT000180","MaterialPlatform","RESPONDS_TO","STI000011","Stimulus","EV001744","High"
"E001745","FS0133","MAT000180","MaterialPlatform","RESPONDS_TO","STI000008","Stimulus","EV001745","High"
"E001746","FS0136","MAT000004","MaterialPlatform","VALIDATED_AT","VAL000005","ValidationStage","EV001746","High"
"E001747","FS0142","MAT000105","MaterialPlatform","RESPONDS_TO","STI000011","Stimulus","EV001747","High"
"E001748","FS0142","MAT000105","MaterialPlatform","VALIDATED_AT","VAL000005","ValidationStage","EV001748","High"
"E001749","FS0148","MAT000233","MaterialPlatform","RESPONDS_TO","STI000011","Stimulus","EV001749","High"
"E001750","FS0150","MAT000021","MaterialPlatform","VALIDATED_AT","VAL000005","ValidationStage","EV001750","High"
"E001751","FS0153","MAT000151","MaterialPlatform","VALIDATED_AT","VAL000005","ValidationStage","EV001751","High"
"E001752","FS0157","MAT000023","MaterialPlatform","VALIDATED_AT","VAL000005","ValidationStage","EV001752","High"
"E001753","FS0166","MAT000120","MaterialPlatform","RESPONDS_TO","STI000011","Stimulus","EV001753","High"
"E001754","FS0166","MAT000120","MaterialPlatform","VALIDATED_AT","VAL000005","ValidationStage","EV001754","High"
"E001755","FS0183","MAT000117","MaterialPlatform","RESPONDS_TO","STI000011","Stimulus","EV001755","High"
"E001756","FS0183","MAT000117","MaterialPlatform","VALIDATED_AT","VAL000005","ValidationStage","EV001756","High"
"E001757","FS0187","MAT000157","MaterialPlatform","VALIDATED_AT","VAL000005","ValidationStage","EV001757","High"
"E001758","FS0188","MAT000090","MaterialPlatform","VALIDATED_AT","VAL000001","ValidationStage","EV001758","Medium"
"E001759","FS0207","MAT000006","MaterialPlatform","VALIDATED_AT","VAL000001","ValidationStage","EV001759","High"
"E001760","FS0208","MAT000245","MaterialPlatform","VALIDATED_AT","VAL000003","ValidationStage","EV001760","High"
"E001761","FS0222","MAT000280","MaterialPlatform","VALIDATED_AT","VAL000006","ValidationStage","EV001761","High"
"E001762","FS0223","MAT000078","MaterialPlatform","VALIDATED_AT","VAL000005","ValidationStage","EV001762","High"
"E001763","FS0232","MAT000097","MaterialPlatform","RESPONDS_TO","STI000011","Stimulus","EV001763","High"
"E001764","FS0238","MAT000194","MaterialPlatform","VALIDATED_AT","VAL000005","ValidationStage","EV001764","High"
"E001766","FS0247","MAT000191","MaterialPlatform","VALIDATED_AT","VAL000005","ValidationStage","EV001766","High"
"E001767","FS0248","MAT000248","MaterialPlatform","RESPONDS_TO","STI000011","Stimulus","EV001767","High"
"E001768","FS0250","MAT000082","MaterialPlatform","VALIDATED_AT","VAL000005","ValidationStage","EV001768","High"
"E001769","FS0272","MAT000210","MaterialPlatform","VALIDATED_AT","VAL000001","ValidationStage","EV001769","Medium"
"E001771","FS0283","MAT000182","MaterialPlatform","VALIDATED_AT","VAL000005","ValidationStage","EV001771","High"
"E001772","FS0284","MAT000039","MaterialPlatform","VALIDATED_AT","VAL000005","ValidationStage","EV001772","High"
"E001773","FS0296","MAT000156","MaterialPlatform","RESPONDS_TO","STI000011","Stimulus","EV001773","High"
"E001774","FS0296","MAT000156","MaterialPlatform","VALIDATED_AT","VAL000001","ValidationStage","EV001774","High"
"E001775","FS0303","MAT000129","MaterialPlatform","VALIDATED_AT","VAL000005","ValidationStage","EV001775","High"
"E001777","FS0307","MAT000204","MaterialPlatform","VALIDATED_AT","VAL000001","ValidationStage","EV001777","Medium"
"E001778","FS0307","MAT000204","MaterialPlatform","VALIDATED_AT","VAL000005","ValidationStage","EV001778","High"
"E001780","FS0326","MAT000005","MaterialPlatform","VALIDATED_AT","VAL000001","ValidationStage","EV001780","High"
"E001781","FS0338","MAT000161","MaterialPlatform","VALIDATED_AT","VAL000001","ValidationStage","EV001781","High"
"E001782","FS0345","MAT000029","MaterialPlatform","VALIDATED_AT","VAL000001","ValidationStage","EV001782","Medium"
"E001783","FS0346","MAT000168","MaterialPlatform","RESPONDS_TO","STI000011","Stimulus","EV001783","High"
"E001784","FS0348","MAT000260","MaterialPlatform","VALIDATED_AT","VAL000001","ValidationStage","EV001784","Medium"
"E001785","FS0350","MAT000237","MaterialPlatform","VALIDATED_AT","VAL000001","ValidationStage","EV001785","Medium"
"E001786","FS0356","MAT000171","MaterialPlatform","RESPONDS_TO","STI000011","Stimulus","EV001786","High"
"E001787","FS0358","MAT000026","MaterialPlatform","VALIDATED_AT","VAL000003","ValidationStage","EV001787","High"
"E001788","FS0365","MAT000080","MaterialPlatform","VALIDATED_AT","VAL000005","ValidationStage","EV001788","High"
"E001789","FS0392","MAT000241","MaterialPlatform","RESPONDS_TO","STI000008","Stimulus","EV001789","Medium"
"E001790","FS0392","MAT000241","MaterialPlatform","VALIDATED_AT","VAL000005","ValidationStage","EV001790","High"
"E001791","FS0399","MAT000079","MaterialPlatform","RESPONDS_TO","STI000008","Stimulus","EV001791","High"
"E001792","FS0400","MAT000169","MaterialPlatform","VALIDATED_AT","VAL000001","ValidationStage","EV001792","High"
"E001793","FS0400","MAT000169","MaterialPlatform","VALIDATED_AT","VAL000005","ValidationStage","EV001793","High"
"E001794","FS0401","MAT000067","MaterialPlatform","VALIDATED_AT","VAL000005","ValidationStage","EV001794","High"
"E001795","FS0402","MAT000193","MaterialPlatform","RESPONDS_TO","STI000013","Stimulus","EV001795","High"
"E001796","FS0404","MAT000253","MaterialPlatform","VALIDATED_AT","VAL000001","ValidationStage","EV001796","High"
"E001797","FS0406","MAT000149","MaterialPlatform","RESPONDS_TO","STI000009","Stimulus","EV001797","High"
"E001798","FS0424","MAT000272","MaterialPlatform","VALIDATED_AT","VAL000001","ValidationStage","EV001798","High"
"E001799","FS0424","MAT000272","MaterialPlatform","VALIDATED_AT","VAL000005","ValidationStage","EV001799","High"
"E001800","FS0428","MAT000235","MaterialPlatform","RESPONDS_TO","STI000007","Stimulus","EV001800","High"
"E001801","FS0428","MAT000235","MaterialPlatform","VALIDATED_AT","VAL000005","ValidationStage","EV001801","High"
"E001802","FS0439","MAT000255","MaterialPlatform","VALIDATED_AT","VAL000005","ValidationStage","EV001802","High"
"E001803","FS0453","MAT000203","MaterialPlatform","VALIDATED_AT","VAL000003","ValidationStage","EV001803","High"
"E001804","FS0454","MAT000085","MaterialPlatform","VALIDATED_AT","VAL000005","ValidationStage","EV001804","High"
"E001805","FS0458","MAT000268","MaterialPlatform","VALIDATED_AT","VAL000001","ValidationStage","EV001805","Medium"
"E001806","FS0459","MAT000142","MaterialPlatform","VALIDATED_AT","VAL000005","ValidationStage","EV001806","High"
"E001807","FS0461","MAT000007","MaterialPlatform","VALIDATED_AT","VAL000005","ValidationStage","EV001807","Medium"
"E001808","FS0469","MAT000212","MaterialPlatform","VALIDATED_AT","VAL000005","ValidationStage","EV001808","High"
"E001809","FS0471","MAT000018","MaterialPlatform","VALIDATED_AT","VAL000001","ValidationStage","EV001809","Medium"
"E001810","FS0471","MAT000018","MaterialPlatform","VALIDATED_AT","VAL000005","ValidationStage","EV001810","Medium"
"E001811","FS0472","MAT000114","MaterialPlatform","RESPONDS_TO","STI000013","Stimulus","EV001811","High"
"E001812","FS0478","MAT000061","MaterialPlatform","VALIDATED_AT","VAL000003","ValidationStage","EV001812","High"
"E001813","FS0487","MAT000002","MaterialPlatform","RESPONDS_TO","STI000013","Stimulus","EV001813","High"
"E001814","FS0490","MAT000062","MaterialPlatform","RESPONDS_TO","STI000011","Stimulus","EV001814","High"
"E001815","FS0534","MAT000074","MaterialPlatform","VALIDATED_AT","VAL000001","ValidationStage","EV001815","High"
"E001816","FS0535","MAT000137","MaterialPlatform","VALIDATED_AT","VAL000003","ValidationStage","EV001816","High"
"E001817","FS0538","MAT000278","MaterialPlatform","RESPONDS_TO","STI000011","Stimulus","EV001817","High"
"E001818","FS0542","MAT000178","MaterialPlatform","VALIDATED_AT","VAL000005","ValidationStage","EV001818","High"
"E001819","FS0553","MAT000119","MaterialPlatform","VALIDATED_AT","VAL000005","ValidationStage","EV001819","High"
"E001820","FS0571","MAT000100","MaterialPlatform","VALIDATED_AT","VAL000005","ValidationStage","EV001820","High"
"E001821","FS0580","MAT000009","MaterialPlatform","VALIDATED_AT","VAL000001","ValidationStage","EV001821","High"
"E001822","FS0595","MAT000143","MaterialPlatform","VALIDATED_AT","VAL000003","ValidationStage","EV001822","High"
"E001823","FS0602","MAT000187","MaterialPlatform","VALIDATED_AT","VAL000001","ValidationStage","EV001823","Medium"
"E001824","FS0624","MAT000135","MaterialPlatform","VALIDATED_AT","VAL000001","ValidationStage","EV001824","High"
"E001825","FS0628","MAT000271","MaterialPlatform","VALIDATED_AT","VAL000003","ValidationStage","EV001825","High"
"E001826","FS0642","MAT000020","MaterialPlatform","VALIDATED_AT","VAL000001","ValidationStage","EV001826","High"
"E001827","FS0644","MAT000179","MaterialPlatform","VALIDATED_AT","VAL000001","ValidationStage","EV001827","Medium"
"E001828","FS0657","MAT000213","MaterialPlatform","RESPONDS_TO","STI000014","Stimulus","EV001828","High"
"E001829","FS0657","MAT000213","MaterialPlatform","VALIDATED_AT","VAL000001","ValidationStage","EV001829","High"
"E001830","FS0678","MAT000222","MaterialPlatform","VALIDATED_AT","VAL000003","ValidationStage","EV001830","High"
"E001832","FS0761","MAT000148","MaterialPlatform","VALIDATED_AT","VAL000001","ValidationStage","EV001832","High"
"E001833","FS0761","MAT000148","MaterialPlatform","VALIDATED_AT","VAL000003","ValidationStage","EV001833","High"
"E001834","FS0783","MAT000032","MaterialPlatform","VALIDATED_AT","VAL000001","ValidationStage","EV001834","Medium"
"E001835","FS0797","MAT000036","MaterialPlatform","VALIDATED_AT","VAL000003","ValidationStage","EV001835","High"
"E001836","FS0810","MAT000016","MaterialPlatform","RESPONDS_TO","STI000011","Stimulus","EV001836","High"
"E001837","FS0810","MAT000016","MaterialPlatform","VALIDATED_AT","VAL000001","ValidationStage","EV001837","High"
"E001838","FS0816","MAT000044","MaterialPlatform","VALIDATED_AT","VAL000001","ValidationStage","EV001838","Medium"
"E001839","FS0821","MAT000188","MaterialPlatform","VALIDATED_AT","VAL000001","ValidationStage","EV001839","Medium"
"E001840","FS0821","MAT000188","MaterialPlatform","VALIDATED_AT","VAL000005","ValidationStage","EV001840","High"
"E001841","FS0834","MAT000172","MaterialPlatform","RESPONDS_TO","STI000011","Stimulus","EV001841","Medium"
"E001842","FS0866","MAT000132","MaterialPlatform","VALIDATED_AT","VAL000005","ValidationStage","EV001842","High"
"E001843","FS0887","MAT000219","MaterialPlatform","VALIDATED_AT","VAL000005","ValidationStage","EV001843","High"
"E001844","FS1052","MAT000065","MaterialPlatform","RESPONDS_TO","STI000011","Stimulus","EV001844","High"
"E001845","FS0295","MAT000244","MaterialPlatform","COMPOSED_OF","COM000044","MaterialComposition","EV001845","High"
"E001846","FS0295","MAT000244","MaterialPlatform","COMPOSED_OF","COM000185","MaterialComposition","EV001846","High"
"E001847","FS0018","MAT000207","MaterialPlatform","RESPONDS_TO","STI000008","Stimulus","EV001847","High"
"E001848","FS0024","MAT000281","MaterialPlatform","VALIDATED_AT","VAL000001","ValidationStage","EV001848","Medium"
"E001849","FS0049","MAT000015","MaterialPlatform","VALIDATED_AT","VAL000005","ValidationStage","EV001849","High"
"E001850","FS0058","MAT000058","MaterialPlatform","VALIDATED_AT","VAL000001","ValidationStage","EV001850","Medium"
"E001851","FS0112","MAT000274","MaterialPlatform","RESPONDS_TO","STI000011","Stimulus","EV001851","High"
"E001852","FS0125","MAT000174","MaterialPlatform","VALIDATED_AT","VAL000005","ValidationStage","EV001852","High"
"E001853","FS0135","MAT000064","MaterialPlatform","RESPONDS_TO","STI000006","Stimulus","EV001853","High"
"E001854","FS0135","MAT000064","MaterialPlatform","VALIDATED_AT","VAL000001","ValidationStage","EV001854","High"
"E001855","FS0148","MAT000233","MaterialPlatform","VALIDATED_AT","VAL000001","ValidationStage","EV001855","High"
"E001856","FS0166","MAT000120","MaterialPlatform","VALIDATED_AT","VAL000001","ValidationStage","EV001856","Medium"
"E001857","FS0168","MAT000247","MaterialPlatform","VALIDATED_AT","VAL000003","ValidationStage","EV001857","High"
"E001858","FS0188","MAT000090","MaterialPlatform","VALIDATED_AT","VAL000006","ValidationStage","EV001858","High"
"E001859","FS0188","MAT000090","MaterialPlatform","VALIDATED_AT","VAL000005","ValidationStage","EV001859","High"
"E001860","FS0212","MAT000205","MaterialPlatform","VALIDATED_AT","VAL000005","ValidationStage","EV001860","High"
"E001861","FS0242","MAT000071","MaterialPlatform","VALIDATED_AT","VAL000001","ValidationStage","EV001861","Medium"
"E001862","FS0242","MAT000071","MaterialPlatform","VALIDATED_AT","VAL000005","ValidationStage","EV001862","High"
"E001863","FS0248","MAT000248","MaterialPlatform","RESPONDS_TO","STI000008","Stimulus","EV001863","High"
"E001864","FS0252","MAT000121","MaterialPlatform","VALIDATED_AT","VAL000005","ValidationStage","EV001864","Medium"
"E001865","FS0270","MAT000209","MaterialPlatform","RESPONDS_TO","STI000006","Stimulus","EV001865","High"
"E001866","FS0272","MAT000210","MaterialPlatform","VALIDATED_AT","VAL000003","ValidationStage","EV001866","High"
"E001867","FS0290","MAT000057","MaterialPlatform","VALIDATED_AT","VAL000002","ValidationStage","EV001867","Medium"
"E001868","FS0292","MAT000084","MaterialPlatform","VALIDATED_AT","VAL000001","ValidationStage","EV001868","High"
"E001869","FS0300","MAT000125","MaterialPlatform","VALIDATED_AT","VAL000005","ValidationStage","EV001869","High"
"E001870","FS0310","MAT000228","MaterialPlatform","VALIDATED_AT","VAL000001","ValidationStage","EV001870","Medium"
"E001871","FS0310","MAT000228","MaterialPlatform","VALIDATED_AT","VAL000003","ValidationStage","EV001871","High"
"E001872","FS0312","MAT000101","MaterialPlatform","RESPONDS_TO","STI000006","Stimulus","EV001872","High"
"E001873","FS0350","MAT000237","MaterialPlatform","VALIDATED_AT","VAL000002","ValidationStage","EV001873","Medium"
"E001874","FS0350","MAT000237","MaterialPlatform","VALIDATED_AT","VAL000005","ValidationStage","EV001874","High"
"E001875","FS0358","MAT000026","MaterialPlatform","VALIDATED_AT","VAL000001","ValidationStage","EV001875","Medium"
"E001876","FS0358","MAT000026","MaterialPlatform","VALIDATED_AT","VAL000005","ValidationStage","EV001876","High"
"E001877","FS0361","MAT000110","MaterialPlatform","RESPONDS_TO","STI000015","Stimulus","EV001877","High"
"E001878","FS0362","MAT000122","MaterialPlatform","VALIDATED_AT","VAL000005","ValidationStage","EV001878","High"
"E001879","FS0374","MAT000066","MaterialPlatform","VALIDATED_AT","VAL000005","ValidationStage","EV001879","High"
"E001880","FS0386","MAT000095","MaterialPlatform","VALIDATED_AT","VAL000005","ValidationStage","EV001880","High"
"E001881","FS0402","MAT000193","MaterialPlatform","RESPONDS_TO","STI000011","Stimulus","EV001881","High"
"E001882","FS0409","MAT000054","MaterialPlatform","VALIDATED_AT","VAL000005","ValidationStage","EV001882","Medium"
"E001883","FS0414","MAT000019","MaterialPlatform","VALIDATED_AT","VAL000003","ValidationStage","EV001883","Medium"
"E001884","FS0436","MAT000038","MaterialPlatform","VALIDATED_AT","VAL000005","ValidationStage","EV001884","High"
"E001885","FS0446","MAT000027","MaterialPlatform","VALIDATED_AT","VAL000005","ValidationStage","EV001885","High"
"E001886","FS0460","MAT000258","MaterialPlatform","VALIDATED_AT","VAL000005","ValidationStage","EV001886","High"
"E001887","FS0461","MAT000007","MaterialPlatform","RESPONDS_TO","STI000011","Stimulus","EV001887","Medium"
"E001888","FS0492","MAT000025","MaterialPlatform","VALIDATED_AT","VAL000001","ValidationStage","EV001888","Medium"
"E001889","FS0498","MAT000083","MaterialPlatform","VALIDATED_AT","VAL000005","ValidationStage","EV001889","Medium"
"E001890","FS0534","MAT000074","MaterialPlatform","RESPONDS_TO","STI000011","Stimulus","EV001890","High"
"E001891","FS0534","MAT000074","MaterialPlatform","RESPONDS_TO","STI000016","Stimulus","EV001891","High"
"E001892","FS0535","MAT000137","MaterialPlatform","VALIDATED_AT","VAL000001","ValidationStage","EV001892","High"
"E001893","FS0552","MAT000185","MaterialPlatform","VALIDATED_AT","VAL000003","ValidationStage","EV001893","High"
"E001894","FS0687","MAT000034","MaterialPlatform","VALIDATED_AT","VAL000001","ValidationStage","EV001894","High"
"E001895","FS0701","MAT000041","MaterialPlatform","VALIDATED_AT","VAL000003","ValidationStage","EV001895","Medium"
"E001896","FS0705","MAT000037","MaterialPlatform","VALIDATED_AT","VAL000005","ValidationStage","EV001896","High"
"E001897","FS0709","MAT000040","MaterialPlatform","VALIDATED_AT","VAL000001","ValidationStage","EV001897","High"
"E001898","FS0770","MAT000206","MaterialPlatform","VALIDATED_AT","VAL000005","ValidationStage","EV001898","High"
"E001899","FS0783","MAT000032","MaterialPlatform","VALIDATED_AT","VAL000005","ValidationStage","EV001899","Medium"
"E001900","FS0788","MAT000230","MaterialPlatform","VALIDATED_AT","VAL000001","ValidationStage","EV001900","Medium"
"E001901","FS0809","MAT000108","MaterialPlatform","VALIDATED_AT","VAL000003","ValidationStage","EV001901","High"
"E001902","FS0842","MAT000225","MaterialPlatform","VALIDATED_AT","VAL000003","ValidationStage","EV001902","High"
"E001903","FS0887","MAT000219","MaterialPlatform","VALIDATED_AT","VAL000001","ValidationStage","EV001903","High"
"E001904","FS0913","MAT000091","MaterialPlatform","RESPONDS_TO","STI000008","Stimulus","EV001904","Medium"
"E001905","FS0932","MAT000160","MaterialPlatform","VALIDATED_AT","VAL000003","ValidationStage","EV001905","Medium"
"E001906","FS1054","MAT000106","MaterialPlatform","RESPONDS_TO","STI000006","Stimulus","EV001906","High"
